frame,track_id,class_id,center_x,center_y,width,height,dt_frames,dt_seconds,dx,dy,vx,vy,speed_normalized,acceleration,displacement,direction_deg,motion_state
1,1,2,0.455517,0.421911,0.0207788,0.0366854,,,,,0.0,0.0,0.0,0.0,0.0,0.0,stationary
2,1,2,0.45566,0.422229,0.0208095,0.0367108,1.0,0.03333333333333333,0.00014300000000000423,0.00031800000000004047,0.004290000000000127,0.009540000000001214,0.010460195982868785,0.0,0.0003486731994289595,65.78723984700326,moving
3,1,2,0.455173,0.422854,0.0206058,0.0363247,1.0,0.03333333333333333,-0.0004870000000000152,0.0006249999999999867,-0.014610000000000456,0.0187499999999996,0.023770035759333605,0.3992951932939446,0.0007923345253111201,127.92572154309539,moving
4,1,2,0.454171,0.423622,0.021569,0.0379643,1.0,0.03333333333333333,-0.0010020000000000029,0.0007679999999999909,-0.030060000000000087,0.023039999999999727,0.037874070285618795,0.4231210357885557,0.0012624690095206265,142.53102383054386,fast
5,1,2,0.452464,0.424525,0.022271,0.0390833,1.0,0.03333333333333333,-0.001707000000000014,0.0009029999999999871,-0.05121000000000042,0.027089999999999614,0.057933860565303454,0.6017937083905398,0.001931128685510115,152.12123834638123,fast
6,1,2,0.451883,0.424871,0.0227045,0.0396392,1.0,0.03333333333333333,-0.0005809999999999982,0.00034600000000001296,-0.017429999999999946,0.010380000000000389,0.02028667789461858,-1.129415480120546,0.000676222596487286,149.22514593681797,moving
7,1,2,0.45161,0.425311,0.0232607,0.0405178,1.0,0.03333333333333333,-0.0002729999999999677,0.00043999999999999595,-0.008189999999999031,0.013199999999999878,0.015534352255565114,-0.142569769171604,0.0005178117418521705,121.81772114174396,moving
8,1,2,0.450483,0.425627,0.0232846,0.0406655,1.0,0.03333333333333333,-0.0011269999999999891,0.00031599999999998296,-0.033809999999999674,0.009479999999999489,0.03511390750115925,0.5873866573678242,0.0011704635833719751,164.33701264875458,fast
9,1,2,0.450021,0.426283,0.0238056,0.0417669,1.0,0.03333333333333333,-0.00046200000000001795,0.0006560000000000454,-0.013860000000000539,0.019680000000001363,0.02407077065654668,-0.33129410533837717,0.0008023590218848893,125.1558222667266,moving
10,1,2,0.449312,0.426515,0.0248587,0.0439921,1.0,0.03333333333333333,-0.0007090000000000152,0.00023199999999995446,-0.021270000000000455,0.006959999999998634,0.02237977881928238,-0.05072975511792897,0.0007459926273094128,161.88079411635022,moving
11,1,2,0.448973,0.427355,0.0260952,0.0466284,1.0,0.03333333333333333,-0.0003389999999999782,0.0008400000000000074,-0.010169999999999346,0.025200000000000222,0.027174784267772905,0.1438501634547157,0.0009058261422590968,111.97759521489081,moving
12,1,2,0.447947,0.431084,0.0245911,0.0438319,1.0,0.03333333333333333,-0.0010260000000000269,0.003729000000000038,-0.030780000000000807,0.11187000000000114,0.11602717483417539,2.6655717169920745,0.003867572494472513,105.38375041591632,fast
13,1,2,0.446856,0.433821,0.023169,0.0410505,1.0,0.03333333333333333,-0.0010910000000000086,0.0027369999999999894,-0.03273000000000026,0.08210999999999968,0.08839290129869007,-0.8290282060645597,0.002946430043289669,111.73280046823731,fast
14,1,2,0.44519,0.437488,0.0210707,0.036598,1.0,0.03333333333333333,-0.0016660000000000008,0.003666999999999976,-0.049980000000000024,0.11000999999999928,0.12083128940799996,0.9731516432792968,0.004027709646933332,114.43335905826945,fast
15,1,2,0.444383,0.439047,0.0210166,0.0358846,1.0,0.03333333333333333,-0.0008070000000000022,0.0015590000000000326,-0.024210000000000065,0.04677000000000098,0.05266457063339731,-2.0450015632380794,0.0017554856877799105,117.36786942926568,fast
16,1,2,0.443179,0.439092,0.0218744,0.0372498,1.0,0.03333333333333333,-0.0012039999999999829,4.499999999996174e-05,-0.036119999999999486,0.0013499999999988521,0.036145219600936994,-0.49558053097380944,0.0012048406533645664,177.8595427594655,fast
17,1,2,0.442598,0.440806,0.022156,0.0373124,1.0,0.03333333333333333,-0.0005809999999999982,0.0017139999999999933,-0.017429999999999946,0.0514199999999998,0.05429384219227791,0.5444586777402275,0.0018097947397425972,108.72527966068503,fast
18,1,2,0.441915,0.441627,0.0237977,0.0399673,1.0,0.03333333333333333,-0.0006829999999999892,0.0008210000000000162,-0.020489999999999675,0.024630000000000485,0.03203867974807967,-0.6676548733259473,0.0010679559916026557,129.75748688624174,fast
19,1,2,0.441578,0.441806,0.025398,0.0422151,1.0,0.03333333333333333,-0.0003369999999999762,0.00017899999999998473,-0.010109999999999286,0.005369999999999542,0.011447663517066732,-0.617730486930388,0.00038158878390222436,152.02466937223573,moving
20,1,2,0.441368,0.44203,0.0262522,0.0429754,1.0,0.03333333333333333,-0.00021000000000004349,0.00022400000000000198,-0.0063000000000013046,0.006720000000000059,0.009211319123774686,-0.06709033179876138,0.00030704397079248954,133.15238973401108,slow
21,1,2,0.440593,0.443749,0.026476,0.0429976,1.0,0.03333333333333333,-0.0007749999999999702,0.001719000000000026,-0.023249999999999105,0.05157000000000078,0.056568784678478284,1.420723966641108,0.001885626155949276,114.26792370831748,fast
22,1,2,0.439381,0.444626,0.0264056,0.0427337,1.0,0.03333333333333333,-0.0012119999999999909,0.0008770000000000167,-0.036359999999999726,0.0263100000000005,0.04488057152042525,-0.350646394741591,0.0014960190506808418,144.1106002619042,fast
23,1,2,0.438721,0.445429,0.0277326,0.0448265,1.0,0.03333333333333333,-0.0006599999999999939,0.0008029999999999982,-0.019799999999999818,0.024089999999999945,0.031182817383937425,-0.4109326240946348,0.0010394272461312474,129.41739424346872,fast
25,1,2,0.436882,0.447771,0.0299878,0.0478544,2.0,0.06666666666666667,-0.001839000000000035,0.0023419999999999552,-0.027585000000000526,0.03512999999999933,0.044665972786898774,0.20224733104442022,0.002977731519126585,128.13993529506052,fast
26,1,2,0.434551,0.448045,0.031718,0.0510057,1.0,0.03333333333333333,-0.002330999999999972,0.000274000000000052,-0.06992999999999916,0.00822000000000156,0.07041145716429896,0.7723645313220056,0.002347048572143299,173.29586781246064,fast
27,1,2,0.432176,0.452511,0.027953,0.0443396,1.0,0.03333333333333333,-0.002375000000000016,0.00446599999999997,-0.07125000000000048,0.1339799999999991,0.15174716768361718,2.4400713155795466,0.005058238922787239,118.00385729906463,fast
28,1,2,0.430366,0.456318,0.0267591,0.0422693,1.0,0.03333333333333333,-0.0018099999999999783,0.003807000000000005,-0.05429999999999935,0.11421000000000014,0.12646111694904472,-0.7585815220371739,0.004215370564968157,115.42828283312735,fast
29,1,2,0.428892,0.460158,0.025087,0.039108,1.0,0.03333333333333333,-0.0014740000000000308,0.00384000000000001,-0.044220000000000925,0.1152000000000003,0.12339549586593569,-0.09196863249327072,0.00411318319553119,110.99950719749057,fast
30,1,2,0.427852,0.46124,0.025523,0.03948,1.0,0.03333333333333333,-0.0010399999999999854,0.0010819999999999719,-0.03119999999999956,0.032459999999999156,0.04502323400201187,-2.3511678559177147,0.001500774466733729,133.86611282962156,fast
31,1,2,0.426477,0.463263,0.0256991,0.039773,1.0,0.03333333333333333,-0.001375000000000015,0.002022999999999997,-0.04125000000000045,0.06068999999999991,0.07338145951124185,0.8507467652768994,0.002446048650374728,124.20330547986293,fast
32,1,2,0.426326,0.463308,0.0275467,0.0430667,1.0,0.03333333333333333,-0.00015100000000001224,4.500000000001725e-05,-0.004530000000000367,0.0013500000000005175,0.004726880578140802,-2.0596373679930315,0.00015756268593802674,163.405246433466,slow
33,1,2,0.42502,0.464177,0.0269228,0.0421733,1.0,0.03333333333333333,-0.0013059999999999738,0.0008690000000000087,-0.039179999999999215,0.02607000000000026,0.047060783036408906,1.2700170737480432,0.001568692767880297,146.36058290240328,fast
34,1,2,0.424032,0.464401,0.0284657,0.0448127,1.0,0.03333333333333333,-0.0009879999999999889,0.00022400000000000198,-0.029639999999999667,0.006720000000000059,0.030392235850624432,-0.5000564155735342,0.0010130745283541476,167.22581572028275,fast
35,1,2,0.423084,0.464831,0.0287093,0.0452658,1.0,0.03333333333333333,-0.0009480000000000044,0.00042999999999998595,-0.028440000000000132,0.012899999999999578,0.031228890470203975,0.025099638587386293,0.0010409630156734658,155.60159758676593,fast
36,1,2,0.42137,0.467013,0.0290746,0.0460804,1.0,0.03333333333333333,-0.0017139999999999933,0.0021820000000000173,-0.0514199999999998,0.06546000000000052,0.0832407832735856,1.5603567841014487,0.0027746927757861866,128.1502678675722,fast
37,1,2,0.419545,0.46839,0.0292702,0.0467887,1.0,0.03333333333333333,-0.001825000000000021,0.0013769999999999616,-0.05475000000000063,0.04130999999999885,0.06858628580117146,-0.43963492417242417,0.0022862095267057155,142.9646963991791,fast
38,1,2,0.418094,0.471302,0.0297219,0.0477375,1.0,0.03333333333333333,-0.00145099999999998,0.0029120000000000257,-0.0435299999999994,0.08736000000000077,0.09760445942681145,0.8705452087691998,0.0032534819808937147,116.4862941414384,fast
39,1,2,0.416636,0.474387,0.0305054,0.0491609,1.0,0.03333333333333333,-0.0014580000000000148,0.0030850000000000044,-0.043740000000000445,0.09255000000000013,0.10236547318310048,0.14283041268867078,0.0034121824394366825,115.29585834877531,fast
40,1,2,0.414998,0.476226,0.0298847,0.0482557,1.0,0.03333333333333333,-0.0016380000000000283,0.0018389999999999795,-0.04914000000000085,0.055169999999999386,0.07388144895709622,-0.8545207267801276,0.002462714965236541,131.69150166329587,fast
41,1,2,0.414354,0.478995,0.0301421,0.0483807,1.0,0.03333333333333333,-0.0006439999999999779,0.0027690000000000214,-0.019319999999999338,0.08307000000000064,0.08528708753381183,0.3421691573014681,0.0028429029177937278,103.09280609357188,fast
42,1,2,0.412685,0.481456,0.0314215,0.0500434,1.0,0.03333333333333333,-0.001668999999999976,0.002460999999999991,-0.05006999999999928,0.07382999999999973,0.08920691565119762,0.11759484352157387,0.0029735638550399206,124.14431985490774,fast
43,1,2,0.410266,0.483888,0.0334494,0.0537713,1.0,0.03333333333333333,-0.0024190000000000045,0.0024319999999999897,-0.07257000000000013,0.07295999999999969,0.10290561938009009,0.41096111186677403,0.00343018731266967,134.84645571003819,fast
44,1,2,0.408041,0.486153,0.0332849,0.0542725,1.0,0.03333333333333333,-0.0022250000000000325,0.002265000000000017,-0.06675000000000098,0.06795000000000051,0.0952510629861956,-0.2296366918168348,0.003175035432873186,134.4895833957114,fast
45,1,2,0.406441,0.48789,0.0318753,0.0523386,1.0,0.03333333333333333,-0.0015999999999999903,0.0017369999999999886,-0.04799999999999971,0.05210999999999966,0.07084809171741986,-0.732089138063272,0.0023616030572473287,132.64905120609637,fast
46,1,2,0.405068,0.489628,0.0327727,0.0542613,1.0,0.03333333333333333,-0.001373000000000013,0.0017380000000000173,-0.04119000000000039,0.05214000000000052,0.06644693898141649,-0.13203458208010124,0.002214897966047216,128.30832959877614,fast
47,1,2,0.403632,0.492207,0.033085,0.0552412,1.0,0.03333333333333333,-0.0014359999999999928,0.002578999999999998,-0.043079999999999785,0.07736999999999994,0.08855508624579377,0.6632444179313184,0.0029518362081931257,119.1092774267583,fast
48,1,2,0.402393,0.493982,0.0348603,0.0588982,1.0,0.03333333333333333,-0.0012389999999999901,0.001774999999999971,-0.0371699999999997,0.05324999999999913,0.06493975207836788,-0.7084600250227764,0.002164658402612263,124.91612604913934,fast
49,1,2,0.400753,0.496865,0.0353387,0.0600665,1.0,0.03333333333333333,-0.0016399999999999748,0.0028830000000000244,-0.049199999999999244,0.08649000000000073,0.09950457326173533,1.0369446355010232,0.0033168191087245107,119.63346523997706,fast
50,1,2,0.400692,0.500039,0.0364203,0.0614418,1.0,0.03333333333333333,-6.100000000003325e-05,0.00317400000000001,-0.0018300000000009975,0.0952200000000003,0.09523758344267279,-0.12800969457187616,0.0031745861147557597,91.10101207939414,fast
51,1,2,0.400361,0.502851,0.0368763,0.0609973,1.0,0.03333333333333333,-0.0003309999999999702,0.0028120000000000367,-0.009929999999999106,0.0843600000000011,0.08494241873175126,-0.3088549413276458,0.002831413957725042,96.71338336283236,fast
52,1,2,0.395973,0.506165,0.0359103,0.0590137,1.0,0.03333333333333333,-0.004388000000000003,0.003313999999999928,-0.1316400000000001,0.09941999999999784,0.16496492354436926,2.40067514437854,0.005498830784812309,142.9383808134022,fast
53,1,2,0.393357,0.509642,0.0347003,0.0563364,1.0,0.03333333333333333,-0.002616000000000007,0.0034770000000000634,-0.07848000000000022,0.1043100000000019,0.13053615016538686,-1.0328632013694719,0.004351205005512896,126.95680513223249,fast
54,1,2,0.391016,0.513564,0.0348985,0.0565496,1.0,0.03333333333333333,-0.0023410000000000375,0.003921999999999981,-0.07023000000000112,0.11765999999999943,0.13702601395355563,0.19469591364506295,0.0045675337984518545,120.83252698832092,fast
55,1,2,0.387899,0.516839,0.036514,0.0595066,1.0,0.03333333333333333,-0.003116999999999981,0.003275000000000028,-0.09350999999999943,0.09825000000000084,0.13563621419075386,-0.0416939928840529,0.004521207139691795,133.5840284572722,fast
56,1,2,0.386564,0.519774,0.0386082,0.0631733,1.0,0.03333333333333333,-0.001334999999999975,0.00293499999999991,-0.04004999999999925,0.0880499999999973,0.0967305794462096,-1.1671690423363281,0.003224352648206986,114.45866108900378,fast
57,1,2,0.384422,0.522372,0.0419592,0.0695896,1.0,0.03333333333333333,-0.0021420000000000328,0.002597999999999989,-0.06426000000000098,0.07793999999999968,0.10101480683543415,0.1285268216767367,0.0033671602278478054,129.50491153648295,fast
58,1,2,0.381685,0.524727,0.0416677,0.0694957,1.0,0.03333333333333333,-0.0027369999999999894,0.002355000000000107,-0.08210999999999968,0.07065000000000321,0.10832116413702542,0.21919071904773796,0.0036107054712341807,139.29027224496122,fast
59,1,2,0.379323,0.528467,0.0425108,0.0712961,1.0,0.03333333333333333,-0.0023619999999999752,0.0037399999999999656,-0.07085999999999926,0.11219999999999897,0.1327025983166858,0.7314430253898113,0.004423419943889527,122.27449152838176,fast
60,1,2,0.376241,0.534439,0.0411556,0.0691557,1.0,0.03333333333333333,-0.003082000000000029,0.005971999999999977,-0.09246000000000087,0.17915999999999932,0.2016114014633099,2.0672640943987237,0.006720380048776997,117.29712831089302,fast
61,1,2,0.374029,0.536241,0.0438972,0.0743707,1.0,0.03333333333333333,-0.0022119999999999918,0.0018019999999999703,-0.06635999999999975,0.05405999999999911,0.08559283381218238,-3.4805570295338257,0.002853094460406079,140.8321080487293,fast
62,1,2,0.371747,0.541452,0.043385,0.0728616,1.0,0.03333333333333333,-0.0022820000000000062,0.005211000000000077,-0.06846000000000019,0.1563300000000023,0.17066294413258182,2.552103309611983,0.005688764804419395,113.64956245335406,fast
63,1,2,0.370081,0.542423,0.047148,0.0791641,1.0,0.03333333333333333,-0.0016660000000000008,0.0009709999999999441,-0.049980000000000024,0.029129999999998324,0.057849436470893176,-3.3844052298506595,0.0019283145490297724,149.7649506362601,fast
64,1,2,0.366114,0.547921,0.0464994,0.0784612,1.0,0.03333333333333333,-0.003966999999999998,0.005498000000000003,-0.11900999999999995,0.1649400000000001,0.20339268349672762,4.366297410775033,0.006779756116557588,125.81177118099043,fast
65,1,2,0.362697,0.553649,0.0457244,0.0769565,1.0,0.03333333333333333,-0.0034170000000000034,0.005727999999999955,-0.1025100000000001,0.17183999999999866,0.2000931925378761,-0.09898472876554543,0.006669773084595871,120.8179060803036,fast
66,1,2,0.359926,0.556174,0.0497272,0.0843146,1.0,0.03333333333333333,-0.002770999999999968,0.0025249999999999995,-0.08312999999999904,0.07574999999999998,0.11246625894018097,-2.628808007930854,0.0037488752980060326,137.65948599561648,fast
67,1,2,0.357188,0.560577,0.0512737,0.0871153,1.0,0.03333333333333333,-0.002738000000000018,0.004403000000000046,-0.08214000000000055,0.13209000000000137,0.15554660941338597,1.2924105141961497,0.005184886980446199,121.87536275158897,fast
68,1,2,0.353609,0.565662,0.0516598,0.0880917,1.0,0.03333333333333333,-0.003578999999999999,0.005085000000000006,-0.10736999999999997,0.15255000000000019,0.18654709700233893,0.9300146276685889,0.006218236566744631,125.13921665225399,fast
69,1,2,0.349961,0.571238,0.0531574,0.0909238,1.0,0.03333333333333333,-0.0036479999999999846,0.005576000000000025,-0.10943999999999954,0.16728000000000076,0.1998992546259244,0.40056472870756393,0.006663308487530813,123.19401256558433,fast
70,1,2,0.346014,0.577137,0.0547107,0.093789,1.0,0.03333333333333333,-0.003947000000000034,0.005898999999999988,-0.11841000000000101,0.17696999999999963,0.21293029141012348,0.3909311035259727,0.00709767638033745,123.78634028595161,fast
71,1,2,0.342701,0.584346,0.0571185,0.0984397,1.0,0.03333333333333333,-0.0033130000000000104,0.007209000000000021,-0.09939000000000031,0.21627000000000063,0.2380148839883765,0.7525377773475905,0.007933829466279218,114.68182915689766,fast
72,1,2,0.338786,0.590556,0.0583993,0.101217,1.0,0.03333333333333333,-0.003915000000000002,0.006209999999999938,-0.11745000000000005,0.18629999999999813,0.22023213321402332,-0.5334825232305954,0.007341071107134111,122.22875743509883,fast
73,1,2,0.33527,0.596097,0.0591208,0.102426,1.0,0.03333333333333333,-0.0035159999999999636,0.005541000000000018,-0.10547999999999891,0.16623000000000054,0.19687164168564236,-0.7008147458514289,0.006562388056188078,122.3968631069933,fast
74,1,2,0.330186,0.602956,0.0614742,0.106759,1.0,0.03333333333333333,-0.005084000000000033,0.0068590000000000595,-0.152520000000001,0.20577000000000178,0.2561320817469007,1.7778132018377508,0.008537736058230024,126.5464311877804,fast
75,1,2,0.325805,0.607537,0.0628017,0.109204,1.0,0.03333333333333333,-0.004380999999999968,0.004580999999999946,-0.13142999999999905,0.1374299999999984,0.19016006363061436,-1.9791605434885908,0.006338668787687146,133.72157396116955,fast
76,1,2,0.321335,0.615493,0.0646566,0.112803,1.0,0.03333333333333333,-0.0044700000000000295,0.007955999999999963,-0.13410000000000089,0.2386799999999989,0.27377171585099824,2.5083495666115168,0.009125723861699941,119.32902459877238,fast
77,1,2,0.315521,0.621519,0.064811,0.112688,1.0,0.03333333333333333,-0.005813999999999986,0.006026000000000087,-0.17441999999999958,0.1807800000000026,0.25120458753772945,-0.6770138493980637,0.00837348625125765,133.97420545488347,fast
78,1,2,0.310259,0.630139,0.0695267,0.121075,1.0,0.03333333333333333,-0.005261999999999989,0.008619999999999961,-0.15785999999999967,0.25859999999999883,0.30297481677525495,1.553106877125765,0.010099160559175164,121.40159572816822,fast
79,1,2,0.304536,0.639198,0.0729882,0.127594,1.0,0.03333333333333333,-0.005723000000000034,0.00905900000000004,-0.171690000000001,0.2717700000000012,0.32145977819939,0.5545488427240508,0.010715325939979665,122.28254463973889,fast
80,1,2,0.298989,0.650081,0.0754176,0.13247,1.0,0.03333333333333333,-0.005546999999999969,0.010882999999999976,-0.16640999999999906,0.3264899999999993,0.3664532824249214,1.3498051267659434,0.012215109414164047,117.00766711046941,fast
81,1,2,0.29293,0.65822,0.0780923,0.137471,1.0,0.03333333333333333,-0.006058999999999981,0.008139000000000007,-0.18176999999999943,0.24417000000000022,0.30439993725360703,-1.8616003551394318,0.010146664575120236,126.66548450071423,fast
82,1,2,0.285839,0.668843,0.0826283,0.146042,1.0,0.03333333333333333,-0.007091000000000014,0.010622999999999938,-0.21273000000000042,0.31868999999999814,0.38316754690343885,2.3630282894949546,0.012772251563447962,123.72366040929614,fast
83,1,2,0.279729,0.68019,0.0841995,0.148602,1.0,0.03333333333333333,-0.006110000000000004,0.011346999999999996,-0.18330000000000013,0.3404099999999999,0.3866236646921654,0.10368353366179694,0.012887455489738847,118.30105687741275,fast
84,1,2,0.272173,0.692017,0.0882404,0.155906,1.0,0.03333333333333333,-0.007556000000000007,0.011827000000000032,-0.22668000000000021,0.35481000000000096,0.42103914129211406,1.0324642979984595,0.01403463804307047,122.57357931934541,fast
85,1,2,0.26446,0.703464,0.0905619,0.159633,1.0,0.03333333333333333,-0.007713000000000025,0.011446999999999985,-0.23139000000000076,0.34340999999999955,0.4140914877173884,-0.20842960724176962,0.013803049590579614,123.97212898400232,fast
86,1,2,0.256274,0.714082,0.0921334,0.16158,1.0,0.03333333333333333,-0.008185999999999971,0.010618000000000016,-0.24557999999999913,0.3185400000000005,0.4022154497281275,-0.35628113967782704,0.013407181657604251,127.63060549986017,fast
87,1,2,0.246814,0.728427,0.0965719,0.168722,1.0,0.03333333333333333,-0.009459999999999996,0.014345000000000052,-0.2837999999999999,0.43035000000000156,0.5155032128900859,3.398632894858753,0.017183440429669534,123.40338294165088,fast
88,1,2,0.236705,0.74558,0.102187,0.178265,1.0,0.03333333333333333,-0.010109000000000007,0.017152999999999974,-0.3032700000000002,0.5145899999999992,0.5973069236163259,2.454111321787198,0.01991023078721086,120.51267238764524,fast
89,1,2,0.226079,0.761674,0.108533,0.188965,1.0,0.03333333333333333,-0.010625999999999997,0.01609399999999994,-0.3187799999999999,0.48281999999999825,0.5785636013438784,-0.5622996681734238,0.01928545337812928,123.43463027264573,fast
90,1,2,0.214645,0.778218,0.113552,0.196852,1.0,0.03333333333333333,-0.011434,0.016544000000000003,-0.34302,0.4963200000000001,0.6033210279776432,0.7427227990129437,0.020110700932588106,124.64938582120061,fast
91,1,2,0.201784,0.800765,0.123022,0.213283,1.0,0.03333333333333333,-0.012861000000000011,0.022546999999999984,-0.38583000000000034,0.6764099999999995,0.7787138607986888,5.261784984631367,0.025957128693289627,119.70080194278916,fast
92,1,2,0.188125,0.823,0.131744,0.22815,1.0,0.03333333333333333,-0.013659000000000004,0.022235000000000005,-0.40977000000000013,0.6670500000000001,0.782858323964177,0.12433389496464664,0.026095277465472567,121.56248000247308,fast
93,1,2,0.172683,0.846509,0.140272,0.24257,1.0,0.03333333333333333,-0.015441999999999984,0.023509000000000002,-0.4632599999999995,0.7052700000000001,0.8438101685213326,1.828555336714669,0.02812700561737775,123.2991033894312,fast
94,1,2,0.156492,0.867434,0.143943,0.246831,1.0,0.03333333333333333,-0.01619100000000001,0.020925000000000082,-0.48573000000000033,0.6277500000000025,0.7937277211991549,-1.502473419665331,0.026457590706638497,127.73139407525065,fast
95,1,2,0.138181,0.882043,0.141664,0.235913,1.0,0.03333333333333333,-0.018310999999999994,0.014608999999999983,-0.5493299999999999,0.4382699999999995,0.7027403800835693,-2.729620233467568,0.023424679336118973,141.4162086631453,fast
96,1,2,0.121739,0.89352,0.134384,0.212961,1.0,0.03333333333333333,-0.016442,0.01147699999999996,-0.49326,0.3443099999999988,0.601543683949885,-3.0359008840105295,0.020051456131662832,145.08382510935252,fast
97,1,2,0.102862,0.902711,0.12893,0.194578,1.0,0.03333333333333333,-0.018877000000000005,0.00919100000000006,-0.5663100000000002,0.2757300000000018,0.629868279086986,0.8497378541130285,0.02099560930289953,154.03906768207617,fast
6,2,2,0.86962,0.943864,0.177316,0.106806,,,,,0.0,0.0,0.0,0.0,0.0,0.0,stationary
7,2,2,0.85613,0.932744,0.218969,0.132988,1.0,0.03333333333333333,-0.013490000000000002,-0.011120000000000019,-0.40470000000000006,-0.33360000000000056,0.5244721632269919,0.0,0.01748240544089973,219.49924678780243,fast
8,2,2,0.840584,0.91893,0.257702,0.15888,1.0,0.03333333333333333,-0.015545999999999949,-0.013813999999999993,-0.46637999999999846,-0.4144199999999998,0.6239024289101609,2.9829079704950714,0.020796747630338695,221.6239300199778,fast
9,2,2,0.823632,0.896539,0.259665,0.163262,1.0,0.03333333333333333,-0.016951999999999967,-0.02239100000000005,-0.508559999999999,-0.6717300000000015,0.8425286146475982,6.558785572123119,0.02808428715491994,232.87100413462565,fast
11,3,2,0.795214,0.843591,0.111684,0.138696,,,,,0.0,0.0,0.0,0.0,0.0,0.0,stationary
12,3,2,0.783741,0.824073,0.106518,0.132314,1.0,0.03333333333333333,-0.011472999999999955,-0.019517999999999924,-0.34418999999999866,-0.5855399999999977,0.6792082506124292,0.0,0.022640275020414307,239.55229040198134,fast
13,3,2,0.771813,0.801717,0.1027,0.127637,1.0,0.03333333333333333,-0.01192800000000005,-0.022356000000000043,-0.3578400000000015,-0.6706800000000013,0.7601717753245004,2.4289057413621373,0.025339059177483348,241.91793636765766,fast
14,3,2,0.760707,0.781298,0.0949109,0.117982,1.0,0.03333333333333333,-0.01110599999999995,-0.020418999999999965,-0.3331799999999985,-0.612569999999999,0.6973169417847223,-1.885645006193345,0.02324389805949074,241.45800132660648,fast
15,3,2,0.750608,0.762502,0.0869915,0.108011,1.0,0.03333333333333333,-0.010098999999999969,-0.018796000000000035,-0.3029699999999991,-0.563880000000001,0.6401183291392308,-1.7159583793647426,0.02133727763797436,241.75107651203595,fast
16,3,2,0.741707,0.749438,0.0860134,0.107184,1.0,0.03333333333333333,-0.008901000000000048,-0.013063999999999965,-0.26703000000000143,-0.39191999999999894,0.4742428779644455,-4.976263535243561,0.015808095932148183,235.73190749712344,fast
17,3,2,0.732986,0.731174,0.0782809,0.0973289,1.0,0.03333333333333333,-0.008720999999999979,-0.018264000000000058,-0.26162999999999936,-0.5479200000000017,0.6071792019659448,3.9880897200449787,0.02023930673219816,244.4756779210482,fast
18,3,2,0.725884,0.71807,0.0801162,0.100016,1.0,0.03333333333333333,-0.007102000000000053,-0.013104000000000005,-0.21306000000000158,-0.39312000000000014,0.4471441579625085,-4.801051320103088,0.01490480526541695,241.5435509791703,fast
19,3,2,0.718854,0.707232,0.0766061,0.0957255,1.0,0.03333333333333333,-0.007029999999999981,-0.010838000000000014,-0.21089999999999942,-0.32514000000000043,0.3875497769319446,-1.7878314309169174,0.012918325897731488,237.0307972310465,fast
20,3,2,0.711623,0.695735,0.0711093,0.0889069,1.0,0.03333333333333333,-0.0072309999999999874,-0.01149699999999998,-0.21692999999999962,-0.3449099999999994,0.4074574002273114,0.5972286988610048,0.013581913340910379,237.83229610199584,fast
21,3,2,0.705021,0.685268,0.0691086,0.0866141,1.0,0.03333333333333333,-0.006601999999999997,-0.010467000000000004,-0.1980599999999999,-0.3140100000000001,0.3712546884552437,-1.0860813531620324,0.012375156281841456,237.75855633580534,fast
22,3,2,0.699447,0.67278,0.0645659,0.0808793,1.0,0.03333333333333333,-0.005573999999999968,-0.012487999999999944,-0.16721999999999904,-0.3746399999999983,0.41026535071828624,1.170319867891277,0.013675511690609541,245.94647628960226,fast
23,3,2,0.693853,0.664038,0.0632479,0.0793669,1.0,0.03333333333333333,-0.005593999999999988,-0.008742000000000028,-0.16781999999999964,-0.2622600000000008,0.31135808966526035,-2.9672178315907765,0.01037860298884201,237.38484876707963,fast
24,3,2,0.688629,0.655576,0.0618358,0.0774569,1.0,0.03333333333333333,-0.005224000000000006,-0.00846199999999997,-0.1567200000000002,-0.2538599999999991,0.2983388308618233,-0.3905777641031122,0.00994462769539411,238.3109691432155,fast
25,3,2,0.684291,0.648836,0.0617854,0.0780522,1.0,0.03333333333333333,-0.004338000000000064,-0.006740000000000079,-0.13014000000000192,-0.20220000000000238,0.24046051567773338,-1.7363494555226968,0.008015350522591112,237.23384993571247,fast
26,3,2,0.679058,0.637653,0.0561736,0.0707233,1.0,0.03333333333333333,-0.005232999999999932,-0.011182999999999943,-0.15698999999999796,-0.3354899999999983,0.3704043738942593,3.898315746495777,0.012346812463141975,244.92311272451337,fast
27,3,2,0.675051,0.629267,0.0532796,0.0665286,1.0,0.03333333333333333,-0.004007000000000094,-0.008386000000000005,-0.12021000000000281,-0.25158000000000014,0.27882421074935504,-2.7474048943471274,0.009294140358311834,244.46058784900123,fast
28,3,2,0.670085,0.619576,0.0503076,0.0626592,1.0,0.03333333333333333,-0.004965999999999915,-0.009691000000000005,-0.14897999999999745,-0.29073000000000015,0.3266787004076013,1.435634689747387,0.010889290013586711,242.86784549033962,fast
29,3,2,0.667188,0.61691,0.0532712,0.0665659,1.0,0.03333333333333333,-0.0028970000000000384,-0.002666000000000057,-0.08691000000000115,-0.07998000000000172,0.11811074675913481,-6.2570386094539945,0.00393702489197116,222.6221956090948,fast
30,3,2,0.662969,0.609165,0.0523404,0.0656001,1.0,0.03333333333333333,-0.004218999999999973,-0.007745000000000002,-0.12656999999999918,-0.23235000000000006,0.26458739085602667,4.394299322906757,0.00881957969520089,241.42116709923346,fast
31,3,2,0.659525,0.603808,0.052078,0.065842,1.0,0.03333333333333333,-0.0034440000000000026,-0.005356999999999945,-0.10332000000000008,-0.16070999999999835,0.19105686718880188,-2.2059157100167437,0.00636856223962673,237.2631520574344,fast
32,3,2,0.656392,0.593091,0.0436656,0.0543978,1.0,0.03333333333333333,-0.0031330000000000524,-0.010716999999999977,-0.09399000000000157,-0.3215099999999993,0.33496686433138406,4.3172999142774655,0.011165562144379469,253.7042854969738,fast
33,3,2,0.653544,0.583266,0.035249,0.042542,1.0,0.03333333333333333,-0.0028479999999999617,-0.009825000000000084,-0.08543999999999885,-0.2947500000000025,0.30688361979747514,-0.8424973360172677,0.010229453993249172,253.83456526006086,fast
34,3,2,0.649571,0.578353,0.0341627,0.0402423,1.0,0.03333333333333333,-0.003973000000000004,-0.004912999999999945,-0.11919000000000013,-0.14738999999999836,0.1895522835525849,-3.519940087346707,0.00631840945175283,231.0385408998572,fast
35,3,2,0.647025,0.576192,0.0394868,0.0463378,1.0,0.03333333333333333,-0.0025460000000000482,-0.0021609999999999685,-0.07638000000000145,-0.06482999999999906,0.10018399722510626,-2.6810485898243592,0.0033394665741702085,220.3240111417284,fast
36,3,2,0.644508,0.572702,0.0413307,0.048592,1.0,0.03333333333333333,-0.0025169999999999915,-0.003489999999999993,-0.07550999999999974,-0.1046999999999998,0.12908853589687938,0.8671361601531935,0.004302951196562646,234.20072773401637,fast
37,3,2,0.641562,0.568484,0.0401317,0.0470512,1.0,0.03333333333333333,-0.002946000000000004,-0.004218000000000055,-0.08838000000000013,-0.12654000000000165,0.15434829445121978,0.7577927566302121,0.005144943148373992,235.06819317132977,fast
38,3,2,0.639145,0.562049,0.0360343,0.0416922,1.0,0.03333333333333333,-0.0024170000000000025,-0.0064349999999999685,-0.07251000000000007,-0.19304999999999906,0.2062183372059809,1.5561012826428335,0.006873944573532696,249.41371233605219,fast
39,3,2,0.637119,0.556258,0.037039,0.0424291,1.0,0.03333333333333333,-0.0020259999999999723,-0.005790999999999991,-0.06077999999999917,-0.17372999999999972,0.18405521264012004,-0.664893736975826,0.006135173754670668,250.71744619051418,fast
40,3,2,0.635628,0.552447,0.0383778,0.0435499,1.0,0.03333333333333333,-0.00149100000000002,-0.003811000000000009,-0.0447300000000006,-0.11433000000000026,0.1227685700820862,-1.8385992767410149,0.004092285669402874,248.63277901564823,fast
41,3,2,0.635684,0.551127,0.0428391,0.0484659,1.0,0.03333333333333333,5.6000000000056005e-05,-0.0013199999999999878,0.0016800000000016801,-0.039599999999999635,0.0396356203433222,-2.49398849216292,0.0013211873447774066,272.4292733235024,fast
42,3,2,0.63217,0.545731,0.0404959,0.0457673,1.0,0.03333333333333333,-0.003514000000000017,-0.005396000000000067,-0.10542000000000051,-0.16188000000000202,0.19317999585878648,4.606331265463929,0.006439333195292883,236.92689453692407,fast
43,3,2,0.628229,0.542646,0.0387343,0.0441223,1.0,0.03333333333333333,-0.003940999999999972,-0.0030850000000000044,-0.11822999999999917,-0.09255000000000013,0.15014604690100844,-1.2910184687333413,0.0050048682300336145,218.0537060623506,fast
44,3,2,0.629524,0.541454,0.0421335,0.0477613,1.0,0.03333333333333333,0.001294999999999935,-0.0011919999999999709,0.03884999999999805,-0.035759999999999126,0.05280246301073262,-2.9203075167082746,0.0017600821003577538,317.371570016328,fast
45,3,2,0.629789,0.538012,0.042431,0.0474241,1.0,0.03333333333333333,0.00026500000000007073,-0.003441999999999945,0.007950000000002122,-0.10325999999999835,0.10356558356905876,1.5228936167497844,0.003452186118968625,274.4025241401445,fast
46,3,2,0.626804,0.534547,0.042326,0.0475012,1.0,0.03333333333333333,-0.0029850000000000154,-0.0034650000000000514,-0.08955000000000046,-0.10395000000000154,0.13720351671877948,1.0091379944916214,0.004573450557292649,229.25602672548393,fast
47,3,2,0.625169,0.532885,0.0429449,0.0480372,1.0,0.03333333333333333,-0.001635000000000053,-0.0016619999999999413,-0.04905000000000159,-0.04985999999999824,0.06994227691460995,-2.017837194125086,0.0023314092304869984,225.46919971667165,fast
48,3,2,0.624001,0.528932,0.0411743,0.0455679,1.0,0.03333333333333333,-0.0011679999999999469,-0.003953000000000095,-0.035039999999998406,-0.11859000000000286,0.123658358795516,1.6114824564271812,0.004121945293183866,253.53907628898622,fast
49,3,2,0.62149,0.525597,0.0408341,0.0451542,1.0,0.03333333333333333,-0.002511000000000041,-0.003334999999999977,-0.07533000000000123,-0.1000499999999993,0.1252382186075802,0.0473957943619259,0.00417460728691934,233.02304861005035,fast
50,3,2,0.619886,0.523161,0.0412667,0.0457616,1.0,0.03333333333333333,-0.0016039999999999388,-0.0024359999999999937,-0.048119999999998164,-0.07307999999999981,0.08749983314269688,-1.1321515639464994,0.0029166611047565624,236.63683523815547,fast
51,3,2,0.617177,0.520247,0.0394235,0.0437735,1.0,0.03333333333333333,-0.0027090000000000725,-0.002913999999999972,-0.08127000000000217,-0.08741999999999917,0.11936108788043198,0.955837642132053,0.003978702929347733,227.08793083265155,fast
52,3,2,0.615491,0.516475,0.0404793,0.0453258,1.0,0.03333333333333333,-0.0016859999999999653,-0.0037719999999999976,-0.05057999999999896,-0.11315999999999993,0.12394967527186136,0.1376576217428814,0.004131655842395379,245.9164201549362,fast
53,3,2,0.614157,0.511754,0.0425126,0.0479745,1.0,0.03333333333333333,-0.0013340000000000574,-0.004720999999999975,-0.04002000000000172,-0.14162999999999926,0.14717560021960138,0.6967777484322006,0.004905853340653379,254.22144560060792,fast
54,3,2,0.613826,0.50745,0.0409358,0.0459855,1.0,0.03333333333333333,-0.0003309999999999702,-0.0043040000000000855,-0.009929999999999106,-0.12912000000000257,0.12950127142233256,-0.5302298639180647,0.004316709047411085,265.6023126394172,fast
55,3,2,0.612934,0.503741,0.0386424,0.0431347,1.0,0.03333333333333333,-0.0008920000000000039,-0.0037089999999999623,-0.026760000000000117,-0.11126999999999887,0.11444260788709665,-0.45175990605707733,0.0038147535962365546,256.4773938982129,fast
56,3,2,0.611668,0.502884,0.0395057,0.0441574,1.0,0.03333333333333333,-0.0012659999999999894,-0.0008569999999999967,-0.03797999999999968,-0.0257099999999999,0.04586376020345443,-2.057365430509267,0.0015287920067818144,214.09545542755282,fast
57,3,2,0.610133,0.50084,0.0378663,0.042256,1.0,0.03333333333333333,-0.001534999999999953,-0.0020440000000000458,-0.04604999999999859,-0.06132000000000137,0.07668601502229751,0.9246676445652923,0.00255620050074325,233.0942392623615,fast
58,3,2,0.60799,0.498433,0.0354568,0.0393421,1.0,0.03333333333333333,-0.002143000000000006,-0.002406999999999937,-0.06429000000000018,-0.07220999999999811,0.09668240894805916,0.5998918177728495,0.003222746964935305,228.32069137471555,fast
59,3,2,0.606152,0.496427,0.0340047,0.03751,1.0,0.03333333333333333,-0.0018380000000000063,-0.0020060000000000078,-0.05514000000000019,-0.06018000000000023,0.08162139425420303,-0.4518304408156837,0.002720713141806768,227.50248942652377,fast
60,3,2,0.60517,0.496011,0.0338,0.0372321,1.0,0.03333333333333333,-0.0009820000000000384,-0.00041600000000002746,-0.029460000000001152,-0.012480000000000824,0.03199440576100904,-1.4888096547958198,0.0010664801920336347,202.9587425544819,fast
61,3,2,0.604551,0.493947,0.0341902,0.0376503,1.0,0.03333333333333333,-0.0006190000000000362,-0.0020639999999999548,-0.018570000000001086,-0.06191999999999864,0.06464465407131414,0.9795074493091532,0.002154821802377138,253.30584940332227,fast
62,3,2,0.603908,0.491021,0.0334577,0.0366893,1.0,0.03333333333333333,-0.0006429999999999492,-0.0029260000000000397,-0.019289999999998475,-0.08778000000000119,0.08987453755096685,0.756896504389581,0.0029958179183655616,257.6060300458472,fast
63,3,2,0.602698,0.488713,0.0332257,0.036385,1.0,0.03333333333333333,-0.0012100000000000444,-0.0023079999999999767,-0.03630000000000133,-0.0692399999999993,0.07817843436651824,-0.35088309553345826,0.0026059478122172747,242.33362081781345,fast
64,3,2,0.602068,0.487296,0.0348987,0.0382245,1.0,0.03333333333333333,-0.0006299999999999084,-0.0014170000000000016,-0.018899999999997252,-0.04251000000000005,0.04652214633913509,-0.9496886408214945,0.0015507382113045028,246.03000814070214,fast
65,3,2,0.600725,0.485709,0.0348401,0.0379848,1.0,0.03333333333333333,-0.0013430000000000941,-0.001587000000000005,-0.040290000000002824,-0.04761000000000015,0.06236983405461523,0.4754306314644042,0.0020789944684871746,229.76040500676473,fast
66,3,2,0.599793,0.484326,0.03468,0.0374541,1.0,0.03333333333333333,-0.0009319999999999329,-0.001383000000000023,-0.027959999999997986,-0.04149000000000069,0.050031806883221244,-0.3701408151418195,0.001667726896107375,236.02407531062164,fast
67,3,2,0.598086,0.48261,0.0329626,0.0355049,1.0,0.03333333333333333,-0.001707000000000014,-0.0017159999999999953,-0.05121000000000042,-0.05147999999999986,0.0726130463484354,0.6774371839564248,0.0024204348782811804,225.15064587418976,fast
68,3,2,0.596797,0.480479,0.0321844,0.0347835,1.0,0.03333333333333333,-0.0012889999999999846,-0.002130999999999994,-0.03866999999999954,-0.06392999999999982,0.07471555259783562,0.06307518748200638,0.002490518419927854,238.831081107304,fast
69,3,2,0.595915,0.478916,0.0328474,0.0357616,1.0,0.03333333333333333,-0.0008820000000000494,-0.001562999999999981,-0.026460000000001482,-0.04688999999999943,0.05384053955896082,-0.6262503911662439,0.0017946846519653608,240.56398783780799,fast
70,3,2,0.595402,0.477033,0.0329053,0.0359918,1.0,0.03333333333333333,-0.0005129999999999857,-0.0018830000000000235,-0.01538999999999957,-0.056490000000000706,0.0585488872652595,0.14125043118896044,0.0019516295755086501,254.76033045516442,fast
71,3,2,0.594554,0.475012,0.0323742,0.0355796,1.0,0.03333333333333333,-0.0008479999999999599,-0.002020999999999995,-0.025439999999998797,-0.06062999999999985,0.06575097337682478,0.21606258334695844,0.0021916991125608258,247.23735841553264,fast
72,3,2,0.593915,0.472768,0.0302951,0.0330942,1.0,0.03333333333333333,-0.0006390000000000562,-0.0022439999999999682,-0.019170000000001686,-0.06731999999999905,0.06999622346955539,0.1273575027819182,0.0023332074489851797,254.10520085341983,fast
73,3,2,0.592491,0.470358,0.0295256,0.0322854,1.0,0.03333333333333333,-0.0014239999999999808,-0.0024100000000000232,-0.042719999999999425,-0.0723000000000007,0.08397790423676964,0.41945042301642743,0.0027992634745589878,239.4223750896963,fast
74,3,2,0.591095,0.46856,0.0293083,0.0322389,1.0,0.03333333333333333,-0.0013959999999999528,-0.0017980000000000218,-0.041879999999998585,-0.053940000000000654,0.06828951603284322,-0.4706516461177925,0.0022763172010947744,232.1735833076528,fast
75,3,2,0.590174,0.4677,0.0287824,0.0317662,1.0,0.03333333333333333,-0.0009210000000000607,-0.0008599999999999719,-0.02763000000000182,-0.025799999999999157,0.03780286893874666,-0.9145994128228969,0.0012600956312915554,223.0383622440333,fast
76,3,2,0.589103,0.466243,0.0294175,0.0328748,1.0,0.03333333333333333,-0.0010709999999999331,-0.001456999999999986,-0.032129999999997993,-0.04370999999999958,0.05424851150031524,0.4933692768470574,0.0018082837166771746,233.6814328448133,fast
77,3,2,0.588319,0.465153,0.0292851,0.0330968,1.0,0.03333333333333333,-0.0007840000000000069,-0.0010900000000000354,-0.023520000000000207,-0.03270000000000106,0.04028002482620982,-0.4190546002231626,0.001342667494206994,234.2738172932394,fast
78,3,2,0.587319,0.463687,0.0283257,0.0324092,1.0,0.03333333333333333,-0.0010000000000000009,-0.0014659999999999673,-0.030000000000000027,-0.04397999999999902,0.053237584468117216,0.38872678925722187,0.0017745861489372405,235.70099744532115,fast
79,3,2,0.586366,0.461623,0.0257202,0.0294885,1.0,0.03333333333333333,-0.0009529999999999816,-0.0020640000000000103,-0.02858999999999945,-0.06192000000000031,0.06820171918654255,0.4489240415527601,0.0022733906395514185,245.21605823622815,fast
80,3,2,0.585319,0.46023,0.0248572,0.0285648,1.0,0.03333333333333333,-0.0010470000000000201,-0.001393000000000033,-0.031410000000000604,-0.04179000000000099,0.05227802788935444,-0.47771073891564336,0.0017426009296451482,233.07091931361663,fast
81,3,2,0.58519,0.458955,0.0245602,0.0282188,1.0,0.03333333333333333,-0.00012900000000004574,-0.0012749999999999706,-0.0038700000000013723,-0.03824999999999912,0.03844527799353183,-0.41498249687467825,0.0012815092664510612,264.22267526034824,fast
82,3,2,0.584477,0.456569,0.0250986,0.0288584,1.0,0.03333333333333333,-0.0007129999999999637,-0.0023859999999999992,-0.02138999999999891,-0.07157999999999998,0.07470762009326726,1.0878702629920627,0.002490254003108909,253.36246126260795,fast
83,3,2,0.583692,0.455574,0.0246792,0.0282099,1.0,0.03333333333333333,-0.0007850000000000357,-0.0009950000000000236,-0.02355000000000107,-0.02985000000000071,0.038021375566910945,-1.1005873357906895,0.0012673791855636982,231.72851209376807,fast
84,3,2,0.582233,0.453684,0.0237393,0.0270864,1.0,0.03333333333333333,-0.001458999999999988,-0.0018900000000000028,-0.04376999999999964,-0.056700000000000084,0.07162892502334499,1.0082264836930213,0.0023876308341115,232.33337902628978,fast
85,3,2,0.581404,0.451744,0.0229184,0.0260156,1.0,0.03333333333333333,-0.0008289999999999687,-0.0019399999999999973,-0.02486999999999906,-0.05819999999999992,0.06329104913018857,-0.2501362767946926,0.0021097016376729525,246.8620323710382,fast
86,3,2,0.580659,0.450849,0.023243,0.0262836,1.0,0.03333333333333333,-0.0007449999999999957,-0.0008949999999999791,-0.02234999999999987,-0.026849999999999374,0.03493486796883539,-0.8506854348405954,0.0011644955989611795,230.2259274089663,fast
87,3,2,0.5807,0.449743,0.0241124,0.0271205,1.0,0.03333333333333333,4.099999999995774e-05,-0.0011059999999999959,0.001229999999998732,-0.033179999999999876,0.03320279054537417,-0.05196232270383648,0.0011067596848458058,272.12301245121876,fast
88,3,2,0.580536,0.448732,0.024789,0.0279002,1.0,0.03333333333333333,-0.00016399999999994197,-0.0010109999999999841,-0.004919999999998259,-0.030329999999999524,0.030726459281862496,-0.07428993790535028,0.0010242153093954166,260.78598860443077,fast
89,3,2,0.580157,0.447854,0.0253225,0.0285858,1.0,0.03333333333333333,-0.0003790000000000182,-0.0008780000000000454,-0.011370000000000546,-0.026340000000001362,0.02868924014330258,-0.061116574156797505,0.0009563080047767527,246.65193573362995,moving
90,3,2,0.579291,0.447052,0.0245414,0.0279565,1.0,0.03333333333333333,-0.0008660000000000334,-0.0008019999999999694,-0.025980000000001002,-0.024059999999999082,0.03540965969901445,0.201612586671356,0.0011803219899671482,222.80267866447542,fast
91,3,2,0.578721,0.44624,0.0237928,0.0272655,1.0,0.03333333333333333,-0.0005699999999999594,-0.0008119999999999794,-0.017099999999998783,-0.024359999999999382,0.02976272164974044,-0.16940814147822017,0.0009920907216580148,234.93227939361554,moving
92,3,2,0.578291,0.44562,0.0234265,0.0270067,1.0,0.03333333333333333,-0.00043000000000004146,-0.0006200000000000094,-0.012900000000001244,-0.018600000000000283,0.022635591443566097,-0.21381390618523033,0.0007545197147855365,235.2568198416942,moving
93,3,2,0.577766,0.444487,0.022518,0.0260295,1.0,0.03333333333333333,-0.0005249999999999977,-0.0011329999999999951,-0.01574999999999993,-0.033989999999999854,0.03746174849096059,0.44478471142183473,0.0012487249496986863,245.13833418530098,fast
94,3,2,0.577276,0.443954,0.0215358,0.0249385,1.0,0.03333333333333333,-0.0004899999999999904,-0.0005330000000000057,-0.014699999999999713,-0.01599000000000017,0.02172026933534658,-0.47224437466842023,0.0007240089778448861,227.40691016141636,moving
95,3,2,0.57704,0.442691,0.0223276,0.0260273,1.0,0.03333333333333333,-0.00023600000000001398,-0.0012630000000000141,-0.007080000000000419,-0.03789000000000042,0.03854579743629697,0.5047658430285117,0.0012848599145432323,259.41595598019154,fast
97,3,2,0.576452,0.44194,0.0223207,0.0259355,2.0,0.06666666666666667,-0.0005880000000000329,-0.0007510000000000017,-0.008820000000000494,-0.011265000000000025,0.014307083036035308,-0.36358071600392494,0.0009538055357356872,231.94061677564406,moving
98,3,2,0.576656,0.441112,0.0227875,0.0264281,1.0,0.03333333333333333,0.00020399999999998197,-0.0008279999999999954,0.006119999999999459,-0.024839999999999862,0.025582806726393147,0.33827171071073514,0.0008527602242131049,283.8406954916545,moving
99,3,2,0.575619,0.439469,0.022361,0.0260567,1.0,0.03333333333333333,-0.0010369999999999546,-0.0016430000000000056,-0.03110999999999864,-0.04929000000000017,0.058286672576155274,0.9811159754928638,0.0019428890858718428,237.74141542092343,fast
14,4,2,0.446696,0.431255,0.0259655,0.0458298,,,,,0.0,0.0,0.0,0.0,0.0,0.0,stationary
15,4,2,0.446409,0.433221,0.0257593,0.0453918,1.0,0.03333333333333333,-0.0002869999999999817,0.0019660000000000233,-0.008609999999999451,0.0589800000000007,0.059605138201333556,0.0,0.001986837940044452,98.30546791937343,fast
16,4,2,0.446986,0.433693,0.0262844,0.0462179,1.0,0.03333333333333333,0.0005769999999999942,0.00047199999999997244,0.017309999999999826,0.014159999999999173,0.022363848058864343,-1.1172387042740763,0.0007454616019621448,39.283999049441604,moving
17,4,2,0.44495,0.435279,0.0260746,0.0458258,1.0,0.03333333333333333,-0.0020359999999999823,0.0015860000000000318,-0.06107999999999947,0.047580000000000955,0.07742494946721003,1.6518330422503706,0.002580831648907001,142.0821798466775,fast
21,4,2,0.443696,0.441057,0.0296803,0.0517173,4.0,0.13333333333333333,-0.0012540000000000329,0.00577799999999995,-0.009405000000000246,0.043334999999999624,0.04434384117326748,-0.2481083122045691,0.005912512156435664,102.24501145239367,fast
22,4,2,0.442238,0.442779,0.0297797,0.0516185,1.0,0.03333333333333333,-0.0014579999999999593,0.0017220000000000013,-0.04373999999999878,0.05166000000000004,0.06769005244494865,0.700386338150435,0.0022563350814982877,130.25425205619695,fast
40,20,2,0.43129,0.438367,0.0275318,0.0280767,,,,,0.0,0.0,0.0,0.0,0.0,0.0,stationary
41,20,2,0.431017,0.440811,0.0311141,0.0318537,1.0,0.03333333333333333,-0.0002730000000000232,0.0024440000000000017,-0.008190000000000697,0.07332000000000005,0.07377600219583613,0.0,0.002459200073194538,96.37363936587803,fast
42,20,2,0.429765,0.442568,0.0336366,0.0347146,1.0,0.03333333333333333,-0.0012519999999999754,0.0017570000000000086,-0.03755999999999926,0.05271000000000026,0.06472323925762656,-0.27158288814628717,0.002157441308587552,125.47284612775348,fast
43,20,2,0.428484,0.443774,0.0337563,0.0351192,1.0,0.03333333333333333,-0.0012810000000000321,0.0012059999999999849,-0.03843000000000096,0.036179999999999546,0.05278122109235482,-0.3582605449581522,0.0017593740364118273,136.72733474317602,fast
44,20,2,0.428155,0.445078,0.034059,0.035746,1.0,0.03333333333333333,-0.0003289999999999682,0.0013039999999999718,-0.009869999999999046,0.039119999999999155,0.040345895702040314,-0.3730597617094352,0.0013448631900680103,104.16023774760237,fast
45,20,2,0.427939,0.446154,0.0357808,0.0378632,1.0,0.03333333333333333,-0.00021599999999999397,0.0010760000000000214,-0.006479999999999819,0.03228000000000064,0.03292398517798292,-0.22265731572172176,0.0010974661725994307,101.35088727727555,fast
42,21,2,0.433343,0.44355,0.0346768,0.0392961,,,,,0.0,0.0,0.0,0.0,0.0,0.0,stationary
43,21,2,0.432036,0.444124,0.0347021,0.0393496,1.0,0.03333333333333333,-0.0013070000000000026,0.0005740000000000189,-0.03921000000000008,0.017220000000000568,0.042824671627462896,0.0,0.0014274890542487634,156.29018300077337,fast
44,21,2,0.43144,0.445938,0.0357551,0.0405749,1.0,0.03333333333333333,-0.0005959999999999854,0.0018139999999999823,-0.017879999999999563,0.05441999999999947,0.057282028595362494,0.43372070903698795,0.0019094009531787498,108.18823119124227,fast
46,21,2,0.428909,0.450219,0.0327494,0.0371609,2.0,0.06666666666666667,-0.0025310000000000055,0.004280999999999979,-0.03796500000000008,0.06421499999999969,0.07459830728642551,0.25974418036594527,0.004973220485761701,120.59230140982277,fast
47,21,2,0.427623,0.449825,0.0323337,0.0368019,1.0,0.03333333333333333,-0.0012860000000000094,-0.00039400000000000546,-0.03858000000000028,-0.011820000000000164,0.040350078066839296,-1.0274468765875864,0.0013450026022279766,197.03382623910602,fast
48,21,2,0.426388,0.449306,0.0332464,0.0381424,1.0,0.03333333333333333,-0.0012349999999999861,-0.0005189999999999917,-0.03704999999999958,-0.01556999999999975,0.040188647650797625,-0.004842912481250114,0.001339621588359921,202.7942357168611,fast
49,21,2,0.425993,0.450141,0.032157,0.0368732,1.0,0.03333333333333333,-0.0003949999999999787,0.0008350000000000302,-0.011849999999999361,0.025050000000000905,0.027711459723371308,-0.37431563782278954,0.000923715324112377,115.31667245355698,moving
50,21,2,0.426542,0.450609,0.0318892,0.0362705,1.0,0.03333333333333333,0.0005489999999999662,0.00046799999999996844,0.016469999999998985,0.014039999999999053,0.0216421463815385,-0.18207940025498426,0.0007214048793846166,40.446232020841194,moving
51,21,2,0.427092,0.452229,0.0319572,0.0356678,1.0,0.03333333333333333,0.0005500000000000504,0.0016200000000000103,0.016500000000001513,0.04860000000000031,0.0513245555265711,0.890472274350978,0.00171081851755237,71.24733292067185,fast
52,21,2,0.421636,0.452823,0.031054,0.0353177,1.0,0.03333333333333333,-0.005456000000000016,0.0005939999999999834,-0.1636800000000005,0.017819999999999503,0.16464718278792426,3.3996788178405946,0.005488239426264142,173.78662473472184,fast
53,21,2,0.41859,0.454861,0.0307572,0.0356439,1.0,0.03333333333333333,-0.003045999999999993,0.0020380000000000398,-0.0913799999999998,0.06114000000000119,0.10994727827463538,-1.6409971353986663,0.0036649092758211793,146.21454076941654,fast
54,21,2,0.417122,0.456538,0.0285581,0.0335816,1.0,0.03333333333333333,-0.0014680000000000248,0.001676999999999984,-0.044040000000000745,0.05030999999999952,0.06686267793021768,-1.292538010332531,0.002228755931007256,131.19801696434763,fast
55,21,2,0.41534,0.458638,0.0268572,0.0316536,1.0,0.03333333333333333,-0.0017820000000000058,0.0020999999999999908,-0.053460000000000174,0.06299999999999972,0.08262549001367546,0.4728843625037335,0.002754183000455849,130.31698427302467,fast
56,21,2,0.414189,0.459851,0.0269503,0.0320761,1.0,0.03333333333333333,-0.0011510000000000131,0.0012130000000000196,-0.034530000000000394,0.03639000000000059,0.05016525690156555,-0.9738069933632973,0.0016721752300521851,133.49766320483644,fast
57,21,2,0.413218,0.461251,0.0280003,0.033795,1.0,0.03333333333333333,-0.0009709999999999996,0.0014000000000000123,-0.02912999999999999,0.04200000000000037,0.051113177361616156,0.0284376138015182,0.0017037725787205386,124.74407155375127,fast
58,21,2,0.412518,0.462508,0.0291355,0.0356972,1.0,0.03333333333333333,-0.0006999999999999784,0.0012569999999999526,-0.020999999999999353,0.03770999999999858,0.043162994567104186,-0.2385054838353591,0.0014387664855701396,119.11262316334103,fast
59,21,2,0.411527,0.465174,0.0295188,0.0367989,1.0,0.03333333333333333,-0.0009910000000000196,0.0026660000000000017,-0.02973000000000059,0.07998000000000005,0.0853268615384396,1.2649160091400624,0.002844228717947987,110.39100289733301,fast
60,21,2,0.410515,0.465821,0.0314293,0.0399423,1.0,0.03333333333333333,-0.0010119999999999574,0.0006470000000000087,-0.03035999999999872,0.01941000000000026,0.036034396068200344,-1.4787739641071778,0.001201146535606678,147.40807736462705,fast
61,21,2,0.409395,0.466536,0.0312123,0.0401763,1.0,0.03333333333333333,-0.0011200000000000099,0.0007150000000000212,-0.033600000000000296,0.021450000000000635,0.03986304679775553,0.11485952188665549,0.0013287682265918509,147.44612987402104,fast
62,21,2,0.408186,0.467155,0.0310478,0.0403958,1.0,0.03333333333333333,-0.0012090000000000156,0.0006189999999999807,-0.03627000000000047,0.01856999999999942,0.04074748826614976,0.026533244051826985,0.0013582496088716588,152.88785395727712,fast
63,21,2,0.407352,0.468111,0.0315422,0.0416459,1.0,0.03333333333333333,-0.0008340000000000014,0.0009560000000000124,-0.025020000000000042,0.028680000000000372,0.03805972674626058,-0.08063284559667531,0.0012686575582086862,131.1009544738679,fast
64,21,2,0.406208,0.469223,0.0316514,0.04246,1.0,0.03333333333333333,-0.0011439999999999784,0.0011120000000000019,-0.03431999999999935,0.033360000000000056,0.04786180105261355,0.29406222919058894,0.0015953933684204516,135.81265159425317,fast
65,21,2,0.404955,0.471002,0.0318423,0.0433256,1.0,0.03333333333333333,-0.0012530000000000041,0.001778999999999975,-0.03759000000000012,0.05336999999999925,0.06527913142804467,0.5225199112629337,0.002175971047601489,125.1581194667919,fast
66,21,2,0.403092,0.473646,0.0313716,0.0431334,1.0,0.03333333333333333,-0.0018630000000000035,0.002644000000000035,-0.055890000000000106,0.07932000000000106,0.09703274962609366,0.9526085459414697,0.0032344249875364555,125.16906897776926,fast
67,21,2,0.401634,0.475925,0.031267,0.0436002,1.0,0.03333333333333333,-0.0014580000000000148,0.0022789999999999755,-0.043740000000000445,0.06836999999999926,0.08116430557825244,-0.4760533214352368,0.002705476852608414,122.60925414294593,fast
68,21,2,0.400493,0.477645,0.0312523,0.0443126,1.0,0.03333333333333333,-0.0011410000000000031,0.0017199999999999993,-0.034230000000000094,0.05159999999999998,0.06192134446214814,-0.5772888334831289,0.002064044815404938,123.55918516135858,fast
69,21,2,0.399348,0.478766,0.0306589,0.0438976,1.0,0.03333333333333333,-0.0011450000000000071,0.0011210000000000386,-0.034350000000000214,0.03363000000000116,0.048071815027103906,-0.4154858830513271,0.0016023938342367967,135.60681698753723,fast
70,21,2,0.398145,0.480923,0.0304929,0.0439531,1.0,0.03333333333333333,-0.001202999999999954,0.0021569999999999645,-0.03608999999999862,0.06470999999999894,0.07409367179455856,0.7806557030236395,0.002469789059818619,119.1492407417997,fast
71,21,2,0.396728,0.48422,0.0302631,0.0437594,1.0,0.03333333333333333,-0.0014170000000000016,0.0032969999999999944,-0.04251000000000005,0.09890999999999983,0.10765820080235397,1.0069358702338624,0.0035886066934117996,113.25729088924521,fast
72,21,2,0.395084,0.488198,0.0297635,0.0430795,1.0,0.03333333333333333,-0.0016440000000000343,0.003978000000000037,-0.04932000000000103,0.11934000000000111,0.12912977193505906,0.6441471339811528,0.0043043257311686355,112.45398657309909,fast
73,21,2,0.393098,0.490678,0.0302967,0.0437382,1.0,0.03333333333333333,-0.0019859999999999878,0.0024799999999999822,-0.05957999999999963,0.07439999999999947,0.0953159818708273,-1.014413701926953,0.003177199395694243,128.68797172975792,fast
74,21,2,0.391683,0.492042,0.0312634,0.0449281,1.0,0.03333333333333333,-0.0014149999999999996,0.0013639999999999763,-0.04244999999999999,0.04091999999999929,0.05896141874141039,-1.090636893882507,0.0019653806247136797,136.05136983641353,fast
75,21,2,0.389867,0.493121,0.0318396,0.0460292,1.0,0.03333333333333333,-0.0018159999999999843,0.0010789999999999966,-0.05447999999999953,0.0323699999999999,0.06337102886966522,0.13228830384764495,0.0021123676289888406,149.28278544830016,fast
76,21,2,0.387777,0.494774,0.0331713,0.0485082,1.0,0.03333333333333333,-0.0020900000000000363,0.0016530000000000156,-0.06270000000000109,0.04959000000000047,0.07994034087993485,0.49707936030808864,0.002664678029331162,141.65920726613706,fast
77,21,2,0.385798,0.497164,0.0335466,0.049452,1.0,0.03333333333333333,-0.0019790000000000085,0.0023900000000000032,-0.059370000000000256,0.0717000000000001,0.09308967128527228,0.39447991216012296,0.003102989042842409,129.6258943863137,fast
78,21,2,0.384862,0.498726,0.0340346,0.0505564,1.0,0.03333333333333333,-0.0009359999999999924,0.0015620000000000078,-0.028079999999999772,0.046860000000000235,0.05462916803320374,-1.1538150975620562,0.001820972267773458,120.93137994133218,fast
79,21,2,0.383179,0.501407,0.03499,0.0522135,1.0,0.03333333333333333,-0.00168299999999999,0.0026810000000000445,-0.0504899999999997,0.08043000000000133,0.0949643354107224,1.2100550213255599,0.00316547784702408,122.11858170096457,fast
80,21,2,0.381199,0.504662,0.0365469,0.0551687,1.0,0.03333333333333333,-0.0019799999999999818,0.003255000000000008,-0.05939999999999945,0.09765000000000024,0.11429734248879096,0.5799902123420569,0.003809911416293032,121.3119372667278,fast
81,21,2,0.379496,0.507306,0.0353892,0.0536579,1.0,0.03333333333333333,-0.00170300000000001,0.0026439999999999797,-0.0510900000000003,0.07931999999999939,0.09434961844119952,-0.5984317214277434,0.0031449872813733167,122.7855788537156,fast
82,21,2,0.377843,0.507559,0.0362877,0.0555997,1.0,0.03333333333333333,-0.0016530000000000156,0.0002529999999999477,-0.04959000000000047,0.007589999999998431,0.05016748149947357,-1.3254641082517786,0.0016722493833157856,171.29812180463318,fast
83,21,2,0.375851,0.508601,0.0363174,0.0560412,1.0,0.03333333333333333,-0.0019919999999999938,0.0010419999999999874,-0.05975999999999981,0.03125999999999962,0.06744216188705664,0.5182404116274921,0.0022480720629018875,152.3862772951694,fast
84,21,2,0.374217,0.510885,0.0359272,0.0557142,1.0,0.03333333333333333,-0.0016339999999999688,0.0022840000000000638,-0.049019999999999064,0.06852000000000191,0.08424933708938113,0.5042152560697349,0.002808311236312704,125.58036857102701,fast
85,21,2,0.371448,0.513496,0.0376554,0.059058,1.0,0.03333333333333333,-0.0027690000000000214,0.002610999999999919,-0.08307000000000064,0.07832999999999757,0.11417624008522845,0.8978070898754194,0.0038058746695076146,136.68218065150484,fast
86,21,2,0.368664,0.517577,0.038206,0.0603974,1.0,0.03333333333333333,-0.0027840000000000087,0.004081000000000001,-0.08352000000000026,0.12243000000000004,0.14820490983769752,1.020860092574072,0.004940163661256584,124.30125079457736,fast
87,21,2,0.366095,0.521666,0.0369756,0.058516,1.0,0.03333333333333333,-0.002568999999999988,0.004089000000000009,-0.07706999999999964,0.12267000000000028,0.14487136984235363,-0.10000619986031661,0.004829045661411789,122.13995390270458,fast
88,21,2,0.363984,0.52424,0.0373513,0.0589977,1.0,0.03333333333333333,-0.0021110000000000295,0.0025740000000000762,-0.06333000000000089,0.07722000000000229,0.09986799937918285,-1.3501011138951233,0.0033289333126394283,129.35601152620217,fast
89,21,2,0.361639,0.526248,0.0363679,0.0573745,1.0,0.03333333333333333,-0.002344999999999986,0.0020080000000000098,-0.07034999999999958,0.06024000000000029,0.09261738551697503,-0.21751841586623466,0.0030872461838991677,139.42688723492688,fast
90,21,2,0.359485,0.530246,0.0388436,0.0611733,1.0,0.03333333333333333,-0.0021539999999999893,0.003997999999999946,-0.06461999999999968,0.11993999999999838,0.136240038167932,1.3086795795287094,0.004541334605597734,118.31442772888329,fast
91,21,2,0.357055,0.533359,0.0406,0.0642469,1.0,0.03333333333333333,-0.0024299999999999877,0.0031130000000000324,-0.07289999999999963,0.09339000000000097,0.11847405665376758,-0.532979445424933,0.003949135221792252,127.97550915661816,fast
92,21,2,0.354593,0.53636,0.0417112,0.0665397,1.0,0.03333333333333333,-0.0024620000000000197,0.0030009999999999204,-0.07386000000000059,0.09002999999999761,0.11645042078068957,-0.060709076192340256,0.003881680692689652,129.36522098752425,fast
93,21,2,0.352364,0.539842,0.0441243,0.0708561,1.0,0.03333333333333333,-0.002228999999999981,0.003482000000000096,-0.06686999999999943,0.10446000000000288,0.12403019188891279,0.22739313324669663,0.004134339729630426,122.62531283609957,fast
94,21,2,0.349111,0.544294,0.0438682,0.0704588,1.0,0.03333333333333333,-0.003253000000000006,0.0044519999999999005,-0.09759000000000018,0.13355999999999701,0.16541487750501535,1.241540568483077,0.005513829250167179,126.15495858116185,fast
95,21,2,0.346184,0.547284,0.0442459,0.0709903,1.0,0.03333333333333333,-0.002927000000000013,0.002990000000000048,-0.08781000000000039,0.08970000000000145,0.12552563921366952,-1.196677148740375,0.004184187973788984,134.3899784152661,fast
96,21,2,0.342595,0.55021,0.0442144,0.0712792,1.0,0.03333333333333333,-0.003589000000000009,0.002925999999999984,-0.10767000000000027,0.08777999999999953,0.13891780771377,0.4017650550030141,0.004630593590459,140.8107102562742,fast
97,21,2,0.339947,0.553992,0.0456792,0.0741791,1.0,0.03333333333333333,-0.0026479999999999837,0.003782000000000063,-0.07943999999999951,0.11346000000000189,0.13850590312329777,-0.012357137714166522,0.00461686343744326,124.99812025313571,fast
98,21,2,0.336864,0.558254,0.0467162,0.0764868,1.0,0.03333333333333333,-0.0030830000000000024,0.004261999999999988,-0.09249000000000007,0.12785999999999964,0.1578055122611372,0.578988274135183,0.005260183742037907,125.88082284719366,fast
99,21,2,0.333675,0.563859,0.0477069,0.0780656,1.0,0.03333333333333333,-0.0031889999999999974,0.005604999999999971,-0.09566999999999992,0.16814999999999913,0.19346103328577488,1.0696656307391303,0.006448701109525829,119.63798425391064,fast
100,21,2,0.330227,0.568374,0.0495378,0.0814441,1.0,0.03333333333333333,-0.0034480000000000066,0.004515000000000047,-0.1034400000000002,0.1354500000000014,0.17043044358330006,-0.6909176910742446,0.005681014786110002,127.36812679776523,fast
101,21,2,0.326255,0.574628,0.0493709,0.0809405,1.0,0.03333333333333333,-0.0039719999999999756,0.006253999999999982,-0.11915999999999927,0.18761999999999945,0.22226194006172,1.5549448943525985,0.0074087313353906675,122.42018258323253,fast
102,21,2,0.32247,0.578864,0.0504859,0.0828773,1.0,0.03333333333333333,-0.0037850000000000383,0.0042360000000000175,-0.11355000000000115,0.12708000000000053,0.1704198606383669,-1.5552623827005936,0.0056806620212788966,131.78179573005718,fast
103,21,2,0.319044,0.583744,0.0532735,0.0880477,1.0,0.03333333333333333,-0.0034259999999999846,0.0048799999999999955,-0.10277999999999954,0.14639999999999986,0.1788761817571022,0.2536896335620595,0.0059625393919034075,125.07074260720236,fast
104,21,2,0.314609,0.588097,0.0547365,0.0907808,1.0,0.03333333333333333,-0.004434999999999967,0.00435299999999994,-0.133049999999999,0.1305899999999982,0.1864297470898871,0.22660695998354685,0.006214324902996237,135.5346060053232,fast
105,21,2,0.310553,0.594414,0.0557574,0.0922186,1.0,0.03333333333333333,-0.004056000000000004,0.006317000000000017,-0.12168000000000012,0.1895100000000005,0.22521115092286223,1.1634421149892538,0.007507038364095407,122.70358432316732,fast
106,21,2,0.305524,0.601406,0.0585332,0.0972655,1.0,0.03333333333333333,-0.005029000000000006,0.006991999999999998,-0.15087000000000017,0.20975999999999995,0.2583815289450855,0.9951113406666976,0.008612717631502849,125.72559805675888,fast
107,21,2,0.300625,0.607848,0.0588149,0.0974615,1.0,0.03333333333333333,-0.004899000000000042,0.006442000000000059,-0.14697000000000127,0.19326000000000176,0.24279540461055077,-0.46758373003604137,0.008093180153685025,127.25219422053607,fast
108,21,2,0.296029,0.614036,0.0612124,0.101761,1.0,0.03333333333333333,-0.004595999999999989,0.006187999999999971,-0.13787999999999967,0.18563999999999914,0.23124252204125345,-0.34658647707891954,0.007708084068041782,126.60230124406161,fast
109,21,2,0.291078,0.621466,0.0637472,0.106327,1.0,0.03333333333333333,-0.004950999999999983,0.007429999999999937,-0.1485299999999995,0.2228999999999981,0.2678536370856274,1.0983334513312193,0.008928454569520914,123.67760882660525,fast
110,21,2,0.286339,0.627554,0.0655696,0.109772,1.0,0.03333333333333333,-0.004738999999999993,0.006087999999999982,-0.1421699999999998,0.18263999999999947,0.23145124432588335,-1.0920717827923223,0.0077150414775294445,127.8977808110725,fast
111,21,2,0.281077,0.635246,0.0680035,0.114209,1.0,0.03333333333333333,-0.005261999999999989,0.007692000000000032,-0.15785999999999967,0.23076000000000096,0.27958890750528775,1.4441298953821322,0.009319630250176257,124.37553789652469,fast
112,21,2,0.275151,0.644518,0.0703751,0.118492,1.0,0.03333333333333333,-0.005926000000000042,0.009272000000000058,-0.17778000000000127,0.27816000000000174,0.3301192420929162,1.5159100376288537,0.01100397473643054,122.58380774044974,fast
113,21,2,0.269174,0.653044,0.0718077,0.121263,1.0,0.03333333333333333,-0.005976999999999955,0.008525999999999923,-0.17930999999999864,0.2557799999999977,0.3123707484704647,-0.5324548086735453,0.010412358282348823,125.0316902808683,fast
114,21,2,0.262738,0.661036,0.0743771,0.125671,1.0,0.03333333333333333,-0.006435999999999997,0.007991999999999999,-0.19307999999999992,0.23975999999999997,0.30783882796034673,-0.13595761530353911,0.01026129426534489,128.84467771568063,fast
115,21,2,0.256173,0.67098,0.0770591,0.130524,1.0,0.03333333333333333,-0.006565000000000043,0.009944000000000064,-0.1969500000000013,0.2983200000000019,0.3574690544648609,1.4889067951354247,0.011915635148828695,123.43267701672323,fast
116,21,2,0.249478,0.682289,0.0795425,0.134906,1.0,0.03333333333333333,-0.006694999999999979,0.011309000000000013,-0.20084999999999936,0.3392700000000004,0.39426495583553967,1.1038770411203636,0.01314216519451799,120.62580283245012,fast
117,21,2,0.24204,0.693137,0.0826723,0.140632,1.0,0.03333333333333333,-0.007438,0.010847999999999969,-0.22314,0.32543999999999906,0.3945917551089979,0.009803978203747343,0.013153058503633264,124.43673111243288,fast
118,21,2,0.234247,0.702031,0.0849182,0.144461,1.0,0.03333333333333333,-0.007792999999999994,0.008893999999999957,-0.23378999999999983,0.2668199999999987,0.35475438897919115,-1.195120983894203,0.011825146299306371,131.22512420049287,fast
119,21,2,0.225796,0.713256,0.0898547,0.153476,1.0,0.03333333333333333,-0.008451000000000014,0.01122500000000004,-0.2535300000000004,0.3367500000000012,0.4215187106167424,2.0029296491265374,0.014050623687224748,126.97510521349619,fast
120,21,2,0.216931,0.725623,0.0931662,0.159186,1.0,0.03333333333333333,-0.008864999999999984,0.012367000000000017,-0.2659499999999995,0.3710100000000005,0.4564841975359061,1.0489646075749104,0.015216139917863535,125.6339775430971,fast
121,21,2,0.207429,0.739438,0.0959786,0.163708,1.0,0.03333333333333333,-0.00950200000000001,0.013815000000000022,-0.2850600000000003,0.41445000000000065,0.5030188923887459,1.3960408455851936,0.016767296412958196,124.52031434284243,fast
122,21,2,0.197384,0.752662,0.100265,0.170839,1.0,0.03333333333333333,-0.010044999999999998,0.013224000000000014,-0.30134999999999995,0.3967200000000004,0.49819532404469663,-0.14470705032147702,0.016606510801489886,127.22044012791844,fast
123,21,2,0.1865,0.768201,0.10545,0.179653,1.0,0.03333333333333333,-0.010884000000000005,0.01553899999999997,-0.32652000000000014,0.4661699999999991,0.5691482928903496,2.12858906536959,0.018971609763011654,125.00859697666488,fast
124,21,2,0.174679,0.785403,0.110927,0.188984,1.0,0.03333333333333333,-0.011820999999999998,0.01720199999999994,-0.35462999999999995,0.5160599999999982,0.6261632059615113,1.7104473921348506,0.02087210686538371,124.49636437224058,fast
125,21,2,0.161998,0.80415,0.116426,0.198386,1.0,0.03333333333333333,-0.012680999999999998,0.01874700000000007,-0.38042999999999993,0.5624100000000021,0.6789933674197431,1.5849048437469548,0.02263311224732477,124.07553017305327,fast
126,21,2,0.148433,0.824735,0.123115,0.2093,1.0,0.03333333333333333,-0.013564999999999994,0.020584999999999964,-0.4069499999999998,0.6175499999999989,0.7395784643971176,1.817552909321234,0.024652615479903918,123.38388272316377,fast
127,21,2,0.133582,0.845947,0.131883,0.224155,1.0,0.03333333333333333,-0.014851000000000003,0.02121200000000001,-0.4455300000000001,0.6363600000000003,0.7768211058538512,1.1172792437020085,0.025894036861795044,124.996733259819,fast
128,21,2,0.117461,0.86906,0.138914,0.235381,1.0,0.03333333333333333,-0.01612100000000001,0.02311300000000005,-0.48363000000000034,0.6933900000000015,0.8453920208991818,2.057127451359916,0.028179734029972724,124.89524391339984,fast
129,21,2,0.100116,0.883514,0.137414,0.229338,1.0,0.03333333333333333,-0.017345,0.014453999999999967,-0.52035,0.433619999999999,0.6773407022318969,-5.0415395600185455,0.022578023407729894,140.19475382425696,fast
130,21,2,0.0842023,0.893729,0.132603,0.212541,1.0,0.03333333333333333,-0.015913700000000003,0.010214999999999974,-0.4774110000000001,0.3064499999999992,0.5673031512524848,-3.3011265293823646,0.018910105041749493,147.3036048280689,fast
131,21,2,0.0777312,0.901536,0.127119,0.196928,1.0,0.03333333333333333,-0.0064710999999999935,0.007807000000000008,-0.1941329999999998,0.23421000000000025,0.30420707715140366,-7.892882223032433,0.010140235905046788,129.6548035441591,fast
44,24,2,0.418552,0.487532,0.0450173,0.0558641,,,,,0.0,0.0,0.0,0.0,0.0,0.0,stationary
46,24,2,0.412268,0.49168,0.0446673,0.055479,2.0,0.06666666666666667,-0.006283999999999956,0.004147999999999985,-0.09425999999999934,0.062219999999999775,0.11294368508243323,0.0,0.007529579005495548,146.57163231389723,fast
50,24,2,0.408586,0.502748,0.049373,0.0608952,4.0,0.13333333333333333,-0.0036820000000000186,0.011067999999999967,-0.02761500000000014,0.08300999999999975,0.08748284588992271,-0.1909562939438289,0.011664379451989695,108.40077577624265,fast
52,24,2,0.404342,0.505591,0.0508686,0.0622065,2.0,0.06666666666666667,-0.0042440000000000255,0.00284300000000004,-0.06366000000000038,0.0426450000000006,0.07662370145718686,-0.16288716649103774,0.005108246763812457,146.18238751367016,fast
53,24,2,0.40224,0.509371,0.0496371,0.0599633,1.0,0.03333333333333333,-0.0021019999999999928,0.0037800000000000056,-0.06305999999999978,0.11340000000000017,0.12975408895291127,1.5939116248717322,0.004325136298430376,119.07776430511933,fast
54,24,2,0.398559,0.514042,0.0486343,0.0585685,1.0,0.03333333333333333,-0.00368099999999999,0.004670999999999981,-0.1104299999999997,0.14012999999999942,0.17841300905483257,1.459767603057639,0.005947100301827752,128.2400168613874,fast
56,24,2,0.39459,0.520928,0.0545799,0.0660745,2.0,0.06666666666666667,-0.003969,0.006885999999999948,-0.059535000000000005,0.10328999999999922,0.11921929510360242,-0.8879057092684521,0.007947953006906828,119.95858378147142,fast
63,24,2,0.382317,0.544943,0.0667516,0.0796646,7.0,0.23333333333333334,-0.012272999999999978,0.02401500000000001,-0.052598571428571335,0.10292142857142861,0.11558300123941324,-0.01558411656081076,0.026969366955863088,117.06955796154864,fast
64,24,2,0.375243,0.547263,0.0683308,0.0835773,1.0,0.03333333333333333,-0.007074000000000025,0.0023200000000000998,-0.21222000000000074,0.06960000000000299,0.2233416405420197,3.2327591790781933,0.0074447213514006565,161.8424986246721,fast
65,24,2,0.371141,0.55172,0.0678403,0.0839362,1.0,0.03333333333333333,-0.0041019999999999945,0.004456999999999933,-0.12305999999999984,0.133709999999998,0.18171991552936465,-1.2486517503796513,0.006057330517645489,132.62491530049033,fast
46,27,2,0.457094,0.411727,0.0235031,0.0265446,,,,,0.0,0.0,0.0,0.0,0.0,0.0,stationary
47,27,2,0.456225,0.411906,0.0235328,0.0266365,1.0,0.03333333333333333,-0.0008690000000000087,0.00017899999999998473,-0.02607000000000026,0.005369999999999542,0.026617321427972587,0.0,0.0008872440475990862,168.36078506213425,moving
48,27,2,0.455348,0.412143,0.0237789,0.0270391,1.0,0.03333333333333333,-0.0008770000000000167,0.00023699999999998722,-0.0263100000000005,0.007109999999999617,0.02725377405057914,0.01909357867819657,0.0009084591350193047,164.87763822371312,moving
49,27,2,0.454955,0.412511,0.0240152,0.0274781,1.0,0.03333333333333333,-0.0003929999999999767,0.00036800000000003497,-0.011789999999999301,0.011040000000001049,0.016151956537831778,-0.33305452538242086,0.0005383985512610592,136.8815762559638,moving
50,27,2,0.454769,0.412526,0.023851,0.0274618,1.0,0.03333333333333333,-0.00018600000000001948,1.4999999999987246e-05,-0.0055800000000005845,0.00044999999999961737,0.005598115754430787,-0.31661522350202975,0.00018660385848102623,175.38935068134379,slow
51,27,2,0.454033,0.412884,0.0237396,0.0275947,1.0,0.03333333333333333,-0.0007359999999999589,0.00035799999999996945,-0.022079999999998767,0.010739999999999084,0.02455349262324865,0.5686613060645359,0.0008184497541082884,154.06110727645785,moving
52,27,2,0.453181,0.413314,0.0239109,0.0281673,1.0,0.03333333333333333,-0.0008520000000000194,0.00043000000000004146,-0.025560000000000582,0.012900000000001244,0.02863081556644976,0.12231968829603326,0.0009543605188816587,153.2201577784624,moving
56,27,2,0.450154,0.416358,0.0240895,0.0288939,4.0,0.13333333333333333,-0.003027000000000002,0.003043999999999991,-0.022702500000000014,0.022829999999999934,0.032196465741599616,0.026742376313623924,0.004292862098879949,134.83956091156085,fast
57,27,2,0.449643,0.415953,0.0247636,0.0302849,1.0,0.03333333333333333,-0.0005109999999999837,-0.0004049999999999887,-0.01532999999999951,-0.012149999999999661,0.01956096623380289,-0.3790649852339018,0.0006520322077934297,218.39906279409217,moving
58,27,2,0.449078,0.416663,0.024534,0.0305445,1.0,0.03333333333333333,-0.0005650000000000377,0.0007099999999999884,-0.01695000000000113,0.021299999999999653,0.027221177417592054,0.22980633551367494,0.0009073725805864017,128.5118848834918,moving
59,27,2,0.448081,0.418384,0.0244379,0.0308788,1.0,0.03333333333333333,-0.0009969999999999701,0.0017209999999999726,-0.029909999999999104,0.05162999999999918,0.059667956224424695,0.9734033642049792,0.00198893187414749,120.08432846691426,fast
60,27,2,0.447488,0.419344,0.0251079,0.0322991,1.0,0.03333333333333333,-0.0005930000000000102,0.0009600000000000164,-0.017790000000000306,0.028800000000000492,0.0338515007052869,-0.7744936655741339,0.0011283833568428965,121.70397089672394,fast
61,27,2,0.447377,0.419713,0.0246529,0.0321955,1.0,0.03333333333333333,-0.00011099999999997223,0.0003690000000000082,-0.003329999999999167,0.011070000000000246,0.01156000865051579,-0.6687447616431332,0.0003853336216838597,106.74197038528882,moving
62,27,2,0.446898,0.420244,0.0242143,0.0321432,1.0,0.03333333333333333,-0.0004790000000000072,0.0005310000000000037,-0.014370000000000216,0.01593000000000011,0.021453712965358928,0.29681112944529414,0.0007151237655119643,132.05272058229644,moving
63,27,2,0.446106,0.421095,0.0239968,0.0323945,1.0,0.03333333333333333,-0.0007920000000000149,0.0008509999999999907,-0.023760000000000447,0.02552999999999972,0.03487575805627753,0.4026613527275581,0.0011625252685425844,132.94339679932636,fast
64,27,2,0.445858,0.422351,0.0243204,0.0333828,1.0,0.03333333333333333,-0.000248000000000026,0.0012559999999999794,-0.007440000000000779,0.03767999999999938,0.038407499267720684,0.10595223634329458,0.0012802499755906896,101.16950192308423,fast
65,27,2,0.444962,0.423499,0.0230182,0.0320067,1.0,0.03333333333333333,-0.0008959999999999524,0.0011480000000000379,-0.02687999999999857,0.034440000000001136,0.04368807617645805,0.15841730726212097,0.001456269205881935,127.97160376104802,fast
66,27,2,0.443782,0.424151,0.0221548,0.0312689,1.0,0.03333333333333333,-0.0011800000000000144,0.0006519999999999859,-0.03540000000000043,0.019559999999999578,0.040444450793650465,-0.09730876148422753,0.001348148359788349,151.0774896830568,fast
67,27,2,0.442925,0.424773,0.0216117,0.0309455,1.0,0.03333333333333333,-0.0008569999999999967,0.0006220000000000114,-0.0257099999999999,0.018660000000000343,0.03176790361355322,-0.26029641540291726,0.001058930120451774,144.02831922480738,fast
68,27,2,0.442102,0.425253,0.021155,0.0305429,1.0,0.03333333333333333,-0.0008230000000000182,0.00047999999999998044,-0.024690000000000545,0.014399999999999413,0.028582443912304106,-0.09556379103747348,0.0009527481304101368,149.7478916200477,moving
69,27,2,0.441637,0.425746,0.0210776,0.030697,1.0,0.03333333333333333,-0.0004649999999999932,0.0004930000000000212,-0.013949999999999796,0.014790000000000636,0.02033092718003813,-0.24754550196797934,0.0006776975726679376,133.32586091747623,moving
70,27,2,0.441571,0.426019,0.0212891,0.0313415,1.0,0.03333333333333333,-6.60000000000105e-05,0.0002729999999999677,-0.001980000000000315,0.008189999999999031,0.008425942083825725,-0.3571495528863721,0.00028086473612752414,103.590948447845,slow
71,27,2,0.441292,0.42638,0.0214781,0.0320011,1.0,0.03333333333333333,-0.0002789999999999737,0.0003610000000000002,-0.008369999999999211,0.010830000000000006,0.013687432191612382,0.1578447032335997,0.0004562477397204127,127.69875728019815,moving
72,27,2,0.441085,0.427115,0.0218969,0.0328402,1.0,0.03333333333333333,-0.00020700000000001273,0.0007350000000000412,-0.006210000000000382,0.022050000000001235,0.022907784703023102,0.27661057534232164,0.0007635928234341035,105.72895307914416,moving
73,27,2,0.440584,0.427569,0.0223729,0.0338593,1.0,0.03333333333333333,-0.0005010000000000292,0.00045399999999995444,-0.015030000000000876,0.013619999999998633,0.020283128456921755,-0.07873968738304042,0.0006761042818973919,137.8175190028503,moving
74,27,2,0.439944,0.428301,0.0222969,0.0337657,1.0,0.03333333333333333,-0.0006399999999999739,0.0007320000000000104,-0.019199999999999218,0.021960000000000313,0.029169874871174607,0.26660239242758554,0.0009723291623724868,131.16375187752976,moving
75,27,2,0.439157,0.428859,0.0226557,0.0339663,1.0,0.03333333333333333,-0.0007869999999999822,0.0005580000000000029,-0.023609999999999465,0.016740000000000088,0.02894235132120363,-0.00682570649912926,0.0009647450440401211,144.66253558829476,moving
76,27,2,0.438249,0.429474,0.0225671,0.0336097,1.0,0.03333333333333333,-0.0009080000000000199,0.0006150000000000322,-0.027240000000000597,0.018450000000000966,0.0329001534950837,0.118734065216402,0.0010966717831694566,145.8897129967039,fast
77,27,2,0.437157,0.431235,0.0218034,0.0322594,1.0,0.03333333333333333,-0.0010919999999999819,0.001760999999999957,-0.032759999999999456,0.05282999999999871,0.0621629029244921,0.8778824828822521,0.0020720967641497364,121.80314296009783,fast
78,27,2,0.435812,0.432266,0.0210021,0.0308501,1.0,0.03333333333333333,-0.0013450000000000406,0.0010310000000000041,-0.04035000000000122,0.030930000000000124,0.050840804478293866,-0.33966295338594704,0.0016946934826097956,142.5282922694463,fast
79,27,2,0.435113,0.43329,0.020893,0.030535,1.0,0.03333333333333333,-0.0006989999999999497,0.0010240000000000249,-0.02096999999999849,0.030720000000000747,0.03719488271254505,-0.40937765297246453,0.0012398294237515016,124.3181169108397,fast
80,27,2,0.434511,0.43438,0.0211333,0.0308304,1.0,0.03333333333333333,-0.0006020000000000469,0.0010899999999999799,-0.018060000000001408,0.032699999999999396,0.037355770638550764,0.00482663778017145,0.0012451923546183588,118.91158840979534,fast
81,27,2,0.43377,0.435256,0.0212808,0.0310134,1.0,0.03333333333333333,-0.0007409999999999917,0.0008759999999999879,-0.02222999999999975,0.026279999999999637,0.034421088013018554,-0.08804047876596631,0.001147369600433952,130.2275611683154,fast
82,27,2,0.43312,0.436273,0.0211948,0.0307632,1.0,0.03333333333333333,-0.0006499999999999839,0.0010170000000000456,-0.019499999999999518,0.03051000000000137,0.03620925434195055,0.053644989867959805,0.001206975144731685,122.58405794932537,fast
83,27,2,0.432338,0.437099,0.0213145,0.0307617,1.0,0.03333333333333333,-0.0007820000000000049,0.0008259999999999934,-0.023460000000000147,0.024779999999999802,0.034123598872334626,-0.06256966408847764,0.0011374532957444876,133.4325961547819,fast
84,27,2,0.431819,0.437749,0.0222976,0.0319878,1.0,0.03333333333333333,-0.0005189999999999917,0.0006499999999999839,-0.01556999999999975,0.019499999999999518,0.024953454670645775,-0.27510432605066554,0.0008317818223548591,128.60601951706354,moving
85,27,2,0.431197,0.439196,0.0229898,0.0328449,1.0,0.03333333333333333,-0.0006220000000000114,0.001446999999999976,-0.018660000000000343,0.04340999999999928,0.04725064761460895,0.6689157883188952,0.0015750215871536315,113.26068679060108,fast
86,27,2,0.431131,0.440982,0.0243546,0.0346667,1.0,0.03333333333333333,-6.60000000000105e-05,0.0017860000000000098,-0.001980000000000315,0.053580000000000294,0.05361657206498782,0.19097773351136627,0.0017872190688329275,92.11635022540747,fast
87,27,2,0.4305,0.442505,0.0251167,0.035659,1.0,0.03333333333333333,-0.0006309999999999927,0.0015229999999999966,-0.01892999999999978,0.0456899999999999,0.049456253396309574,-0.12480956006034744,0.0016485417798769858,112.50490460027646,fast
88,27,2,0.429467,0.443427,0.0258319,0.0364794,1.0,0.03333333333333333,-0.0010330000000000061,0.0009220000000000339,-0.030990000000000184,0.027660000000001017,0.04153860493565074,-0.23752945381976512,0.0013846201645216912,138.24962183399452,fast
89,27,2,0.428604,0.44445,0.0266827,0.0376708,1.0,0.03333333333333333,-0.0008630000000000027,0.0010229999999999961,-0.02589000000000008,0.030689999999999884,0.04015181440483104,-0.04160371592459099,0.0013383938134943678,130.15088730811448,fast
90,27,2,0.428871,0.445726,0.0266655,0.0371122,1.0,0.03333333333333333,0.0002670000000000172,0.0012759999999999994,0.008010000000000517,0.03827999999999998,0.03910905905285893,-0.03128266055916332,0.0013036353017619642,78.1815129574029,fast
91,27,2,0.429624,0.447788,0.0274714,0.0373944,1.0,0.03333333333333333,0.0007530000000000037,0.0020620000000000083,0.02259000000000011,0.06186000000000025,0.06585565807127004,0.8023979705523335,0.0021951886023756683,69.93884603345862,fast
92,27,2,0.429243,0.448487,0.0286404,0.0383286,1.0,0.03333333333333333,-0.0003810000000000202,0.0006990000000000052,-0.011430000000000606,0.020970000000000155,0.023882751097811582,-1.2591872092037537,0.0007960917032603861,118.59322785309848,moving
93,27,2,0.427711,0.448774,0.0298764,0.0399324,1.0,0.03333333333333333,-0.0015319999999999778,0.0002869999999999817,-0.045959999999999335,0.008609999999999451,0.04675953057933676,0.6863033844457553,0.0015586510193112252,169.3893772827132,fast
94,27,2,0.427126,0.449917,0.0298553,0.0394039,1.0,0.03333333333333333,-0.0005850000000000022,0.0011430000000000051,-0.017550000000000066,0.034290000000000154,0.03852021027980004,-0.2471796089861015,0.001284007009326668,117.1038670749607,fast
95,27,2,0.423235,0.450162,0.0306386,0.0411599,1.0,0.03333333333333333,-0.0038910000000000333,0.0002449999999999952,-0.116730000000001,0.007349999999999857,0.1169611704797803,2.3532288059994078,0.0038987056826593433,176.39708081057358,fast
96,27,2,0.421372,0.450256,0.0308554,0.0421478,1.0,0.03333333333333333,-0.001862999999999948,9.399999999998299e-05,-0.05588999999999844,0.0028199999999994896,0.055961098095014386,-1.8300021715429775,0.0018653699365004796,177.11151916794358,fast
97,27,2,0.419949,0.451486,0.030463,0.0423539,1.0,0.03333333333333333,-0.0014230000000000076,0.0012300000000000089,-0.04269000000000023,0.036900000000000266,0.056427352409979675,0.013987629448958677,0.0018809117469993225,139.1608140903852,fast
98,27,2,0.419069,0.452587,0.0306723,0.0434775,1.0,0.03333333333333333,-0.0008799999999999919,0.0011010000000000186,-0.026399999999999757,0.03303000000000056,0.04228405018443744,-0.42429906676626705,0.0014094683394812481,128.6344140044444,fast
99,27,2,0.417737,0.456947,0.02684,0.0376326,1.0,0.03333333333333333,-0.0013319999999999999,0.004359999999999975,-0.039959999999999996,0.13079999999999925,0.13676783832465805,2.8345136442066186,0.004558927944155269,106.98815234685554,fast
100,27,2,0.416318,0.458166,0.0266587,0.0374273,1.0,0.03333333333333333,-0.0014190000000000036,0.0012190000000000256,-0.04257000000000011,0.03657000000000077,0.05612102814453835,-2.4194043054035914,0.0018707009381512783,139.33558600842105,fast
101,27,2,0.41505,0.459836,0.0258764,0.0363486,1.0,0.03333333333333333,-0.0012680000000000469,0.0016700000000000048,-0.038040000000001406,0.050100000000000144,0.06290509995223059,0.20352215423076728,0.002096836665074353,127.20872795098046,fast
102,27,2,0.413571,0.460647,0.0259056,0.0364926,1.0,0.03333333333333333,-0.0014789999999999526,0.0008109999999999506,-0.04436999999999858,0.02432999999999852,0.05060282403186409,-0.369068277610995,0.0016867608010621364,151.26212622482922,fast
103,27,2,0.412605,0.461963,0.0280703,0.0401411,1.0,0.03333333333333333,-0.0009660000000000224,0.0013160000000000394,-0.028980000000000672,0.03948000000000118,0.04897459341332128,-0.048846918556284466,0.0016324864471107094,126.28025349376253,fast
104,27,2,0.412061,0.463321,0.0289263,0.0417747,1.0,0.03333333333333333,-0.0005439999999999889,0.0013579999999999703,-0.016319999999999668,0.04073999999999911,0.04388724188189452,-0.1526205459428026,0.0014629080627298174,111.83050101952745,fast
105,27,2,0.411176,0.464632,0.0294337,0.0426262,1.0,0.03333333333333333,-0.0008850000000000247,0.0013110000000000066,-0.02655000000000074,0.0393300000000002,0.04745262268831993,0.10696142419276217,0.001581754089610664,124.0216017398559,fast
106,27,2,0.409327,0.467111,0.029214,0.0423985,1.0,0.03333333333333333,-0.0018489999999999895,0.002479000000000009,-0.055469999999999686,0.07437000000000027,0.0927783261327774,1.359771103333724,0.00309261087109258,126.71797877790374,fast
107,27,2,0.408014,0.467876,0.0299636,0.0437917,1.0,0.03333333333333333,-0.0013130000000000086,0.0007650000000000157,-0.03939000000000026,0.02295000000000047,0.04558809713072089,-1.4157068700616953,0.0015196032376906963,149.77341710759003,fast
108,27,2,0.406781,0.468468,0.0299813,0.0441349,1.0,0.03333333333333333,-0.0012329999999999841,0.0005919999999999814,-0.03698999999999952,0.017759999999999443,0.04103264188423583,-0.13666365739455164,0.0013677547294745278,154.35295175123883,fast
109,27,2,0.405602,0.469305,0.0303277,0.0450971,1.0,0.03333333333333333,-0.0011789999999999856,0.0008370000000000322,-0.03536999999999957,0.025110000000000965,0.04337682560999615,0.07032551177280959,0.0014458941869998716,144.62815612848533,fast
110,27,2,0.404597,0.469895,0.0309467,0.046542,1.0,0.03333333333333333,-0.0010050000000000336,0.0005899999999999794,-0.03015000000000101,0.017699999999999383,0.03496158606242055,-0.25245718642726805,0.0011653862020806851,149.58430999901293,fast
111,27,2,0.402956,0.47292,0.0303701,0.0460773,1.0,0.03333333333333333,-0.0016410000000000036,0.003025,-0.04923000000000011,0.09075,0.10324318573155329,2.0484479900739823,0.00344143952438511,118.47891651516557,fast
112,27,2,0.401578,0.474806,0.030502,0.0468566,1.0,0.03333333333333333,-0.0013779999999999903,0.0018859999999999988,-0.04133999999999971,0.056579999999999964,0.0700734757237,-0.9950913002355988,0.002335782524123333,126.15361506202157,fast
113,27,2,0.400366,0.476565,0.0305378,0.047203,1.0,0.03333333333333333,-0.0012119999999999909,0.0017590000000000106,-0.036359999999999726,0.05277000000000032,0.06408371477996586,-0.1796928283120243,0.002136123825998862,124.56792403011099,fast
114,27,2,0.399345,0.47744,0.0306498,0.0476127,1.0,0.03333333333333333,-0.0010209999999999941,0.0008749999999999591,-0.030629999999999824,0.026249999999998774,0.04033930341490697,-0.7123323409517666,0.0013446434471635655,139.403327100531,fast
115,27,2,0.39783,0.480738,0.0294504,0.0454995,1.0,0.03333333333333333,-0.0015149999999999886,0.003298000000000023,-0.04544999999999966,0.0989400000000007,0.10887987004033439,2.0562169987628227,0.00362932900134448,114.6725983895227,fast
116,27,2,0.395952,0.48667,0.0264287,0.0402272,1.0,0.03333333333333333,-0.0018779999999999908,0.005931999999999993,-0.056339999999999724,0.17795999999999979,0.1866653615430562,2.3335647450816546,0.006222178718101874,107.56716206322994,fast
117,27,2,0.393508,0.487588,0.0292468,0.0446741,1.0,0.03333333333333333,-0.0024440000000000017,0.0009180000000000299,-0.07332000000000005,0.027540000000000897,0.07832160621437775,-3.250312659860354,0.0026107202071459254,159.41313126710884,fast
118,27,2,0.391697,0.488182,0.0313081,0.0480706,1.0,0.03333333333333333,-0.001811000000000007,0.0005939999999999834,-0.05433000000000021,0.017819999999999503,0.05717780426004487,-0.6343140586299865,0.0019059268086681624,161.84073804997695,fast
119,27,2,0.390446,0.489344,0.0320756,0.0493695,1.0,0.03333333333333333,-0.0012510000000000021,0.0011619999999999964,-0.03753000000000006,0.03485999999999989,0.05122226566640719,-0.17866615780913053,0.0017074088555469064,137.11231408840524,fast
120,27,2,0.388998,0.491516,0.0323448,0.0498114,1.0,0.03333333333333333,-0.0014480000000000048,0.0021720000000000073,-0.043440000000000145,0.06516000000000022,0.07831257370307812,0.8127092411001279,0.002610419123435937,123.69006752597977,fast
121,27,2,0.387117,0.49336,0.0335696,0.0518965,1.0,0.03333333333333333,-0.0018810000000000215,0.0018440000000000123,-0.056430000000000646,0.05532000000000037,0.07902308080554765,0.02131521307408596,0.002634102693518255,135.5690937252764,fast
122,27,2,0.385754,0.495782,0.033844,0.0525245,1.0,0.03333333333333333,-0.001363000000000003,0.0024219999999999797,-0.04089000000000009,0.07265999999999939,0.08337546221760883,0.13057144236183538,0.0027791820739202946,119.36898382538811,fast
123,27,2,0.383833,0.498179,0.0342754,0.0534456,1.0,0.03333333333333333,-0.001921000000000006,0.0023969999999999825,-0.05763000000000018,0.07190999999999947,0.09215348609792223,0.26334071640940204,0.003071782869930741,128.7093292266453,fast
124,27,2,0.382382,0.500101,0.0358206,0.0562316,1.0,0.03333333333333333,-0.00145099999999998,0.0019220000000000348,-0.0435299999999994,0.057660000000001044,0.07224635976988784,-0.5972137898410317,0.0024082119923295947,127.05071588298227,fast
125,27,2,0.382473,0.503292,0.0379515,0.0590494,1.0,0.03333333333333333,9.100000000000774e-05,0.003190999999999944,0.0027300000000002322,0.09572999999999832,0.09576891875759942,0.7056767696313474,0.0031922972919199806,88.36649852627556,fast
126,27,2,0.380259,0.505102,0.0384631,0.0601256,1.0,0.03333333333333333,-0.0022139999999999938,0.0018100000000000893,-0.06641999999999981,0.05430000000000268,0.08579106247156673,-0.29933568858098075,0.002859702082385558,140.73314830984475,fast
127,27,2,0.377552,0.506152,0.0386015,0.0608601,1.0,0.03333333333333333,-0.002707000000000015,0.0010499999999999954,-0.08121000000000045,0.03149999999999986,0.08710518985686251,0.03942382155887339,0.002903506328562084,158.79956034067322,fast
128,27,2,0.375839,0.507704,0.037872,0.0597082,1.0,0.03333333333333333,-0.00171300000000002,0.0015519999999999978,-0.0513900000000006,0.046559999999999935,0.06934526443817239,-0.5327977625607037,0.002311508814605746,137.82301826789353,fast
129,27,2,0.373543,0.509956,0.0380989,0.0600157,1.0,0.03333333333333333,-0.0022959999999999647,0.0022519999999999207,-0.06887999999999894,0.06755999999999762,0.09648216415482985,0.8141069914997239,0.0032160721384943284,135.55429543742628,fast
130,27,2,0.371165,0.512652,0.0394233,0.0623158,1.0,0.03333333333333333,-0.0023779999999999912,0.0026960000000000317,-0.07133999999999974,0.08088000000000095,0.10784697492280493,0.34094432303925226,0.003594899164093498,131.4138236468263,fast
131,27,2,0.368847,0.516393,0.0389351,0.0615711,1.0,0.03333333333333333,-0.0023180000000000422,0.0037409999999999943,-0.06954000000000127,0.11222999999999983,0.13202796862786362,0.7254298111517608,0.004400932287595454,121.78320067850007,fast
132,27,2,0.36799,0.519051,0.0414341,0.0655276,1.0,0.03333333333333333,-0.0008569999999999967,0.002658000000000049,-0.0257099999999999,0.07974000000000148,0.0837822875075647,-1.4473704336089677,0.002792742916918823,107.87050860524425,fast
133,27,2,0.364383,0.521874,0.0412444,0.0655334,1.0,0.03333333333333333,-0.0036069999999999713,0.002822999999999909,-0.10820999999999914,0.08468999999999727,0.1374110628734068,1.6088632609752629,0.0045803687624468925,141.95167256936304,fast
134,27,2,0.3615,0.525658,0.0410047,0.0649077,1.0,0.03333333333333333,-0.0028830000000000244,0.0037840000000000096,-0.08649000000000073,0.11352000000000029,0.14271408655069825,0.1590907103187439,0.004757136218356608,127.30349207233746,fast
135,27,2,0.359302,0.52887,0.043791,0.0696121,1.0,0.03333333333333333,-0.0021979999999999777,0.0032119999999999926,-0.06593999999999933,0.09635999999999978,0.11676186534995006,-0.7785666360224458,0.003892062178331669,124.38418140914814,fast
136,27,2,0.357605,0.53142,0.0455798,0.0731468,1.0,0.03333333333333333,-0.001697000000000004,0.0025500000000000522,-0.05091000000000012,0.07650000000000157,0.09189166501919667,-0.7461060099226018,0.0030630555006398888,123.64337593765373,fast
137,27,2,0.354513,0.535788,0.045095,0.0726237,1.0,0.03333333333333333,-0.0030919999999999837,0.0043680000000000385,-0.09275999999999951,0.13104000000000116,0.1605487440000706,2.0597123694262183,0.0053516248000023536,125.2937403314765,fast
138,27,2,0.351469,0.539813,0.0451835,0.0730435,1.0,0.03333333333333333,-0.0030440000000000467,0.004024999999999945,-0.0913200000000014,0.12074999999999836,0.15139321285975757,-0.274665934209391,0.0050464404286585844,127.09924303359617,fast
139,27,2,0.348286,0.543563,0.0457578,0.0742604,1.0,0.03333333333333333,-0.0031829999999999914,0.003750000000000031,-0.09548999999999974,0.11250000000000093,0.14756215673403583,-0.11493168377165214,0.004918738557801195,130.3245971463948,fast
140,27,2,0.34558,0.547615,0.0472393,0.0768469,1.0,0.03333333333333333,-0.002705999999999986,0.0040519999999999445,-0.08117999999999959,0.12155999999999834,0.14617464212372652,-0.04162543830927928,0.004872488070790885,123.73572672130001,fast
141,27,2,0.34301,0.550687,0.0478529,0.0779378,1.0,0.03333333333333333,-0.0025700000000000167,0.0030720000000000747,-0.0771000000000005,0.09216000000000224,0.12015771136302693,-0.7805079228209878,0.004005257045434231,129.91546632131428,fast
142,27,2,0.339573,0.556451,0.0476758,0.0778352,1.0,0.03333333333333333,-0.003436999999999968,0.005763999999999991,-0.10310999999999904,0.17291999999999974,0.2013280867141982,2.435111260535138,0.006710936223806607,120.807087059573,fast
143,27,2,0.336366,0.559957,0.0501323,0.0822183,1.0,0.03333333333333333,-0.0032070000000000154,0.003506000000000009,-0.09621000000000046,0.10518000000000027,0.14254541907757032,-1.7634800290988362,0.004751513969252344,132.44970612259112,fast
144,27,2,0.333387,0.563404,0.0515163,0.0846263,1.0,0.03333333333333333,-0.0029790000000000094,0.003446999999999978,-0.08937000000000028,0.10340999999999934,0.13667708293638664,-0.17605008423551033,0.004555902764546222,130.83455236870043,fast
145,27,2,0.330688,0.567831,0.052821,0.0869848,1.0,0.03333333333333333,-0.002699000000000007,0.004426999999999959,-0.08097000000000021,0.13280999999999876,0.15554625357108318,0.5660751190408961,0.005184875119036106,121.36932321743586,fast
146,27,2,0.326958,0.571956,0.0552098,0.0912841,1.0,0.03333333333333333,-0.0037299999999999556,0.004125000000000045,-0.11189999999999867,0.12375000000000136,0.16684026042895053,0.3388202057360207,0.005561342014298351,132.12122403190892,fast
147,27,2,0.323175,0.577582,0.0550907,0.0911387,1.0,0.03333333333333333,-0.0037830000000000363,0.00562600000000002,-0.11349000000000109,0.1687800000000006,0.2033879753082774,1.0964314463798062,0.006779599176942579,123.91743053697053,fast
148,27,2,0.319271,0.581781,0.0575522,0.0960794,1.0,0.03333333333333333,-0.003903999999999963,0.004198999999999953,-0.11711999999999889,0.12596999999999858,0.1720044630234907,-0.9415053685436009,0.005733482100783024,132.91499526343375,fast
149,27,2,0.315749,0.586774,0.0584237,0.0975819,1.0,0.03333333333333333,-0.003522000000000025,0.004993000000000025,-0.10566000000000075,0.14979000000000076,0.18330597289777653,0.33904529622857477,0.006110199096592551,125.19866636744541,fast
150,27,2,0.312142,0.592962,0.0600614,0.100103,1.0,0.03333333333333333,-0.003607000000000027,0.006187999999999971,-0.1082100000000008,0.18563999999999914,0.21487580994611716,0.9470951114502189,0.007162526998203905,120.23801130672626,fast
151,27,2,0.308688,0.598568,0.0637759,0.106142,1.0,0.03333333333333333,-0.003453999999999957,0.005606,-0.10361999999999871,0.16818,0.19753889946033348,-0.5201073145735102,0.0065846299820111155,121.63828497230588,fast
152,27,2,0.303959,0.604095,0.0668255,0.111659,1.0,0.03333333333333333,-0.004729000000000039,0.00552700000000006,-0.14187000000000116,0.1658100000000018,0.21822019384099384,0.6204388314198106,0.007274006461366461,130.5508875633182,fast
153,27,2,0.299163,0.612068,0.0661511,0.11063,1.0,0.03333333333333333,-0.004795999999999967,0.007972999999999897,-0.143879999999999,0.2391899999999969,0.2791295586282439,1.827280943617502,0.009304318620941462,121.02817768993589,fast
154,27,2,0.294686,0.618688,0.0696745,0.116858,1.0,0.03333333333333333,-0.004477000000000009,0.00662000000000007,-0.13431000000000026,0.1986000000000021,0.23975223898850437,-1.181319589192186,0.007991741299616812,124.06985976605984,fast
155,27,2,0.28974,0.624433,0.0710442,0.119615,1.0,0.03333333333333333,-0.004946000000000006,0.005745,-0.14838000000000018,0.17235,0.22742283724375628,-0.3698820523424426,0.0075807612414585425,130.72590217323307,fast
156,27,2,0.284001,0.632757,0.0744641,0.12586,1.0,0.03333333333333333,-0.005738999999999994,0.008323999999999998,-0.17216999999999982,0.24971999999999994,0.3033192827698231,2.276893365782005,0.010110642758994103,124.58440636759383,fast
157,27,2,0.279021,0.639895,0.0773104,0.131032,1.0,0.03333333333333333,-0.0049799999999999844,0.007137999999999978,-0.14939999999999953,0.21413999999999933,0.2611059164400523,-1.2664009898931239,0.008703530548001744,124.90249561592475,fast
158,27,2,0.273259,0.648752,0.0804922,0.137075,1.0,0.03333333333333333,-0.005762000000000045,0.008857000000000004,-0.17286000000000135,0.2657100000000001,0.31698956402380274,1.6765094275125125,0.010566318800793425,123.04637250283065,fast
159,27,2,0.267163,0.656581,0.082023,0.139863,1.0,0.03333333333333333,-0.00609599999999999,0.007828999999999975,-0.1828799999999997,0.23486999999999925,0.2976726579650868,-0.5795071817614783,0.00992242193216956,127.90587686715014,fast
160,27,2,0.260924,0.664638,0.0840064,0.143563,1.0,0.03333333333333333,-0.0062389999999999946,0.00805699999999998,-0.18716999999999984,0.24170999999999943,0.3057062855094734,0.24100882633159737,0.010190209516982447,127.75268551070752,fast
161,27,2,0.25448,0.675681,0.0876828,0.149927,1.0,0.03333333333333333,-0.006444000000000005,0.011043000000000025,-0.19332000000000016,0.33129000000000075,0.3835696631643339,2.3359013296458153,0.01278565543881113,120.26514649354624,fast
162,27,2,0.24763,0.686734,0.0908102,0.155227,1.0,0.03333333333333333,-0.006849999999999995,0.01105299999999998,-0.20549999999999985,0.3315899999999994,0.39010534231153454,0.1960703744160197,0.013003511410384484,121.78820263295466,fast
163,27,2,0.240011,0.696504,0.0932959,0.159138,1.0,0.03333333333333333,-0.007618999999999987,0.009770000000000056,-0.2285699999999996,0.2931000000000017,0.37168784604826777,-0.5525248878980032,0.012389594868275594,127.94839657887587,fast
164,27,2,0.232033,0.706921,0.0950151,0.161625,1.0,0.03333333333333333,-0.007978000000000013,0.01041700000000001,-0.23934000000000039,0.3125100000000003,0.3936319800270303,0.6583240193628764,0.013121066000901009,127.44718536085054,fast
165,27,2,0.222769,0.719147,0.0998814,0.169841,1.0,0.03333333333333333,-0.009263999999999994,0.012225999999999959,-0.27791999999999983,0.3667799999999988,0.4601815889407126,1.9964882674104685,0.015339386298023753,127.15228042067167,fast
166,27,2,0.213443,0.732663,0.103829,0.176281,1.0,0.03333333333333333,-0.009326000000000001,0.013515999999999972,-0.27978000000000003,0.4054799999999992,0.4926366600244031,0.973652132510715,0.01642122200081344,124.60556067829526,fast
167,27,2,0.203908,0.747705,0.109659,0.186274,1.0,0.03333333333333333,-0.009534999999999988,0.015042,-0.28604999999999964,0.45126,0.534284746272996,1.2494425874577886,0.017809491542433203,122.3702739309922,fast
168,27,2,0.193299,0.76121,0.112664,0.190678,1.0,0.03333333333333333,-0.010609000000000007,0.0135050000000001,-0.3182700000000002,0.405150000000003,0.5152109426244774,-0.5722141094555588,0.01717369808748258,128.15179249300058,fast
169,27,2,0.182552,0.77767,0.119369,0.201607,1.0,0.03333333333333333,-0.010747000000000007,0.01645999999999992,-0.3224100000000002,0.4937999999999976,0.5897343877543497,2.2357033538961693,0.019657812925144992,123.1411688592093,fast
170,27,2,0.169869,0.79493,0.126552,0.213445,1.0,0.03333333333333333,-0.012683,0.017260000000000053,-0.38049,0.5178000000000016,0.6425647672414054,1.5849113846116714,0.021418825574713515,126.30920457599245,fast
171,27,2,0.157377,0.813969,0.133618,0.225276,1.0,0.03333333333333333,-0.012492000000000003,0.019039000000000028,-0.3747600000000001,0.5711700000000008,0.6831399757736338,1.217256255966852,0.022771332525787797,123.26995764745578,fast
172,27,2,0.143003,0.835906,0.141757,0.238743,1.0,0.03333333333333333,-0.014373999999999998,0.021936999999999984,-0.43121999999999994,0.6581099999999995,0.7868033175451151,3.109900253144439,0.02622677725150384,123.23442059774663,fast
173,27,2,0.127527,0.855154,0.147874,0.247771,1.0,0.03333333333333333,-0.01547599999999999,0.019247999999999932,-0.4642799999999997,0.577439999999998,0.740940532026692,-1.3758835655526946,0.024698017734223067,128.80038088312108,fast
174,27,2,0.111366,0.871386,0.14844,0.244943,1.0,0.03333333333333333,-0.016160999999999995,0.016232000000000024,-0.48482999999999987,0.4869600000000007,0.687160949487091,-1.6133874761880274,0.022905364982903038,134.874417502823,fast
175,27,2,0.0932629,0.883975,0.145784,0.23205,1.0,0.03333333333333333,-0.01810310000000001,0.012588999999999961,-0.5430930000000004,0.37766999999999884,0.6615018031335965,-0.769774390604836,0.022050060104453217,145.18502620666618,fast
176,27,2,0.0831228,0.89349,0.138352,0.21302,1.0,0.03333333333333333,-0.010140099999999999,0.009515000000000051,-0.304203,0.28545000000000154,0.4171584443697633,-7.330300762914997,0.013905281478992108,136.8215894987465,fast
74,39,2,0.720615,0.946235,0.169097,0.106302,,,,,0.0,0.0,0.0,0.0,0.0,0.0,stationary
75,39,2,0.710755,0.930295,0.212359,0.134761,1.0,0.03333333333333333,-0.00985999999999998,-0.015940000000000065,-0.2957999999999994,-0.47820000000000196,0.5622925217357968,0.0,0.018743084057859894,238.26032317354094,fast
76,39,2,0.697749,0.908951,0.266743,0.172371,1.0,0.03333333333333333,-0.013006000000000073,-0.02134400000000003,-0.3901800000000022,-0.6403200000000009,0.7498334046973386,5.626226488846254,0.024994446823244622,238.64389353747094,fast
77,39,2,0.686235,0.886069,0.262048,0.173095,1.0,0.03333333333333333,-0.011513999999999913,-0.022881999999999958,-0.3454199999999974,-0.6864599999999987,0.7684675061445321,0.5590230434158039,0.02561558353815107,243.2889038197435,fast
79,43,2,0.665941,0.826026,0.0928185,0.135054,,,,,0.0,0.0,0.0,0.0,0.0,0.0,stationary
80,43,2,0.657861,0.802922,0.0882159,0.128413,1.0,0.03333333333333333,-0.008079999999999976,-0.023104000000000013,-0.24239999999999928,-0.6931200000000004,0.7342840692810925,0.0,0.02447613564270308,250.7240943400215,fast
81,43,2,0.649368,0.781481,0.085994,0.125405,1.0,0.03333333333333333,-0.008493000000000084,-0.021441000000000043,-0.2547900000000025,-0.6432300000000013,0.6918545923819563,-1.2728843069740836,0.02306181974606521,248.39097361924578,fast
82,43,2,0.642478,0.761197,0.0813054,0.118692,1.0,0.03333333333333333,-0.006889999999999952,-0.02028399999999997,-0.20669999999999855,-0.6085199999999991,0.6426674726481792,-1.4756135920133129,0.021422249088272644,251.23857821290386,fast
83,43,2,0.636533,0.742922,0.0759728,0.111163,1.0,0.03333333333333333,-0.005944999999999978,-0.01827500000000004,-0.17834999999999934,-0.5482500000000012,0.5765299515203014,-1.9841256338363356,0.019217665050676715,251.97988913107002,fast
84,43,2,0.629942,0.721907,0.0725743,0.106481,1.0,0.03333333333333333,-0.0065910000000000135,-0.021015000000000006,-0.1977300000000004,-0.6304500000000002,0.6607301683743526,2.5260065056215364,0.022024338945811753,252.58684757423674,fast
85,43,2,0.624606,0.707444,0.0693337,0.101812,1.0,0.03333333333333333,-0.005336000000000007,-0.014463000000000004,-0.16008000000000022,-0.4338900000000001,0.46247825732676356,-5.947557331427672,0.01541594191089212,249.74889254017506,fast
86,43,2,0.619872,0.692545,0.0634671,0.0930918,1.0,0.03333333333333333,-0.004734000000000016,-0.014898999999999996,-0.14202000000000048,-0.44696999999999987,0.4689902571482696,0.1953599946451806,0.015633008571608986,252.37289467527648,fast
87,43,2,0.61659,0.678657,0.0579964,0.0848332,1.0,0.03333333333333333,-0.003282000000000007,-0.013888000000000011,-0.09846000000000021,-0.41664000000000034,0.4281159436414396,-1.226229405204899,0.014270531454714654,256.7038450966721,fast
88,43,2,0.613529,0.67065,0.0588971,0.0865907,1.0,0.03333333333333333,-0.0030609999999999804,-0.008006999999999986,-0.09182999999999941,-0.2402099999999996,0.2571645251585057,-5.1285425544880185,0.008572150838616855,249.0786198303415,fast
89,43,2,0.608575,0.657874,0.05424,0.0793644,1.0,0.03333333333333333,-0.004954000000000014,-0.01277600000000001,-0.14862000000000042,-0.3832800000000003,0.41108571223043056,4.617635612157746,0.013702857074347685,248.80578439666496,fast
90,43,2,0.605043,0.649258,0.0538732,0.0786935,1.0,0.03333333333333333,-0.0035319999999999796,-0.008615999999999957,-0.10595999999999939,-0.2584799999999987,0.2793553865598428,-3.951909770117632,0.009311846218661426,247.70955896172086,fast
91,43,2,0.601207,0.635896,0.0480269,0.0693725,1.0,0.03333333333333333,-0.0038359999999999506,-0.013361999999999985,-0.11507999999999852,-0.40085999999999955,0.41705173060424927,4.130890321332194,0.013901724353474976,253.9821394639045,fast
92,43,2,0.597876,0.627245,0.0521695,0.0757266,1.0,0.03333333333333333,-0.003331000000000084,-0.008650999999999964,-0.09993000000000252,-0.25952999999999893,0.27810398379023615,-4.168432404420393,0.009270132793007873,248.9411890993477,fast
93,43,2,0.595265,0.618278,0.0510878,0.0746415,1.0,0.03333333333333333,-0.002610999999999919,-0.008967000000000058,-0.07832999999999757,-0.26901000000000175,0.280182028331584,0.062341336240435696,0.009339400944386135,253.7655616426033,fast
94,43,2,0.593001,0.611092,0.0490219,0.0718026,1.0,0.03333333333333333,-0.0022640000000000438,-0.007186000000000026,-0.06792000000000131,-0.21558000000000077,0.22602624360901216,-1.6246735416771554,0.007534208120300406,252.5125987821397,fast
95,43,2,0.59079,0.605123,0.0472102,0.0696125,1.0,0.03333333333333333,-0.002210999999999963,-0.005969000000000002,-0.06632999999999889,-0.17907000000000006,0.1909600319438596,-1.0519863499545767,0.006365334398128653,249.67467479312745,fast
96,43,2,0.587684,0.596902,0.0421913,0.0617078,1.0,0.03333333333333333,-0.003106000000000053,-0.008220999999999923,-0.0931800000000016,-0.24662999999999768,0.2636453475789003,2.1805594690512207,0.008788178252630011,249.30278734891863,fast
97,43,2,0.585846,0.590877,0.0426692,0.0622918,1.0,0.03333333333333333,-0.0018380000000000063,-0.006025000000000058,-0.05514000000000019,-0.18075000000000174,0.18897349576065064,-2.2401555545474894,0.006299116525355022,253.03503154818537,fast
98,43,2,0.584424,0.585236,0.0430329,0.0627201,1.0,0.03333333333333333,-0.0014219999999999233,-0.005641000000000007,-0.0426599999999977,-0.1692300000000002,0.17452412010951346,-0.4334812695341156,0.005817470670317115,255.85148695020922,fast
99,43,2,0.582872,0.579646,0.0430707,0.0629911,1.0,0.03333333333333333,-0.0015520000000001088,-0.005589999999999984,-0.046560000000003265,-0.16769999999999952,0.17404345319488504,-0.014420007438852578,0.005801448439829502,254.48329019265896,fast
100,43,2,0.579844,0.572625,0.0401852,0.0587965,1.0,0.03333333333333333,-0.0030279999999999196,-0.007020999999999944,-0.09083999999999759,-0.21062999999999832,0.2293837450648996,1.6602087561004373,0.0076461248354966534,246.67054576386232,fast
101,43,2,0.577602,0.566564,0.0406081,0.0599553,1.0,0.03333333333333333,-0.0022420000000000773,-0.006061000000000094,-0.06726000000000232,-0.18183000000000282,0.19387123690739,-1.0653752447252884,0.006462374563579666,249.70026591773865,fast
102,43,2,0.576126,0.560955,0.0396327,0.0588991,1.0,0.03333333333333333,-0.0014759999999999218,-0.005608999999999975,-0.044279999999997655,-0.16826999999999925,0.1739985956839869,-0.5961792367020929,0.005799953189466229,255.25693997420746,fast
103,43,2,0.575229,0.556413,0.0382786,0.0570301,1.0,0.03333333333333333,-0.0008970000000000367,-0.004541999999999935,-0.0269100000000011,-0.13625999999999805,0.1388918129336626,-1.0532034825097292,0.004629727097788754,258.82841009748853,fast
104,43,2,0.573997,0.551954,0.0358502,0.0530373,1.0,0.03333333333333333,-0.0012320000000000109,-0.004459000000000102,-0.036960000000000326,-0.13377000000000305,0.13878203954403048,-0.003293201688963354,0.004626067984801016,254.55478319052338,fast
105,43,2,0.572176,0.548613,0.0360977,0.0531517,1.0,0.03333333333333333,-0.0018209999999999615,-0.0033409999999999274,-0.054629999999998846,-0.10022999999999782,0.11415117082185114,-0.7389260616653803,0.0038050390273950377,241.40756656606152,fast
106,43,2,0.571277,0.54218,0.0346916,0.0507459,1.0,0.03333333333333333,-0.0008989999999999831,-0.006433000000000022,-0.026969999999999494,-0.19299000000000066,0.19486539200176162,2.421426635397314,0.006495513066725388,262.0445413273078,fast
107,43,2,0.570195,0.537932,0.0336814,0.0490329,1.0,0.03333333333333333,-0.0010820000000000274,-0.0042480000000000295,-0.03246000000000082,-0.12744000000000089,0.13150895482817995,-1.90069311520745,0.004383631827605999,255.71015287889554,fast
108,43,2,0.569207,0.533835,0.0342213,0.0497502,1.0,0.03333333333333333,-0.0009879999999999889,-0.004097000000000017,-0.029639999999999667,-0.12291000000000052,0.1264333725722766,-0.15226746767710048,0.004214445752409221,256.44186974533426,fast
109,43,2,0.572779,0.529744,0.0369393,0.0521789,1.0,0.03333333333333333,0.0035720000000000196,-0.004090999999999956,0.10716000000000059,-0.12272999999999867,0.16292918246894814,1.094874296900146,0.005430972748964939,311.12538610159214,fast
110,43,2,0.570616,0.52599,0.0354953,0.0496249,1.0,0.03333333333333333,-0.002163000000000026,-0.003754000000000035,-0.06489000000000078,-0.11262000000000105,0.1299768306276174,-0.9885705552399224,0.00433256102092058,240.05008171861343,fast
111,43,2,0.567326,0.520569,0.0339398,0.0475603,1.0,0.03333333333333333,-0.003290000000000015,-0.005421000000000009,-0.09870000000000045,-0.16263000000000027,0.1902372384681826,1.8078122352169566,0.006341241282272754,238.74647418002704,fast
112,43,2,0.565032,0.516933,0.0329731,0.0462799,1.0,0.03333333333333333,-0.0022940000000000182,-0.0036359999999999726,-0.06882000000000055,-0.10907999999999918,0.1289753418293586,-1.8378568991647202,0.00429917806097862,237.7516359990314,fast
113,43,2,0.563892,0.513357,0.0329729,0.0463934,1.0,0.03333333333333333,-0.0011400000000000299,-0.0035760000000000236,-0.034200000000000896,-0.10728000000000071,0.11259946003423024,-0.4912764538538508,0.003753315334474341,252.318137365084,fast
114,43,2,0.562752,0.510089,0.0318916,0.0450003,1.0,0.03333333333333333,-0.0011399999999999189,-0.0032679999999999376,-0.034199999999997566,-0.09803999999999813,0.10383391353502701,-0.26296639497609703,0.0034611304511675675,250.76932762433964,fast
115,43,2,0.562878,0.507148,0.0319297,0.0449817,1.0,0.03333333333333333,0.00012599999999995948,-0.0029409999999999714,0.0037799999999987843,-0.08822999999999914,0.08831093533645672,-0.46568934595710876,0.0029436978445485573,272.45319827328836,fast
116,43,2,0.564808,0.50484,0.0327677,0.0452445,1.0,0.03333333333333333,0.0019299999999999873,-0.0023080000000000878,0.05789999999999962,-0.06924000000000263,0.09025844891200115,0.058425407266332885,0.0030086149637333715,309.90310402982556,fast
118,43,2,0.563233,0.498879,0.0316269,0.0426764,2.0,0.06666666666666667,-0.001574999999999993,-0.005960999999999939,-0.023624999999999896,-0.08941499999999908,0.09248341932476237,0.03337455619141831,0.006165561288317491,255.1996777789431,fast
119,43,2,0.560618,0.495068,0.0305207,0.0409784,1.0,0.03333333333333333,-0.002615000000000034,-0.003811000000000009,-0.07845000000000102,-0.11433000000000026,0.13865695582984727,1.3852060951525471,0.004621898527661576,235.54319202420166,fast
120,43,2,0.558262,0.492399,0.0294178,0.0397547,1.0,0.03333333333333333,-0.0023559999999999137,-0.0026690000000000325,-0.07067999999999741,-0.08007000000000097,0.10680293675737475,-0.9556205721741757,0.0035600978919124917,228.56426657628825,fast
121,43,2,0.55762,0.489761,0.0285787,0.0387547,1.0,0.03333333333333333,-0.0006420000000000314,-0.0026379999999999737,-0.019260000000000943,-0.07913999999999921,0.08144990607729337,-0.7605909204024414,0.0027149968692431123,256.3220424252681,fast
122,43,2,0.557116,0.487726,0.0287144,0.0391623,1.0,0.03333333333333333,-0.00050400000000006,-0.002035000000000009,-0.015120000000001799,-0.06105000000000027,0.06289449021973298,-0.5566624757268117,0.0020964830073244324,256.08969568727196,fast
123,43,2,0.55637,0.486157,0.0278733,0.0381711,1.0,0.03333333333333333,-0.0007459999999999134,-0.001568999999999987,-0.022379999999997402,-0.04706999999999961,0.05211956734279216,-0.32324768630822454,0.0017373189114264056,244.57068445003716,fast
124,43,2,0.555595,0.484208,0.0260077,0.0356218,1.0,0.03333333333333333,-0.0007750000000000812,-0.0019489999999999785,-0.023250000000002435,-0.058469999999999356,0.06292299579644979,0.3241028536097289,0.002097433193214993,248.3152617050913,fast
125,43,2,0.555426,0.482134,0.0254901,0.0348767,1.0,0.03333333333333333,-0.00016899999999997473,-0.0020740000000000203,-0.005069999999999242,-0.06222000000000061,0.0624262228554641,-0.014903188229570749,0.002080874095182137,265.34154260495063,fast
126,43,2,0.555419,0.479578,0.0261024,0.0356669,1.0,0.03333333333333333,-6.999999999979245e-06,-0.0025560000000000027,-0.00020999999999937735,-0.07668000000000008,0.07668028755814633,0.4276219410804671,0.0025560095852715445,269.84308706811873,fast
127,43,2,0.555239,0.476934,0.0274903,0.0375902,1.0,0.03333333333333333,-0.00017999999999995797,-0.0026439999999999797,-0.005399999999998739,-0.07931999999999939,0.07950359991849357,0.08469937081041698,0.0026501199972831188,266.10538898248757,fast
128,43,2,0.554504,0.4737,0.0263675,0.0360661,1.0,0.03333333333333333,-0.0007350000000000412,-0.0032340000000000146,-0.022050000000001235,-0.09702000000000044,0.09949413500302488,0.5997160525359395,0.0033164711667674957,257.1957339347126,fast
129,43,2,0.554132,0.471148,0.0263538,0.0358578,1.0,0.03333333333333333,-0.00037200000000003897,-0.0025519999999999987,-0.011160000000001169,-0.07655999999999996,0.07736911011508418,-0.663750746638221,0.0025789703371694723,261.70651902884714,fast
130,43,2,0.553891,0.468842,0.02624,0.0353847,1.0,0.03333333333333333,-0.0002409999999999357,-0.0023060000000000302,-0.007229999999998071,-0.06918000000000091,0.0695567775274279,-0.2343699776296887,0.002318559250914263,264.0336787177405,fast
131,43,2,0.554039,0.467159,0.0272811,0.0364703,1.0,0.03333333333333333,0.00014799999999992597,-0.00168299999999999,0.004439999999997779,-0.0504899999999997,0.05068484684794806,-0.566157920384395,0.0016894948949316019,275.02556021106307,fast
132,43,2,0.552874,0.465123,0.0280636,0.0376012,1.0,0.03333333333333333,-0.0011649999999999716,-0.0020359999999999823,-0.03494999999999915,-0.06107999999999947,0.07037235892024564,0.5906253621689275,0.0023457452973415214,240.22179311594041,fast
133,43,2,0.55185,0.463405,0.027465,0.0369028,1.0,0.03333333333333333,-0.0010240000000000249,-0.0017179999999999973,-0.030720000000000747,-0.05153999999999992,0.06000074999531287,-0.311148267747983,0.0020000249998437625,239.2032860836067,fast
134,43,2,0.550763,0.46147,0.0262959,0.0353082,1.0,0.03333333333333333,-0.0010869999999999491,-0.00193500000000002,-0.032609999999998474,-0.0580500000000006,0.06658238956360736,0.19744918704883466,0.0022194129854535786,240.67459073202582,fast
135,43,2,0.550041,0.459536,0.0249619,0.0333232,1.0,0.03333333333333333,-0.0007220000000000004,-0.0019339999999999913,-0.021660000000000013,-0.05801999999999974,0.06193121991370726,-0.13953508949700308,0.002064373997123575,249.52841385674813,fast
136,43,2,0.549618,0.458434,0.0245195,0.0325125,1.0,0.03333333333333333,-0.0004229999999999512,-0.0011019999999999919,-0.012689999999998536,-0.033059999999999756,0.03541185818338183,-0.7955808519097629,0.0011803952727793944,249.00082322922424,fast
137,43,2,0.549993,0.456961,0.0242391,0.0316974,1.0,0.03333333333333333,0.0003749999999999032,-0.001473000000000002,0.011249999999997096,-0.04419000000000006,0.04559954605037138,0.30563063600968654,0.0015199848683457129,284.2830882861147,fast
138,43,2,0.549591,0.455435,0.0243212,0.031645,1.0,0.03333333333333333,-0.00040199999999990244,-0.0015260000000000273,-0.012059999999997073,-0.04578000000000082,0.04734186308120968,0.05226951092514913,0.0015780621027069895,255.24165306387056,fast
139,43,2,0.549583,0.453246,0.0246444,0.0318243,1.0,0.03333333333333333,-8.000000000008e-06,-0.0021889999999999965,-0.00024000000000024002,-0.0656699999999999,0.06567043855495398,0.549857264212329,0.002189014618498466,269.79060566678004,fast
140,43,2,0.549071,0.45158,0.0242671,0.0310699,1.0,0.03333333333333333,-0.000512000000000068,-0.0016660000000000008,-0.015360000000002039,-0.049980000000000024,0.05228699647139875,-0.401503262506657,0.0017428998823799584,252.9166064826752,fast
141,43,2,0.548654,0.449839,0.0237003,0.0300894,1.0,0.03333333333333333,-0.0004170000000000007,-0.0017409999999999926,-0.012510000000000021,-0.05222999999999978,0.05370729000796798,0.04260880609707689,0.0017902430002655993,256.5304081424184,fast
142,43,2,0.548335,0.448712,0.0232634,0.0294297,1.0,0.03333333333333333,-0.0003189999999999582,-0.0011269999999999891,-0.009569999999998746,-0.033809999999999674,0.035138312423904965,-0.5570693275218904,0.0011712770807968322,254.1957098733496,fast
143,43,2,0.548067,0.447627,0.023543,0.0296664,1.0,0.03333333333333333,-0.000268000000000046,-0.0010850000000000026,-0.00804000000000138,-0.03255000000000008,0.03352825823093152,-0.04830162578920327,0.0011176086076977174,256.1253978423123,fast
144,43,2,0.547926,0.446316,0.0242474,0.0306461,1.0,0.03333333333333333,-0.00014099999999994672,-0.0013110000000000066,-0.004229999999998402,-0.0393300000000002,0.03955681736439374,0.1808567740038665,0.0013185605788131247,263.8613503658506,fast
80,44,7,0.299525,0.650718,0.0723457,0.133672,,,,,0.0,0.0,0.0,0.0,0.0,0.0,stationary
82,46,2,0.387248,0.508207,0.0500944,0.055467,,,,,0.0,0.0,0.0,0.0,0.0,0.0,stationary
83,46,2,0.386221,0.509029,0.0516327,0.057095,1.0,0.03333333333333333,-0.0010270000000000001,0.0008219999999999894,-0.030810000000000004,0.024659999999999682,0.03946354900411245,0.0,0.0013154516334704148,141.3265871445957,fast
93,48,2,0.483956,0.410329,0.0180512,0.027734,,,,,0.0,0.0,0.0,0.0,0.0,0.0,stationary
94,48,2,0.483523,0.410352,0.0180895,0.027796,1.0,0.03333333333333333,-0.0004330000000000167,2.2999999999995246e-05,-0.012990000000000501,0.0006899999999998574,0.013008312726868648,0.0,0.00043361042422895493,176.95943272610907,moving
95,48,2,0.483303,0.410454,0.017951,0.0275692,1.0,0.03333333333333333,-0.00021999999999999797,0.00010199999999999099,-0.006599999999999939,0.0030599999999997296,0.007274860823410819,-0.17200355710373488,0.00024249536078036065,155.12584608587406,slow
96,48,2,0.483054,0.410966,0.0179482,0.0275675,1.0,0.03333333333333333,-0.0002489999999999992,0.0005120000000000124,-0.007469999999999977,0.015360000000000373,0.01708012002299782,0.29415777598761,0.0005693373340999274,115.93495802988645,moving
97,48,2,0.482865,0.411591,0.0181989,0.0279387,1.0,0.03333333333333333,-0.00018899999999999473,0.0006249999999999867,-0.005669999999999842,0.0187499999999996,0.019588552779620634,0.07525298269868444,0.0006529517593206877,106.82531659803362,moving
98,48,2,0.482273,0.412825,0.0178003,0.0271672,1.0,0.03333333333333333,-0.0005919999999999814,0.0012340000000000129,-0.017759999999999443,0.037020000000000386,0.04105968825989804,0.6441340644083221,0.0013686562753299346,115.62892893572041,fast
99,48,2,0.481838,0.413989,0.0172593,0.0260156,1.0,0.03333333333333333,-0.0004350000000000187,0.0011639999999999984,-0.013050000000000561,0.03491999999999995,0.03727879960513766,-0.11342665964281143,0.0012426266535045885,110.49128595977675,fast
100,48,2,0.481269,0.415161,0.0168221,0.0249686,1.0,0.03333333333333333,-0.0005689999999999862,0.0011720000000000064,-0.017069999999999586,0.03516000000000019,0.039084658115429376,0.05417575530875157,0.001302821937180979,115.89633574673326,fast
101,48,2,0.480985,0.415951,0.0167967,0.0245171,1.0,0.03333333333333333,-0.00028400000000000647,0.0007900000000000129,-0.008520000000000194,0.023700000000000387,0.025184924061827575,-0.41699202160805404,0.000839497468727586,109.77319009267865,moving
102,48,2,0.480874,0.416542,0.0167834,0.0240548,1.0,0.03333333333333333,-0.00011099999999997223,0.0005910000000000082,-0.003329999999999167,0.017730000000000246,0.01804000554323649,-0.2143475555577326,0.0006013335181078829,100.63721450928733,moving
103,48,2,0.480498,0.417745,0.0164089,0.023148,1.0,0.03333333333333333,-0.00037600000000004297,0.001202999999999954,-0.011280000000001289,0.03608999999999862,0.03781172437220934,0.5931515648691855,0.001260390812406978,107.35673647739742,fast
104,48,2,0.480141,0.418193,0.0170757,0.023754,1.0,0.03333333333333333,-0.0003569999999999962,0.00044800000000000395,-0.010709999999999886,0.013440000000000119,0.017185392052554423,-0.6187899695896475,0.0005728464017518141,128.5504652961572,moving
105,48,2,0.479922,0.419111,0.0178664,0.0246348,1.0,0.03333333333333333,-0.00021899999999996922,0.0009180000000000299,-0.006569999999999077,0.027540000000000897,0.0283128327795019,0.33382322180842433,0.0009437610926500633,103.41780880180625,moving
106,48,2,0.479499,0.420015,0.0180614,0.0246263,1.0,0.03333333333333333,-0.0004230000000000067,0.0009040000000000159,-0.012690000000000201,0.027120000000000477,0.02994211916347991,0.04887859151934029,0.000998070638782664,115.07585043639227,moving
107,48,2,0.479113,0.420548,0.0187169,0.0252915,1.0,0.03333333333333333,-0.00038599999999999746,0.0005329999999999502,-0.011579999999999924,0.015989999999998505,0.019742758165969376,-0.305980829925316,0.0006580919388656458,125.91215467869961,moving
108,48,2,0.478549,0.420982,0.0193181,0.02598,1.0,0.03333333333333333,-0.0005640000000000089,0.00043400000000004546,-0.016920000000000268,0.013020000000001364,0.021349632315336126,0.04820622448100248,0.0007116544105112042,142.4215903257019,moving
109,48,2,0.478383,0.421753,0.0195058,0.0260805,1.0,0.03333333333333333,-0.00016599999999999948,0.0007709999999999662,-0.0049799999999999844,0.023129999999998985,0.02366003592558458,0.06931210830745366,0.0007886678641861526,102.15057122643555,moving
96,51,2,0.42841,0.449519,0.0419158,0.0440943,,,,,0.0,0.0,0.0,0.0,0.0,0.0,stationary
97,51,2,0.428496,0.451669,0.0408128,0.0428642,1.0,0.03333333333333333,8.599999999997499e-05,0.0021499999999999853,0.0025799999999992496,0.06449999999999956,0.06455157937649504,0.0,0.0021517193125498344,87.70938995736213,fast
98,51,2,0.427818,0.45245,0.0425857,0.0447259,1.0,0.03333333333333333,-0.0006780000000000119,0.0007810000000000317,-0.020340000000000358,0.02343000000000095,0.031027092999507046,-1.0057345913096398,0.0010342364333169015,130.96182966306003,fast
111,55,2,0.573063,0.522371,0.0460921,0.0513707,,,,,0.0,0.0,0.0,0.0,0.0,0.0,stationary
121,62,2,0.471349,0.434428,0.0203435,0.0269271,,,,,0.0,0.0,0.0,0.0,0.0,0.0,stationary
122,62,2,0.470745,0.43512,0.0208188,0.0275828,1.0,0.03333333333333333,-0.0006039999999999934,0.0006920000000000259,-0.018119999999999803,0.020760000000000778,0.027555616487388288,0.0,0.0009185205495796095,131.11550842994552,moving
123,62,2,0.470052,0.436163,0.0209276,0.0277346,1.0,0.03333333333333333,-0.0006929999999999992,0.0010430000000000161,-0.020789999999999975,0.031290000000000484,0.03756711593934287,0.30034498355863753,0.0012522371979780957,123.6012369312416,fast
124,62,2,0.469228,0.437882,0.0201435,0.0266191,1.0,0.03333333333333333,-0.0008240000000000469,0.0017189999999999706,-0.024720000000001408,0.05156999999999912,0.057188664086512624,0.5886464444150925,0.0019062888028837542,115.61065791222592,fast
125,62,2,0.468864,0.439318,0.0211273,0.0279528,1.0,0.03333333333333333,-0.00036399999999997545,0.0014359999999999928,-0.010919999999999264,0.043079999999999785,0.044442466178194535,-0.3823859372495427,0.0014814155392731511,104.22385176768273,fast
126,62,2,0.468434,0.440283,0.0210299,0.0277705,1.0,0.03333333333333333,-0.00042999999999998595,0.0009649999999999936,-0.012899999999999578,0.02894999999999981,0.03169404518202083,-0.38245262988521106,0.001056468172734028,114.01755457945251,fast
127,62,2,0.467958,0.441148,0.0212007,0.0279214,1.0,0.03333333333333333,-0.00047600000000003195,0.0008650000000000047,-0.014280000000000959,0.02595000000000014,0.029619603305919454,-0.06223325628304136,0.0009873201101973151,118.82350579892346,moving
128,62,2,0.467185,0.442184,0.0214107,0.0279339,1.0,0.03333333333333333,-0.0007729999999999682,0.0010360000000000369,-0.023189999999999045,0.031080000000001107,0.03877811883008283,0.2747554657249012,0.0012926039610027611,126.72805475563473,fast
129,62,2,0.466382,0.443542,0.0215837,0.0279519,1.0,0.03333333333333333,-0.0008029999999999982,0.0013579999999999703,-0.024089999999999945,0.04073999999999911,0.047329437985253166,0.2565395746551101,0.001577647932841772,120.59628130220182,fast
130,62,2,0.46533,0.44471,0.0224629,0.0289367,1.0,0.03333333333333333,-0.0010519999999999974,0.0011680000000000024,-0.03155999999999992,0.03504000000000007,0.04715755718864157,-0.005156423898347862,0.001571918572954719,132.00888670681718,fast
131,62,2,0.464426,0.446732,0.023143,0.0297494,1.0,0.03333333333333333,-0.0009040000000000159,0.0020220000000000238,-0.027120000000000477,0.06066000000000071,0.0664464446001448,0.5786666223450969,0.0022148814866714936,114.08856365038076,fast
132,62,2,0.463924,0.449269,0.0230255,0.0293338,1.0,0.03333333333333333,-0.0005020000000000024,0.002536999999999956,-0.015060000000000073,0.07610999999999868,0.07758566684639503,0.334176667387507,0.0025861888948798344,101.19262119130775,fast
133,62,2,0.463457,0.451407,0.0241673,0.0305952,1.0,0.03333333333333333,-0.0004669999999999952,0.0021380000000000288,-0.014009999999999856,0.06414000000000086,0.06565226347964026,-0.35800210100264324,0.0021884087826546756,102.32150330525326,fast
134,62,2,0.462571,0.453579,0.0241292,0.0302384,1.0,0.03333333333333333,-0.0008859999999999979,0.0021720000000000073,-0.026579999999999937,0.06516000000000022,0.07037273619804779,0.14161418155222594,0.0023457578732682593,112.19147922280092,fast
135,62,2,0.461473,0.454748,0.0242715,0.0303997,1.0,0.03333333333333333,-0.0010979999999999879,0.0011689999999999756,-0.032939999999999636,0.03506999999999927,0.0481139117096077,-0.6677647346532027,0.0016037970569869233,133.20614421655472,fast
136,62,2,0.461432,0.455975,0.0242486,0.0298919,1.0,0.03333333333333333,-4.100000000001325e-05,0.0012270000000000336,-0.0012300000000003974,0.03681000000000101,0.03683054438913543,-0.33850101961416806,0.001227684812971181,91.91381682034489,fast
137,62,2,0.460703,0.456984,0.0248178,0.0303642,1.0,0.03333333333333333,-0.0007290000000000352,0.0010089999999999821,-0.021870000000001055,0.030269999999999464,0.037343939267302985,0.015401846345026587,0.001244797975576766,125.84801797813913,fast
138,62,2,0.45963,0.458077,0.0249467,0.0304812,1.0,0.03333333333333333,-0.0010729999999999906,0.0010930000000000106,-0.03218999999999972,0.03279000000000032,0.04594975734429947,0.2581745423098946,0.0015316585781433155,134.4709681324212,fast
139,62,2,0.458519,0.460145,0.0257403,0.031581,1.0,0.03333333333333333,-0.0011109999999999731,0.0020680000000000143,-0.033329999999999194,0.06204000000000043,0.07042620605996038,0.7342934614698271,0.002347540201998679,118.24620569091735,fast
140,62,2,0.457237,0.46211,0.0250373,0.03072,1.0,0.03333333333333333,-0.0012820000000000054,0.0019649999999999945,-0.03846000000000016,0.058949999999999836,0.07038660454944529,-0.0011880453154526627,0.0023462201516481766,123.12112470881647,fast
141,62,2,0.456301,0.463315,0.0256015,0.0316346,1.0,0.03333333333333333,-0.0009359999999999924,0.001204999999999956,-0.028079999999999772,0.03614999999999868,0.04577454423585113,-0.7383618094078247,0.0015258181411950376,127.8387559399618,fast
142,62,2,0.455361,0.464726,0.0259424,0.0323969,1.0,0.03333333333333333,-0.0009399999999999964,0.0014109999999999956,-0.028199999999999892,0.04232999999999987,0.05086323721510442,0.15266078937759867,0.0016954412405034804,123.67132197470585,fast
143,62,2,0.454118,0.466576,0.0271616,0.0343449,1.0,0.03333333333333333,-0.0012429999999999941,0.0018500000000000183,-0.03728999999999982,0.05550000000000055,0.06686399703876554,0.48002279470983367,0.0022287999012921846,123.89683337875977,fast
144,62,2,0.453126,0.467895,0.0276039,0.0353219,1.0,0.03333333333333333,-0.0009920000000000484,0.0013190000000000146,-0.029760000000001452,0.03957000000000044,0.0495120439893176,-0.5205585914834383,0.0016504014663105868,126.94627345793208,fast
145,62,2,0.451862,0.468268,0.0285814,0.0372874,1.0,0.03333333333333333,-0.0012639999999999874,0.0003730000000000122,-0.03791999999999962,0.011190000000000366,0.03953659697040173,-0.299263410567476,0.0013178865656800578,163.5589369046296,fast
146,62,2,0.450676,0.470177,0.0278005,0.0363551,1.0,0.03333333333333333,-0.0011859999999999649,0.001908999999999994,-0.035579999999998946,0.05726999999999982,0.06742246880677023,0.8365761550910551,0.002247415626892341,121.85134813761135,fast
147,62,2,0.45001,0.471854,0.0278443,0.0365868,1.0,0.03333333333333333,-0.0006659999999999999,0.001676999999999984,-0.019979999999999998,0.05030999999999952,0.05413221314522391,-0.3987076698463898,0.001804407104840797,111.65989503620193,fast
148,62,2,0.449183,0.47385,0.0283918,0.0376204,1.0,0.03333333333333333,-0.0008270000000000222,0.0019959999999999978,-0.024810000000000665,0.05987999999999993,0.06481628267650054,0.32052208593829895,0.0021605427558833517,112.50562848985322,fast
149,62,2,0.448418,0.476407,0.0279426,0.0369957,1.0,0.03333333333333333,-0.0007650000000000157,0.0025570000000000315,-0.02295000000000047,0.07671000000000094,0.08006951105133693,0.45759685124509175,0.002668983701711231,106.6560642181322,fast
150,62,2,0.446747,0.478425,0.0279495,0.0372101,1.0,0.03333333333333333,-0.001670999999999978,0.0020179999999999643,-0.05012999999999934,0.06053999999999893,0.07860094465081068,-0.044056992015787666,0.002620031488360356,129.626373617191,fast
151,62,2,0.445171,0.48064,0.0279535,0.0376279,1.0,0.03333333333333333,-0.0015760000000000218,0.0022150000000000225,-0.047280000000000655,0.06645000000000068,0.08155366883224906,0.08858172544315146,0.0027184556277416354,125.4323232594815,fast
152,62,2,0.444233,0.483911,0.0263154,0.0356239,1.0,0.03333333333333333,-0.0009379999999999944,0.0032709999999999684,-0.028139999999999832,0.09812999999999905,0.10208504542781868,0.6159412978670887,0.0034028348475939564,106.00090384417189,fast
153,62,2,0.442958,0.48657,0.027193,0.0369781,1.0,0.03333333333333333,-0.0012749999999999706,0.0026590000000000225,-0.03824999999999912,0.07977000000000067,0.08846646483272654,-0.40855741785276445,0.0029488821610908844,115.61788432480847,fast
154,62,2,0.441454,0.488392,0.0283665,0.038715,1.0,0.03333333333333333,-0.0015040000000000053,0.0018219999999999903,-0.04512000000000016,0.05465999999999971,0.07087686505482577,-0.5276879933370231,0.0023625621684941925,129.53853221518852,fast
155,62,2,0.440566,0.490113,0.0292148,0.0398367,1.0,0.03333333333333333,-0.0008879999999999999,0.001721000000000028,-0.026639999999999997,0.05163000000000084,0.05809773231374945,-0.3833739822322895,0.0019365910771249814,117.29278753077233,fast
156,62,2,0.439253,0.49187,0.0298878,0.0411071,1.0,0.03333333333333333,-0.0013130000000000086,0.001756999999999953,-0.03939000000000026,0.05270999999999859,0.06580209875072278,0.2311309931091999,0.0021934032916907592,126.77063451813422,fast
157,62,2,0.43778,0.494707,0.0299286,0.0413299,1.0,0.03333333333333333,-0.001473000000000002,0.002837000000000034,-0.04419000000000006,0.08511000000000102,0.09589821791879231,0.902883575042086,0.003196607263959744,117.43881021233574,fast
158,62,2,0.436005,0.49834,0.0298221,0.0413251,1.0,0.03333333333333333,-0.0017750000000000266,0.0036329999999999973,-0.0532500000000008,0.10898999999999992,0.1213028548715984,0.7621391085841828,0.004043428495719948,116.039067756274,fast
159,62,2,0.433991,0.501597,0.029693,0.0412675,1.0,0.03333333333333333,-0.0020139999999999603,0.0032569999999999544,-0.06041999999999881,0.09770999999999863,0.11488176748291953,-0.19263262166036618,0.003829392249430651,121.7310075759529,fast
160,62,2,0.432567,0.506151,0.0295903,0.0411907,1.0,0.03333333333333333,-0.0014240000000000363,0.004554000000000058,-0.04272000000000109,0.13662000000000174,0.14314336449867512,0.8478479104726677,0.004771445483289171,107.36405340332738,fast
161,62,2,0.431923,0.50986,0.0296609,0.0408496,1.0,0.03333333333333333,-0.0006439999999999779,0.0037089999999999623,-0.019319999999999338,0.11126999999999887,0.11293482766622405,-0.9062561049735323,0.0037644942555408014,99.85016001848976,fast
162,62,2,0.430928,0.511539,0.0323566,0.0442822,1.0,0.03333333333333333,-0.0009950000000000236,0.001678999999999986,-0.02985000000000071,0.05036999999999958,0.058550485907462806,-1.6315302527628373,0.0019516828635820934,120.65160335253648,fast
163,62,2,0.429141,0.513093,0.0331456,0.0454547,1.0,0.03333333333333333,-0.001786999999999983,0.0015540000000000553,-0.05360999999999949,0.04662000000000166,0.07104545376025197,0.37484903558367483,0.002368181792008399,138.9893255399436,fast
164,62,2,0.427425,0.515641,0.0347397,0.0481024,1.0,0.03333333333333333,-0.0017159999999999953,0.0025479999999999947,-0.05147999999999986,0.07643999999999984,0.09215890624350943,0.633403574497724,0.0030719635414503143,123.95905981967627,fast
165,62,2,0.424934,0.518708,0.0353422,0.0493091,1.0,0.03333333333333333,-0.002491000000000021,0.003066999999999931,-0.07473000000000063,0.09200999999999793,0.11853443803384615,0.7912659537101017,0.003951147934461538,129.08330782511712,fast
166,62,2,0.422996,0.522283,0.0357296,0.0502735,1.0,0.03333333333333333,-0.0019379999999999953,0.003575000000000106,-0.05813999999999986,0.10725000000000318,0.12199517244547288,0.10382203234880177,0.004066505748182429,118.4620282492383,fast
167,62,2,0.421496,0.525544,0.0366964,0.0522077,1.0,0.03333333333333333,-0.0015000000000000013,0.0032609999999999584,-0.04500000000000004,0.09782999999999875,0.10768337336840707,-0.42935397231197436,0.003589445778946902,114.7015601324108,fast
168,62,2,0.418908,0.529921,0.0364668,0.0518268,1.0,0.03333333333333333,-0.002587999999999979,0.004376999999999964,-0.07763999999999938,0.13130999999999893,0.15254601174727453,1.3458791513660238,0.0050848670582424845,120.59466001933185,fast
169,62,2,0.417594,0.534844,0.0374019,0.0532789,1.0,0.03333333333333333,-0.0013139999999999818,0.004923000000000011,-0.039419999999999455,0.14769000000000032,0.15286030387252292,0.009428763757451664,0.005095343462417431,104.94445524356547,fast
170,62,2,0.414822,0.5393,0.0383276,0.0549635,1.0,0.03333333333333333,-0.0027719999999999967,0.0044560000000000155,-0.0831599999999999,0.13368000000000047,0.15743547249587722,0.1372550587006291,0.0052478490831959065,121.88502382567225,fast
171,62,2,0.413,0.54311,0.0390166,0.0558779,1.0,0.03333333333333333,-0.0018220000000000458,0.00380999999999998,-0.054660000000001374,0.1142999999999994,0.1266972991030196,-0.9221452017857285,0.004223243303433987,115.55783664149214,fast
172,62,2,0.411501,0.547019,0.0396801,0.0568034,1.0,0.03333333333333333,-0.0014989999999999726,0.003909000000000051,-0.04496999999999918,0.11727000000000154,0.1255967905640916,-0.0330152561678404,0.0041865596854697195,110.98052182738542,fast
173,62,2,0.409842,0.550764,0.0421526,0.0598508,1.0,0.03333333333333333,-0.0016590000000000216,0.0037449999999999983,-0.04977000000000065,0.11234999999999995,0.12288032958940195,-0.08149382924068915,0.004096010986313398,113.89289496809744,fast
174,62,2,0.406708,0.556386,0.0438023,0.0627875,1.0,0.03333333333333333,-0.00313399999999997,0.005622000000000016,-0.0940199999999991,0.16866000000000048,0.19309571719745625,2.106461628241629,0.006436523906581874,119.13760631712336,fast
175,62,2,0.404561,0.562198,0.0450497,0.064586,1.0,0.03333333333333333,-0.00214700000000001,0.005811999999999928,-0.0644100000000003,0.17435999999999785,0.18587645816509224,-0.21657777097092018,0.006195881938836408,110.27463934297492,fast
176,62,2,0.401554,0.567201,0.0450907,0.0650647,1.0,0.03333333333333333,-0.003006999999999982,0.00500299999999998,-0.09020999999999946,0.1500899999999994,0.17511382641013737,-0.32287895264864613,0.005837127547004579,121.00752460051797,fast
177,62,2,0.398357,0.572762,0.0449671,0.0647855,1.0,0.03333333333333333,-0.0031970000000000054,0.005561000000000038,-0.09591000000000016,0.16683000000000114,0.1924343446477276,0.519615547127707,0.0064144781549242535,119.89444936547972,fast
178,62,2,0.395964,0.57775,0.0462062,0.0666322,1.0,0.03333333333333333,-0.002393000000000034,0.0049879999999999924,-0.07179000000000102,0.14963999999999977,0.16596967704975532,-0.7939400279391684,0.005532322568325178,115.6294283542847,fast
179,62,2,0.393493,0.583396,0.0478231,0.0691467,1.0,0.03333333333333333,-0.002471000000000001,0.00564600000000004,-0.07413000000000003,0.1693800000000012,0.18489143111566964,0.5676526219774295,0.006163047703855655,113.63683028618016,fast
180,62,2,0.390732,0.590084,0.0481194,0.0697053,1.0,0.03333333333333333,-0.002760999999999958,0.006688000000000027,-0.08282999999999874,0.20064000000000082,0.21706500984728083,0.9652073619483359,0.007235500328242694,112.43225226032928,fast
181,62,2,0.387165,0.596366,0.0505498,0.0736369,1.0,0.03333333333333333,-0.0035670000000000424,0.006281999999999899,-0.10701000000000127,0.18845999999999696,0.21672173794984,-0.010298156923224666,0.007224057931661334,119.58846485673098,fast
182,62,2,0.384154,0.602941,0.0539237,0.0790552,1.0,0.03333333333333333,-0.003010999999999986,0.0065749999999999975,-0.09032999999999958,0.19724999999999993,0.21694946738814525,0.006831883149157059,0.007231648912938174,114.60525856300643,fast
183,62,2,0.380899,0.611295,0.0563877,0.083442,1.0,0.03333333333333333,-0.003255000000000008,0.008354000000000084,-0.09765000000000024,0.2506200000000025,0.26897194444774586,1.5606743117880184,0.00896573148159153,111.28756509127095,fast
184,62,2,0.376863,0.619874,0.0562971,0.0835251,1.0,0.03333333333333333,-0.004035999999999984,0.008579000000000003,-0.12107999999999952,0.2573700000000001,0.2844286963370608,0.4637025566794484,0.009480956544568693,115.19469065186104,fast
185,62,2,0.372823,0.62919,0.0575869,0.0856826,1.0,0.03333333333333333,-0.004039999999999988,0.009315999999999991,-0.12119999999999964,0.27947999999999973,0.3046284792989647,0.6059934888571167,0.010154282643298823,113.44456995205945,fast
186,62,2,0.369589,0.637527,0.0591609,0.0882507,1.0,0.03333333333333333,-0.0032340000000000146,0.008336999999999928,-0.09702000000000044,0.25010999999999783,0.26826832183468663,-1.090804723928342,0.008942277394489554,111.2017372240918,fast
187,62,2,0.36573,0.647748,0.0613152,0.0916527,1.0,0.03333333333333333,-0.0038590000000000013,0.010221000000000036,-0.11577000000000004,0.30663000000000107,0.327756998094626,1.784660287798181,0.010925233269820867,110.68433059006696,fast
188,62,2,0.362503,0.658271,0.063098,0.0943032,1.0,0.03333333333333333,-0.00322699999999998,0.01052300000000006,-0.0968099999999994,0.3156900000000018,0.33020047274345476,0.07330423946486309,0.011006682424781826,107.04876554367746,fast
189,62,2,0.35726,0.668502,0.0660953,0.0991243,1.0,0.03333333333333333,-0.005242999999999998,0.01023099999999999,-0.15728999999999993,0.3069299999999997,0.34488573325088384,0.4405578152228723,0.011496191108362796,117.13342093109503,fast
190,62,2,0.352788,0.677979,0.0692682,0.104457,1.0,0.03333333333333333,-0.0044720000000000315,0.009476999999999958,-0.13416000000000095,0.28430999999999873,0.31437411105242036,-0.9153486659539045,0.01047913703508068,115.26165399418153,fast
191,62,2,0.34803,0.687143,0.0762112,0.116337,1.0,0.03333333333333333,-0.0047579999999999845,0.00916399999999995,-0.14273999999999953,0.2749199999999985,0.30976719322742857,-0.13820753474975356,0.01032557310758095,117.43859149171539,fast
192,62,2,0.342466,0.702352,0.0774795,0.118966,1.0,0.03333333333333333,-0.005564000000000013,0.015209000000000028,-0.1669200000000004,0.45627000000000084,0.48584421299424874,5.282310593004605,0.016194807099808292,110.0943397806974,fast
193,62,2,0.336691,0.716847,0.0775978,0.118953,1.0,0.03333333333333333,-0.005774999999999975,0.014495000000000036,-0.17324999999999924,0.43485000000000107,0.468091962118557,-0.5325675262707513,0.0156030654039519,111.7229922232766,fast
194,62,2,0.330261,0.732893,0.0816581,0.125479,1.0,0.03333333333333333,-0.006429999999999991,0.016046000000000005,-0.19289999999999974,0.48138000000000014,0.5185914715843292,1.5149852839731643,0.017286382386144303,111.83710778672503,fast
195,62,2,0.323496,0.747883,0.0866519,0.133867,1.0,0.03333333333333333,-0.006765000000000021,0.014989999999999948,-0.20295000000000063,0.44969999999999843,0.49337490055737415,-0.7564971308086504,0.01644583001857914,114.28969783968853,fast
196,62,2,0.315989,0.765409,0.0907472,0.140708,1.0,0.03333333333333333,-0.007506999999999986,0.01752600000000004,-0.22520999999999958,0.5257800000000012,0.5719826505235985,2.3582324989867316,0.01906608835078662,113.18714737828736,fast
197,62,2,0.308165,0.785333,0.0945017,0.146943,1.0,0.03333333333333333,-0.007823999999999998,0.019923999999999942,-0.23471999999999993,0.5977199999999983,0.6421547140681892,2.1051619063377216,0.02140515713560631,111.439550402294,fast
198,62,2,0.300088,0.80658,0.101189,0.158246,1.0,0.03333333333333333,-0.008077,0.021247000000000016,-0.24231000000000003,0.6374100000000005,0.681913223364968,1.1927552789033613,0.022730440778832264,110.81418971410164,fast
199,62,2,0.290997,0.83044,0.107553,0.169167,1.0,0.03333333333333333,-0.009091000000000016,0.023859999999999992,-0.27273000000000047,0.7157999999999998,0.7659969274742555,2.522511123278627,0.02553323091580852,110.85755355423396,fast
200,62,2,0.28046,0.855184,0.11986,0.190587,1.0,0.03333333333333333,-0.010537000000000019,0.0247440000000001,-0.31611000000000056,0.742320000000003,0.8068237195943143,1.224803763601764,0.026894123986477142,113.06627439291555,fast
201,62,2,0.26858,0.870418,0.140437,0.228467,1.0,0.03333333333333333,-0.011880000000000002,0.01523399999999997,-0.35640000000000005,0.4570199999999991,0.5795586600163949,-6.817951787337583,0.019318622000546497,127.94833769119009,fast
202,62,2,0.256864,0.881704,0.142875,0.234769,1.0,0.03333333333333333,-0.011716000000000004,0.011286000000000018,-0.3514800000000001,0.33858000000000055,0.4880313584186988,-2.745819047930882,0.01626771194728996,136.07096408287168,fast
203,62,2,0.244126,0.909521,0.118212,0.180958,1.0,0.03333333333333333,-0.012737999999999972,0.02781699999999998,-0.38213999999999915,0.8345099999999994,0.9178441696170425,12.894384335950312,0.03059480565390142,114.60405775190037,fast
123,64,2,0.879514,0.942507,0.192498,0.109849,,,,,0.0,0.0,0.0,0.0,0.0,0.0,stationary
124,64,2,0.865076,0.930925,0.237371,0.13666,1.0,0.03333333333333333,-0.014438000000000062,-0.011581999999999981,-0.43314000000000186,-0.34745999999999944,0.5552825507793319,0.0,0.01850941835931106,218.73619097907783,fast
125,64,2,0.847164,0.913975,0.275302,0.160975,1.0,0.03333333333333333,-0.017911999999999928,-0.01695000000000002,-0.5373599999999978,-0.5085000000000006,0.7398162066351334,5.536009675674046,0.02466054022117111,223.41935184034486,fast
126,64,2,0.828714,0.888993,0.275683,0.164542,1.0,0.03333333333333333,-0.018450000000000077,-0.02498199999999995,-0.5535000000000023,-0.7494599999999985,0.9316933731652277,5.75631499590283,0.031056445772174257,233.55295537389253,fast
127,64,2,0.811733,0.858913,0.256033,0.156482,1.0,0.03333333333333333,-0.016980999999999913,-0.030079999999999996,-0.5094299999999974,-0.9023999999999999,1.036264775479702,3.137142069434231,0.03454215918265673,240.5540587219055,fast
128,64,2,0.797209,0.832252,0.22703,0.142442,1.0,0.03333333333333333,-0.014524000000000092,-0.026661000000000046,-0.43572000000000277,-0.7998300000000014,0.9108127948706061,-3.7635594182728807,0.03036042649568687,241.4199643351226,fast
129,64,2,0.783683,0.808369,0.211293,0.136705,1.0,0.03333333333333333,-0.013525999999999927,-0.023882999999999988,-0.4057799999999978,-0.7164899999999996,0.8234168619235325,-2.621877988412208,0.027447228730784413,240.4752021839147,fast
130,64,2,0.771948,0.78717,0.192626,0.128651,1.0,0.03333333333333333,-0.011735000000000051,-0.021198999999999968,-0.35205000000000153,-0.635969999999999,0.7269092401393724,-2.8952286535248017,0.024230308004645748,241.03267183983013,fast
131,64,2,0.760818,0.768285,0.173663,0.119793,1.0,0.03333333333333333,-0.011129999999999973,-0.01888500000000004,-0.3338999999999992,-0.5665500000000012,0.6576230778341047,-2.0785848691580324,0.021920769261136824,239.48674670908298,fast
132,64,2,0.750814,0.750017,0.159811,0.114018,1.0,0.03333333333333333,-0.010004000000000013,-0.01826799999999995,-0.3001200000000004,-0.5480399999999985,0.6248358632473,-0.9836164376041401,0.020827862108243334,241.29381766407096,fast
133,64,2,0.741372,0.73069,0.14459,0.106552,1.0,0.03333333333333333,-0.00944199999999995,-0.019327000000000094,-0.2832599999999985,-0.5798100000000028,0.6453029239822197,0.6140118220475899,0.02151009746607399,243.96267072444004,fast
134,64,2,0.732472,0.712254,0.130988,0.0996594,1.0,0.03333333333333333,-0.008900000000000019,-0.018435999999999897,-0.26700000000000057,-0.5530799999999969,0.6141550996287476,-0.9344347306041623,0.020471836654291586,244.2310200210216,fast
135,64,2,0.723472,0.7035,0.122907,0.0966885,1.0,0.03333333333333333,-0.009000000000000008,-0.00875400000000004,-0.27000000000000024,-0.2626200000000012,0.37665536555318146,-7.124992022266984,0.012555178851772715,224.20615862070218,fast
136,64,2,0.716545,0.691653,0.113081,0.0918032,1.0,0.03333333333333333,-0.0069270000000000165,-0.011847000000000052,-0.2078100000000005,-0.35541000000000156,0.4117053123290994,1.0514984032775383,0.013723510410969982,239.68496070008132,fast
137,64,2,0.70947,0.682546,0.108991,0.0914642,1.0,0.03333333333333333,-0.0070749999999999424,-0.009106999999999976,-0.21224999999999827,-0.2732099999999993,0.3459678693173672,-1.9721232903519654,0.011532262310578908,232.15726177994003,fast
138,64,2,0.703335,0.671864,0.102493,0.0887743,1.0,0.03333333333333333,-0.0061350000000000016,-0.01068199999999997,-0.18405000000000005,-0.3204599999999991,0.3695524510810332,0.7075374529099787,0.01231841503603444,240.12992825288632,fast
139,64,2,0.697618,0.662431,0.0971218,0.0868127,1.0,0.03333333333333333,-0.005717000000000083,-0.009433000000000025,-0.1715100000000025,-0.28299000000000074,0.3309063616795562,-1.1593826820443087,0.011030212055985207,238.78146262128374,fast
140,64,2,0.693243,0.652436,0.0891462,0.0818081,1.0,0.03333333333333333,-0.004374999999999907,-0.009994999999999976,-0.1312499999999972,-0.2998499999999993,0.32731725435729603,-0.10767321966780596,0.010910575145243202,246.36009797187893,fast
141,64,2,0.687094,0.643726,0.084891,0.0802116,1.0,0.03333333333333333,-0.006149000000000071,-0.008709999999999996,-0.18447000000000213,-0.26129999999999987,0.31985445268121676,-0.223884050282378,0.010661815089373892,234.7790497260852,fast
142,64,2,0.68182,0.631843,0.074164,0.0711432,1.0,0.03333333333333333,-0.005274000000000001,-0.011882999999999977,-0.15822000000000003,-0.3564899999999993,0.3900239588794508,2.105085185947021,0.013000798629315026,246.0670442378032,fast
143,64,2,0.677426,0.625255,0.073373,0.071944,1.0,0.03333333333333333,-0.004394000000000009,-0.006588000000000038,-0.13182000000000027,-0.19764000000000115,0.23756700528482597,-4.5737086078387446,0.007918900176160865,236.29789217309502,fast
144,64,2,0.672503,0.616462,0.0671618,0.0669591,1.0,0.03333333333333333,-0.004923000000000011,-0.00879300000000005,-0.14769000000000032,-0.2637900000000015,0.30232019482661243,1.942595686253594,0.010077339827553747,240.7565312465357,fast
145,64,2,0.66905,0.61023,0.0654867,0.0665945,1.0,0.03333333333333333,-0.0034529999999999283,-0.006231999999999904,-0.10358999999999785,-0.18695999999999713,0.21374033241295026,-2.657395872409865,0.007124677747098343,241.0102268917487,fast
146,64,2,0.664089,0.59988,0.0580763,0.0596813,1.0,0.03333333333333333,-0.004960999999999993,-0.010350000000000081,-0.1488299999999998,-0.31050000000000244,0.34432632617910797,3.917579812984731,0.011477544205970266,244.3904969323836,fast
147,64,2,0.66047,0.593283,0.0530814,0.0550304,1.0,0.03333333333333333,-0.003619000000000039,-0.006596999999999964,-0.10857000000000117,-0.19790999999999892,0.22573394295054483,-3.557771496856894,0.0075244647650181615,241.251589773292,fast
148,64,2,0.65719,0.586746,0.0508855,0.0531905,1.0,0.03333333333333333,-0.0032799999999999496,-0.006537000000000015,-0.09839999999999849,-0.19611000000000045,0.21941215121319027,-0.1896537521206368,0.007313738373773009,243.354369022264,fast
149,64,2,0.653233,0.57583,0.041009,0.042085,1.0,0.03333333333333333,-0.003957000000000099,-0.010916000000000037,-0.11871000000000298,-0.3274800000000011,0.34833204632936293,3.8675968534851797,0.011611068210978764,250.07465130078634,fast
150,64,2,0.650573,0.574932,0.0485899,0.0507476,1.0,0.03333333333333333,-0.0026599999999999957,-0.0008979999999999544,-0.07979999999999987,-0.02693999999999863,0.08422472083658043,-7.923219764783474,0.0028074906945526807,198.65437290264424,fast
151,64,2,0.647968,0.571888,0.050459,0.0534432,1.0,0.03333333333333333,-0.0026049999999999685,-0.0030440000000000467,-0.07814999999999905,-0.0913200000000014,0.12019469580642944,1.0790992490954703,0.004006489860214315,229.44368822533283,fast
152,64,2,0.645759,0.568174,0.0488575,0.0528114,1.0,0.03333333333333333,-0.0022090000000000165,-0.003713999999999995,-0.0662700000000005,-0.11141999999999985,0.1296384561000324,0.2833128088080891,0.0043212818700010805,239.25681191489113,fast
153,64,2,0.642597,0.563949,0.0461703,0.0508394,1.0,0.03333333333333333,-0.003161999999999998,-0.004224999999999923,-0.09485999999999994,-0.1267499999999977,0.15831608288483962,0.8603288035442161,0.005277202762827987,233.18873138117414,fast
154,64,2,0.639798,0.556504,0.0444746,0.0493543,1.0,0.03333333333333333,-0.002798999999999996,-0.007445000000000035,-0.08396999999999988,-0.22335000000000105,0.2386130411356438,2.4089087475241255,0.007953768037854794,249.3958970576453,fast
155,64,2,0.637306,0.551586,0.0430346,0.0482314,1.0,0.03333333333333333,-0.0024919999999999387,-0.004917999999999978,-0.07475999999999816,-0.14753999999999934,0.16539984643281724,-2.196395841084797,0.005513328214427241,243.12820926093747,fast
156,64,2,0.635157,0.546744,0.0422256,0.0478815,1.0,0.03333333333333333,-0.0021490000000000675,-0.004842000000000013,-0.06447000000000203,-0.1452600000000004,0.15892403373939504,-0.19427438080266618,0.005297467791313168,246.06716153925484,fast
157,64,2,0.633105,0.543581,0.0405089,0.0460394,1.0,0.03333333333333333,-0.0020519999999999428,-0.003163000000000027,-0.06155999999999828,-0.09489000000000081,0.11310944125049836,-1.3744377746669003,0.0037703147083499454,237.02646118261123,fast
158,64,2,0.630556,0.537625,0.03396,0.0377774,1.0,0.03333333333333333,-0.0025490000000000235,-0.005955999999999961,-0.0764700000000007,-0.17867999999999884,0.19435586767576557,2.437392792758016,0.0064785289225255185,246.8304411725478,fast
159,64,2,0.630264,0.536603,0.0394722,0.043875,1.0,0.03333333333333333,-0.00029199999999995896,-0.0010219999999999674,-0.008759999999998769,-0.03065999999999902,0.03188688131504739,-4.874069590821546,0.001062896043834913,254.0546040990788,fast
160,64,2,0.627445,0.533369,0.0408076,0.045941,1.0,0.03333333333333333,-0.002819000000000016,-0.00323400000000007,-0.08457000000000048,-0.0970200000000021,0.12870495445009292,2.9045421940513663,0.00429016514833643,228.9221206888538,fast
161,64,2,0.625503,0.52958,0.0404301,0.0460598,1.0,0.03333333333333333,-0.0019419999999999993,-0.0037889999999999313,-0.05825999999999998,-0.11366999999999794,0.12773056212198994,-0.029231769843089395,0.004257685404066331,242.86321369798043,fast
162,64,2,0.624103,0.526596,0.040097,0.0460917,1.0,0.03333333333333333,-0.0014000000000000679,-0.0029840000000000977,-0.042000000000002036,-0.08952000000000293,0.09888291257846675,-0.8654294863056956,0.0032960970859488912,244.86549071743275,fast
163,64,2,0.622001,0.523031,0.0381737,0.0439866,1.0,0.03333333333333333,-0.0021019999999999373,-0.0035649999999999293,-0.06305999999999812,-0.10694999999999788,0.1241566192355418,0.7582111997122516,0.00413855397451806,239.4754922164656,fast
164,64,2,0.619702,0.51818,0.0332251,0.0380333,1.0,0.03333333333333333,-0.002299000000000051,-0.00485100000000005,-0.06897000000000153,-0.1455300000000015,0.16104608595057704,1.106684001451057,0.005368202865019234,244.64265529025823,fast
165,64,2,0.618355,0.516218,0.0338188,0.0387961,1.0,0.03333333333333333,-0.001346999999999987,-0.0019620000000000193,-0.04040999999999961,-0.05886000000000058,0.07139655243777557,-2.6894860053840444,0.0023798850812591856,235.52867481241208,fast
166,64,2,0.617124,0.511649,0.035753,0.0415244,1.0,0.03333333333333333,-0.0012309999999999821,-0.004568999999999934,-0.03692999999999946,-0.13706999999999803,0.1419577747078314,2.1168366681016755,0.00473192582359438,254.92116891160458,fast
167,64,2,0.614814,0.507612,0.0363445,0.0427921,1.0,0.03333333333333333,-0.0023100000000000342,-0.004037000000000068,-0.06930000000000103,-0.12111000000000205,0.13953537938458704,-0.07267185969733109,0.004651179312819568,240.22150428654894,fast
168,64,2,0.613502,0.505364,0.0363348,0.043271,1.0,0.03333333333333333,-0.0013119999999999798,-0.0022479999999999167,-0.039359999999999395,-0.0674399999999975,0.07808561455223116,-1.8434929449706765,0.0026028538184077053,239.73088677926262,fast
169,64,2,0.612711,0.503177,0.0361929,0.0435301,1.0,0.03333333333333333,-0.0007909999999999862,-0.00218700000000005,-0.023729999999999585,-0.0656100000000015,0.0697695133994797,-0.2494830345825437,0.0023256504466493233,250.1158207387126,fast
170,64,2,0.611123,0.499371,0.0341714,0.0411757,1.0,0.03333333333333333,-0.0015880000000000338,-0.003805999999999976,-0.047640000000001015,-0.11417999999999928,0.12372001454898045,1.6185150344850223,0.004124000484966015,247.35234854612912,fast
171,64,2,0.608986,0.496528,0.0314639,0.0379001,1.0,0.03333333333333333,-0.0021369999999999445,-0.0028429999999999844,-0.06410999999999833,-0.08528999999999953,0.10669806090084162,-0.5106586094441649,0.003556602030028054,233.06888549555512,fast
172,64,2,0.607653,0.495235,0.0298542,0.0358464,1.0,0.03333333333333333,-0.0013330000000000286,-0.0012930000000000441,-0.03999000000000086,-0.03879000000000132,0.055712334361433566,-1.5295717961822417,0.0018570778120477855,224.12732141931363,fast
173,64,2,0.606358,0.492826,0.0286946,0.0342845,1.0,0.03333333333333333,-0.0012950000000000461,-0.0024089999999999945,-0.03885000000000138,-0.07226999999999983,0.08205044424011416,0.790143296360418,0.0027350148080038054,241.73897187425985,fast
174,64,2,0.605194,0.490868,0.0281495,0.0336114,1.0,0.03333333333333333,-0.0011639999999999429,-0.0019579999999999598,-0.034919999999998286,-0.05873999999999879,0.06833589100904253,-0.4114365969321492,0.002277863033634751,239.2691869287442,fast
175,64,2,0.603948,0.489112,0.0289682,0.0347717,1.0,0.03333333333333333,-0.0012459999999999694,-0.0017560000000000353,-0.03737999999999908,-0.05268000000000106,0.06459447964029158,-0.1122423410625284,0.0021531493213430525,234.64173827269735,fast
176,64,2,0.603078,0.487178,0.0301862,0.0364477,1.0,0.03333333333333333,-0.0008700000000000374,-0.0019339999999999913,-0.026100000000001122,-0.05801999999999974,0.06362020433793047,-0.02922825907083315,0.002120673477931016,245.77964609626048,fast
177,64,2,0.602299,0.486061,0.0299316,0.0361724,1.0,0.03333333333333333,-0.0007789999999999742,-0.0011169999999999791,-0.023369999999999225,-0.033509999999999374,0.04085433881486668,-0.6829759656919139,0.001361811293828889,235.1079362425292,fast
178,64,2,0.601281,0.484317,0.0298657,0.0360514,1.0,0.03333333333333333,-0.0010180000000000744,-0.0017440000000000233,-0.030540000000002232,-0.0523200000000007,0.06058113567770259,0.5918039058850774,0.002019371189256753,239.7272241245679,fast
179,64,2,0.599237,0.482354,0.0295275,0.0358567,1.0,0.03333333333333333,-0.0020439999999999348,-0.0019629999999999925,-0.06131999999999804,-0.058889999999999776,0.0850186714786801,0.7331260740293253,0.0028339557159560037,223.8419450589012,fast
180,64,2,0.59775,0.480456,0.0296008,0.0360036,1.0,0.03333333333333333,-0.001487000000000016,-0.0018980000000000108,-0.04461000000000048,-0.056940000000000324,0.07233405629439067,-0.3805384555286828,0.002411135209813023,231.92285318463354,fast
181,64,2,0.596589,0.47831,0.029626,0.0361542,1.0,0.03333333333333333,-0.0011609999999999676,-0.0021459999999999813,-0.03482999999999903,-0.06437999999999944,0.0731977684086056,0.025911363426447953,0.0024399256136201867,241.58632278837635,fast
182,64,2,0.59564,0.475527,0.0291042,0.0356437,1.0,0.03333333333333333,-0.0009490000000000887,-0.0027830000000000354,-0.02847000000000266,-0.08349000000000106,0.08821066262079845,0.45038682636578536,0.002940355420693282,251.17067905626243,fast
183,64,2,0.594876,0.473465,0.0274633,0.0336052,1.0,0.03333333333333333,-0.0007639999999999869,-0.0020619999999999528,-0.022919999999999607,-0.06185999999999858,0.06596958390045982,-0.667232361610159,0.002198986130015327,249.6696235987783,fast
184,64,2,0.594148,0.471139,0.0256022,0.0312121,1.0,0.03333333333333333,-0.0007279999999999509,-0.0023260000000000502,-0.021839999999998527,-0.06978000000000151,0.07311794581359726,0.2144508573941234,0.0024372648604532423,252.6207324627095,fast
185,64,2,0.593695,0.469714,0.0257861,0.0315489,1.0,0.03333333333333333,-0.0004530000000000367,-0.001424999999999954,-0.013590000000001101,-0.04274999999999862,0.044858116322466245,-0.8477948847339305,0.001495270544082208,252.3648134123479,fast
186,64,2,0.592983,0.469012,0.0257359,0.0316366,1.0,0.03333333333333333,-0.0007119999999999349,-0.0007020000000000359,-0.021359999999998047,-0.021060000000001078,0.029996219761829358,-0.4458568968191066,0.0009998739920609784,224.59480322260939,moving
187,64,2,0.592425,0.467522,0.0257331,0.0317884,1.0,0.03333333333333333,-0.0005580000000000584,-0.0014899999999999913,-0.016740000000001753,-0.04469999999999974,0.04773172529879929,0.5320651661090979,0.001591057509959976,249.4692434853398,fast
188,64,2,0.591278,0.465501,0.0260554,0.032712,1.0,0.03333333333333333,-0.0011470000000000091,-0.002020999999999995,-0.034410000000000274,-0.06062999999999985,0.0697140229795986,0.6594689304239794,0.0023238007659866196,240.42332040150876,fast
189,64,2,0.590531,0.463224,0.0244314,0.030826,1.0,0.03333333333333333,-0.0007469999999999422,-0.0022769999999999735,-0.022409999999998265,-0.0683099999999992,0.07189203154731276,0.06534025703142488,0.0023964010515770922,251.83723810581623,fast
190,64,2,0.589465,0.461953,0.0230103,0.0289231,1.0,0.03333333333333333,-0.0010660000000000114,-0.0012710000000000221,-0.03198000000000034,-0.03813000000000066,0.04976562367739474,-0.6637922360975406,0.0016588541225798247,230.013113755036,fast
191,64,2,0.58855,0.460796,0.0225163,0.0281904,1.0,0.03333333333333333,-0.0009149999999999991,-0.0011570000000000191,-0.027449999999999974,-0.034710000000000574,0.044252532130941824,-0.16539274639358748,0.0014750844043647275,231.6616998921931,fast
192,64,2,0.587985,0.458672,0.0222274,0.027748,1.0,0.03333333333333333,-0.0005650000000000377,-0.0021239999999999593,-0.01695000000000113,-0.06371999999999878,0.06593588476694524,0.6505005790801026,0.002197862825564842,255.10384692554953,fast
193,64,2,0.58692,0.456613,0.0219499,0.0273548,1.0,0.03333333333333333,-0.0010649999999999826,-0.002059000000000033,-0.03194999999999948,-0.06177000000000099,0.06954376607576045,0.10823643926445609,0.0023181255358586815,242.6501242199309,fast
196,64,2,0.584061,0.452538,0.0201838,0.0250673,3.0,0.1,-0.002858999999999945,-0.004074999999999995,-0.02858999999999945,-0.04074999999999995,0.04977901766808948,-0.19764748407670965,0.004977901766808948,234.9466888143645,fast
197,64,2,0.582932,0.451527,0.020228,0.0251175,1.0,0.03333333333333333,-0.0011290000000000466,-0.0010109999999999841,-0.0338700000000014,-0.030329999999999524,0.045465215274977704,-0.12941407179335335,0.0015155071758325902,221.84389606730244,fast
198,64,2,0.582488,0.450522,0.0210185,0.0261224,1.0,0.03333333333333333,-0.00044399999999999995,-0.0010050000000000336,-0.013319999999999999,-0.03015000000000101,0.03296126362869089,-0.37511854938860445,0.0010987087876230296,246.16458767763217,fast
199,64,2,0.581268,0.449867,0.0214822,0.0267111,1.0,0.03333333333333333,-0.0012199999999999989,-0.0006549999999999612,-0.036599999999999966,-0.019649999999998835,0.041541334836520984,0.2574021362349029,0.0013847111612173661,208.2306949308907,fast
200,64,2,0.580633,0.448722,0.0222828,0.027902,1.0,0.03333333333333333,-0.0006350000000000522,-0.0011450000000000071,-0.019050000000001566,-0.034350000000000214,0.039278811081804324,-0.06787571264149979,0.001309293702726811,240.98790018059654,fast
201,64,2,0.579874,0.447582,0.0224981,0.0283413,1.0,0.03333333333333333,-0.0007589999999999542,-0.0011400000000000299,-0.022769999999998625,-0.034200000000000896,0.04108665111687735,0.054235201052190776,0.001369555037229245,236.34474157029456,fast
202,64,2,0.579696,0.446204,0.0226595,0.0286383,1.0,0.03333333333333333,-0.00017800000000001148,-0.0013779999999999903,-0.0053400000000003445,-0.04133999999999971,0.041683464347388156,0.017904396915324194,0.0013894488115796053,262.63970503626433,fast
203,64,2,0.579525,0.444847,0.0226135,0.0286336,1.0,0.03333333333333333,-0.00017100000000003224,-0.001356999999999997,-0.005130000000000967,-0.04070999999999991,0.041031950965071146,-0.019545401469510323,0.0013677316988357049,262.81782818128755,fast
204,64,2,0.579117,0.44371,0.0216876,0.0274284,1.0,0.03333333333333333,-0.00040799999999996395,-0.0011369999999999991,-0.012239999999998918,-0.034109999999999974,0.036239615064180414,-0.14377007702672195,0.0012079871688060136,250.26003133335146,fast
205,64,2,0.578883,0.442284,0.0222761,0.0283218,1.0,0.03333333333333333,-0.00023399999999995647,-0.0014259999999999828,-0.007019999999998694,-0.042779999999999485,0.04335214873567327,0.21337601014478577,0.0014450716245224425,260.68107989860425,fast
206,64,2,0.578444,0.441242,0.0226583,0.0290234,1.0,0.03333333333333333,-0.0004390000000000782,-0.0010419999999999874,-0.013170000000002346,-0.03125999999999962,0.03392103329794124,-0.28293346313196105,0.0011307011099313746,247.15405586527152,fast
207,64,2,0.578456,0.440725,0.0232286,0.030007,1.0,0.03333333333333333,1.2000000000012001e-05,-0.0005170000000000452,0.00036000000000036003,-0.015510000000001356,0.015514177387152769,-0.5522056773236541,0.0005171392462384256,271.3296439522625,moving
208,64,2,0.578101,0.439727,0.0234814,0.0307227,1.0,0.03333333333333333,-0.0003549999999999942,-0.0009979999999999989,-0.010649999999999826,-0.029939999999999967,0.03177776109168162,0.4879075111358656,0.0010592587030560541,250.41894630926132,fast
209,64,2,0.577466,0.438558,0.022582,0.0298677,1.0,0.03333333333333333,-0.0006349999999999412,-0.0011689999999999756,-0.019049999999998235,-0.03506999999999927,0.03990999123026565,0.24396690415752093,0.0013303330410088551,241.4892209345217,fast
210,64,2,0.576955,0.437415,0.0219262,0.0293778,1.0,0.03333333333333333,-0.0005110000000000392,-0.0011430000000000051,-0.015330000000001176,-0.034290000000000154,0.03756079072650158,-0.07047601511292224,0.0012520263575500523,245.9120561900793,fast
214,64,2,0.575011,0.431218,0.0202739,0.0270738,4.0,0.13333333333333333,-0.0019439999999999458,-0.006197000000000008,-0.014579999999999593,-0.04647750000000006,0.04871072167654667,0.0836244821253382,0.006494762890206222,252.58334957339076,fast
126,67,2,0.390214,0.504839,0.0573405,0.0610573,,,,,0.0,0.0,0.0,0.0,0.0,0.0,stationary
128,67,2,0.388347,0.508843,0.0571815,0.0607194,2.0,0.06666666666666667,-0.0018670000000000075,0.0040040000000000076,-0.028005000000000113,0.06006000000000011,0.06626827012228416,0.0,0.004417884674818944,114.9988732277842,fast
129,67,2,0.386709,0.511368,0.0602814,0.0638483,1.0,0.03333333333333333,-0.0016379999999999728,0.0025249999999999995,-0.049139999999999184,0.07574999999999998,0.09029286848915542,0.7207379510061379,0.003009762282971848,122.97199379683616,fast
174,84,2,0.451233,0.417144,0.0172833,0.0308213,,,,,0.0,0.0,0.0,0.0,0.0,0.0,stationary
175,84,2,0.45075,0.417588,0.017609,0.0313847,1.0,0.03333333333333333,-0.0004830000000000112,0.00044399999999999995,-0.014490000000000336,0.013319999999999999,0.01968203495576638,0.0,0.0006560678318588794,137.40908137447292,moving
176,84,2,0.449513,0.417821,0.0183669,0.0326803,1.0,0.03333333333333333,-0.0012369999999999881,0.00023299999999998322,-0.03710999999999964,0.006989999999999497,0.037762576712930575,0.5424162527149259,0.0012587525570976858,169.3328102927171,fast
177,84,2,0.448786,0.417987,0.019028,0.0337431,1.0,0.03333333333333333,-0.0007269999999999777,0.00016599999999999948,-0.02180999999999933,0.0049799999999999844,0.022371332101597585,-0.4617373383399897,0.0007457110700532528,167.1378387896691,moving
178,84,2,0.448648,0.417863,0.0194139,0.0343273,1.0,0.03333333333333333,-0.000138000000000027,-0.000124000000000013,-0.00414000000000081,-0.0037200000000003897,0.005565788353864132,-0.5041663124320036,0.00018552627846213772,221.9413024259016,slow
179,84,2,0.448027,0.418446,0.0189639,0.0333351,1.0,0.03333333333333333,-0.0006209999999999827,0.0005830000000000002,-0.01862999999999948,0.017490000000000006,0.025553414644621974,0.5996287887227353,0.0008517804881540658,136.8077384704028,moving
180,84,2,0.447473,0.419572,0.0189588,0.0330795,1.0,0.03333333333333333,-0.0005539999999999989,0.0011260000000000159,-0.016619999999999968,0.033780000000000476,0.03764721503644102,0.36281401175457145,0.0012549071678813674,116.19751379815318,fast
181,84,2,0.447015,0.420876,0.0190633,0.033039,1.0,0.03333333333333333,-0.00045800000000001395,0.0013039999999999718,-0.013740000000000419,0.039119999999999155,0.04146277848866312,0.11446690356666303,0.0013820926162887708,109.35265170354194,fast
182,84,2,0.446518,0.421461,0.0195976,0.0339025,1.0,0.03333333333333333,-0.0004969999999999697,0.0005850000000000022,-0.01490999999999909,0.017550000000000066,0.023028473679338263,-0.5530291442797458,0.0007676157893112754,130.35031855276276,moving
183,84,2,0.445202,0.422513,0.0190593,0.0331405,1.0,0.03333333333333333,-0.0013160000000000394,0.001052000000000053,-0.03948000000000118,0.03156000000000159,0.05054407977201873,0.8254681827804141,0.0016848026590672912,141.36143600875232,fast
184,84,2,0.444304,0.423355,0.0194554,0.0341307,1.0,0.03333333333333333,-0.0008980000000000099,0.0008419999999999539,-0.026940000000000297,0.025259999999998617,0.03693008529640767,-0.40841983426833184,0.0012310028432135892,136.84336581978505,fast
185,84,2,0.443551,0.424436,0.019055,0.0335359,1.0,0.03333333333333333,-0.0007530000000000037,0.0010809999999999986,-0.02259000000000011,0.03242999999999996,0.03952231015515164,0.07776674576231907,0.0013174103385050547,124.86019132591048,fast
186,84,2,0.442794,0.425585,0.0190322,0.0332974,1.0,0.03333333333333333,-0.0007569999999999522,0.0011490000000000111,-0.022709999999998565,0.034470000000000334,0.04127862643063548,0.05268948826451514,0.0013759542143545159,123.37824112543876,fast
187,84,2,0.442392,0.425891,0.019346,0.0337643,1.0,0.03333333333333333,-0.00040200000000001346,0.00030600000000002847,-0.012060000000000404,0.009180000000000854,0.015156384793215875,-0.783667249122588,0.0005052128264405292,142.7218258001293,moving
188,84,2,0.44226,0.426119,0.0195885,0.0342058,1.0,0.03333333333333333,-0.000132000000000021,0.00022800000000000598,-0.00396000000000063,0.006840000000000179,0.007903619424036524,-0.21758296107538055,0.00026345398080121745,120.06858282186573,slow
189,84,2,0.441985,0.426131,0.0200066,0.0350171,1.0,0.03333333333333333,-0.0002749999999999697,1.199999999995649e-05,-0.008249999999999091,0.0003599999999986947,0.008257850809985857,0.010626941578479997,0.00027526169366619524,177.50140561059015,slow
190,84,2,0.441235,0.426508,0.0209488,0.036782,1.0,0.03333333333333333,-0.0007500000000000284,0.0003770000000000162,-0.022500000000000853,0.011310000000000486,0.025182654744884413,0.5077441180469567,0.0008394218248294805,153.31284825226953,moving
191,84,2,0.440548,0.426676,0.0214971,0.0377107,1.0,0.03333333333333333,-0.0006869999999999932,0.00016800000000000148,-0.020609999999999795,0.0050400000000000444,0.021217297188850234,-0.11896072668102539,0.0007072432396283411,166.25848530857434,moving
192,84,2,0.439503,0.427136,0.0216863,0.0379267,1.0,0.03333333333333333,-0.0010450000000000181,0.00046000000000001595,-0.031350000000000544,0.013800000000000479,0.034252919583592396,0.3910686718422649,0.0011417639861197465,156.24131907470996,fast
193,84,2,0.438767,0.427659,0.0216688,0.0377266,1.0,0.03333333333333333,-0.0007359999999999589,0.0005229999999999957,-0.022079999999998767,0.01568999999999987,0.027086943349147786,-0.21497928703333832,0.0009028981116382596,144.60248155388217,moving
194,84,2,0.438977,0.428903,0.0212737,0.0364451,1.0,0.03333333333333333,0.00020999999999998797,0.0012439999999999674,0.006299999999999639,0.03731999999999902,0.03784801712111115,0.3228322131589008,0.0012616005707037049,80.41821842999309,fast
195,84,2,0.437772,0.430861,0.0201936,0.034129,1.0,0.03333333333333333,-0.0012050000000000116,0.0019580000000000153,-0.03615000000000035,0.05874000000000046,0.06897253148899263,0.9337354310364444,0.0022990843829664206,121.6091348837225,fast
196,84,2,0.437929,0.431657,0.0205966,0.0340357,1.0,0.03333333333333333,0.00015700000000001824,0.0007960000000000189,0.004710000000000547,0.023880000000000567,0.024340059572647562,-1.338974157490352,0.0008113353190882521,78.84241272524639,moving
197,84,2,0.436362,0.432752,0.0206032,0.0338401,1.0,0.03333333333333333,-0.001566999999999985,0.0010950000000000126,-0.04700999999999955,0.03285000000000038,0.057350349606606434,0.9903087010187662,0.0019116783202202145,145.05463159360602,fast
198,84,2,0.435335,0.433785,0.0209217,0.0343659,1.0,0.03333333333333333,-0.0010270000000000001,0.0010329999999999506,-0.030810000000000004,0.03098999999999852,0.04369938443502275,-0.4095289551475106,0.0014566461478340916,134.83311956069963,fast
199,84,2,0.434613,0.434874,0.021092,0.0345719,1.0,0.03333333333333333,-0.0007220000000000004,0.0010890000000000066,-0.021660000000000013,0.0326700000000002,0.03919801653145238,-0.13504103710711113,0.0013066005510484124,123.54412231962522,fast
200,84,2,0.433731,0.435845,0.0211384,0.0346949,1.0,0.03333333333333333,-0.0008820000000000494,0.0009709999999999996,-0.026460000000001482,0.02912999999999999,0.039353379778617206,0.004660897414944867,0.001311779325953907,132.25018425196015,fast
201,84,2,0.43308,0.436296,0.0212145,0.034788,1.0,0.03333333333333333,-0.0006509999999999572,0.0004510000000000347,-0.019529999999998715,0.013530000000001041,0.023758825728557757,-0.4678366215017835,0.0007919608576185919,145.28654403222993,moving
202,84,2,0.432232,0.437448,0.0215229,0.0352286,1.0,0.03333333333333333,-0.0008480000000000154,0.0011519999999999864,-0.025440000000000462,0.03455999999999959,0.04291371808641143,0.5746467707356102,0.0014304572695470477,126.35719741999628,fast
203,84,2,0.431601,0.438264,0.021449,0.0350385,1.0,0.03333333333333333,-0.0006309999999999927,0.0008159999999999834,-0.01892999999999978,0.024479999999999502,0.030945359910654897,-0.359050745272696,0.00103151199702183,127.71421877039285,fast
204,84,2,0.431003,0.439532,0.0217752,0.0355136,1.0,0.03333333333333333,-0.0005979999999999874,0.0012679999999999914,-0.017939999999999623,0.03803999999999974,0.042058116933595194,0.3333827106882089,0.0014019372311198396,115.24897887919428,fast
205,84,2,0.430123,0.441337,0.0223338,0.0363646,1.0,0.03333333333333333,-0.0008800000000000474,0.001805000000000001,-0.026400000000001422,0.05415000000000003,0.06024269665279003,0.545537391575845,0.002008089888426334,115.99083653200728,fast
206,84,2,0.429329,0.442316,0.022977,0.0372371,1.0,0.03333333333333333,-0.0007939999999999614,0.0009790000000000076,-0.023819999999998842,0.02937000000000023,0.03781519932513854,-0.6728249198295446,0.0012605066441712847,129.0431468649594,fast
207,84,2,0.428404,0.443406,0.0242909,0.0392923,1.0,0.03333333333333333,-0.0009250000000000091,0.0010900000000000354,-0.027750000000000274,0.03270000000000106,0.042887673054154904,0.15217421187049088,0.0014295891018051635,130.31873049663602,fast
208,84,2,0.428057,0.445145,0.0240026,0.0380573,1.0,0.03333333333333333,-0.0003469999999999862,0.0017389999999999906,-0.010409999999999586,0.05216999999999972,0.05319846802305459,0.3093238490669906,0.0017732822674351532,101.28458596847884,fast
209,84,2,0.426728,0.446733,0.0247681,0.0387174,1.0,0.03333333333333333,-0.0013290000000000246,0.0015879999999999783,-0.03987000000000074,0.04763999999999935,0.06212235105016549,0.26771649081332693,0.0020707450350055164,129.92602206819004,fast
210,84,2,0.425567,0.446489,0.0258897,0.0404959,1.0,0.03333333333333333,-0.0011610000000000231,-0.00024399999999996647,-0.034830000000000694,-0.007319999999998994,0.03559088787878203,-0.7959438951415039,0.0011863629292927344,191.86875935424843,fast
211,84,2,0.424673,0.446662,0.026311,0.0412699,1.0,0.03333333333333333,-0.0008939999999999504,0.00017299999999997873,-0.02681999999999851,0.005189999999999362,0.027317549304429076,-0.24820015723058858,0.0009105849768143026,169.0479301146537,moving
212,84,2,0.423745,0.447616,0.0262265,0.0414655,1.0,0.03333333333333333,-0.0009280000000000399,0.0009540000000000104,-0.027840000000001197,0.028620000000000312,0.03992705849421022,0.3782852756934344,0.0013309019498070074,134.2085039820812,fast
213,84,2,0.422582,0.448945,0.0254726,0.0403226,1.0,0.03333333333333333,-0.0011629999999999696,0.001328999999999969,-0.03488999999999909,0.03986999999999907,0.052980458661659985,0.39160200502349285,0.0017660152887219996,131.1889771967892,fast
214,84,2,0.42148,0.450429,0.0247844,0.039054,1.0,0.03333333333333333,-0.0011019999999999919,0.0014840000000000408,-0.033059999999999756,0.044520000000001225,0.055452628431843454,0.07416509310550407,0.001848420947728115,126.59712170429412,fast
215,84,2,0.420529,0.453284,0.0233221,0.0361354,1.0,0.03333333333333333,-0.0009510000000000352,0.0028549999999999964,-0.028530000000001055,0.08564999999999989,0.09027670463635701,1.0447222861354066,0.0030092234878785666,108.42290683497197,fast
216,84,2,0.419509,0.455297,0.023356,0.0359047,1.0,0.03333333333333333,-0.0010199999999999654,0.002012999999999987,-0.03059999999999896,0.06038999999999961,0.06770016321989106,-0.6772962424939786,0.002256672107329702,116.87162495498183,fast
217,84,2,0.418575,0.45682,0.0232746,0.0353714,1.0,0.03333333333333333,-0.0009340000000000459,0.0015229999999999966,-0.028020000000001377,0.0456899999999999,0.05359754192124922,-0.42307863895925507,0.0017865847307083074,121.51926122696403,fast
218,84,2,0.417566,0.45816,0.0240409,0.0362553,1.0,0.03333333333333333,-0.0010089999999999821,0.0013400000000000079,-0.030269999999999464,0.040200000000000236,0.050322091570203904,-0.09826351053135951,0.0016774030523401301,126.9792014922844,fast
219,84,2,0.416485,0.459658,0.0242394,0.0361197,1.0,0.03333333333333333,-0.0010809999999999986,0.0014979999999999993,-0.03242999999999996,0.04493999999999998,0.05541938740188306,0.15291887495037473,0.0018473129133961023,125.81530289392009,fast
220,84,2,0.414766,0.460836,0.0254278,0.0377228,1.0,0.03333333333333333,-0.0017189999999999706,0.0011780000000000124,-0.05156999999999912,0.03534000000000037,0.06251704167664954,0.21292962824299427,0.0020839013892216514,145.5778553402048,fast
221,84,2,0.413619,0.462668,0.0261869,0.0388517,1.0,0.03333333333333333,-0.0011470000000000091,0.0018320000000000003,-0.034410000000000274,0.05496000000000001,0.06484327027533404,0.06978685796053513,0.002161442342511135,122.05034089942143,fast
222,84,2,0.412504,0.463764,0.0269784,0.0400504,1.0,0.03333333333333333,-0.0011150000000000326,0.0010959999999999859,-0.03345000000000098,0.032879999999999576,0.046904124552112014,-0.5381743716966608,0.001563470818403734,135.49235324062863,fast
223,84,2,0.411572,0.465326,0.0274097,0.0407282,1.0,0.03333333333333333,-0.0009319999999999884,0.0015620000000000078,-0.027959999999999652,0.046860000000000235,0.0545675837837814,0.2299037769500815,0.0018189194594593798,120.82329949990094,fast
224,84,2,0.410463,0.466113,0.0279122,0.0416757,1.0,0.03333333333333333,-0.0011089999999999711,0.0007869999999999822,-0.033269999999999134,0.023609999999999465,0.04079613952324309,-0.4131433278161492,0.0013598713174414363,144.63864649858283,fast
225,84,2,0.40893,0.467206,0.028969,0.0433328,1.0,0.03333333333333333,-0.0015330000000000066,0.0010930000000000106,-0.0459900000000002,0.03279000000000032,0.05648242381484739,0.47058852874812895,0.0018827474604949128,144.51184929578756,fast
226,84,2,0.407691,0.467855,0.0297268,0.04467,1.0,0.03333333333333333,-0.0012389999999999901,0.0006490000000000107,-0.0371699999999997,0.01947000000000032,0.04196057435259901,-0.43565548386745123,0.0013986858117533006,152.35402463626076,fast
227,84,2,0.406846,0.468789,0.0301208,0.0453661,1.0,0.03333333333333333,-0.0008450000000000402,0.0009339999999999904,-0.025350000000001205,0.028019999999999712,0.03778548530851556,-0.12525267132250356,0.0012595161769505185,132.13598845525195,fast
228,84,2,0.405611,0.470221,0.031125,0.0470485,1.0,0.03333333333333333,-0.0012349999999999861,0.0014319999999999888,-0.03704999999999958,0.042959999999999665,0.0567297461654813,0.5683278257089722,0.0018909915388493766,130.77547538146393,fast
229,84,2,0.403973,0.471973,0.0317703,0.0483745,1.0,0.03333333333333333,-0.0016379999999999728,0.0017519999999999758,-0.049139999999999184,0.052559999999999274,0.07195340992614488,0.45670991281990736,0.0023984469975381626,133.07396508192642,fast
230,84,2,0.402995,0.474266,0.0318029,0.0486053,1.0,0.03333333333333333,-0.0009780000000000344,0.002293000000000045,-0.029340000000001032,0.06879000000000135,0.07478569181334252,0.08496845661592922,0.002492856393778084,113.0989982661008,fast
231,84,2,0.401944,0.475679,0.0320381,0.0492864,1.0,0.03333333333333333,-0.0010509999999999686,0.0014129999999999976,-0.03152999999999906,0.04238999999999993,0.05283041737484131,-0.6586582331550364,0.0017610139124947103,126.6421473084165,fast
232,84,2,0.400599,0.477618,0.0315542,0.0489511,1.0,0.03333333333333333,-0.0013450000000000406,0.0019389999999999685,-0.04035000000000122,0.058169999999999056,0.07079457182581153,0.5389246335291067,0.0023598190608603844,124.74736343593759,fast
233,84,2,0.399711,0.478935,0.0310283,0.0483265,1.0,0.03333333333333333,-0.0008879999999999999,0.0013170000000000126,-0.026639999999999997,0.03951000000000038,0.04765217413717898,-0.6942719306589765,0.001588405804572633,123.99019982273933,fast
234,84,2,0.398099,0.480897,0.0322861,0.0506437,1.0,0.03333333333333333,-0.0016120000000000023,0.0019620000000000193,-0.04836000000000007,0.05886000000000058,0.07617866630494442,0.8557947650329633,0.002539288876831481,129.4068876533596,fast
235,84,2,0.396012,0.483922,0.0315532,0.0496055,1.0,0.03333333333333333,-0.0020870000000000055,0.003025,-0.06261000000000017,0.09075,0.11025232242451866,1.022209683587227,0.0036750774141506223,124.60246752283183,fast
236,84,2,0.393771,0.486849,0.0314986,0.0494329,1.0,0.03333333333333333,-0.002240999999999993,0.0029269999999999574,-0.06722999999999979,0.08780999999999872,0.11059145084498959,0.010173852614127898,0.003686381694832986,127.43876439846917,fast
237,84,2,0.391517,0.489674,0.0317465,0.049532,1.0,0.03333333333333333,-0.0022539999999999782,0.002825000000000022,-0.06761999999999935,0.08475000000000066,0.1084206018245611,-0.06512547061285442,0.0036140200608187033,128.58553002832366,fast
238,84,2,0.390281,0.491577,0.0326077,0.0508756,1.0,0.03333333333333333,-0.0012360000000000149,0.001902999999999988,-0.037080000000000446,0.05708999999999964,0.06807491828860313,-1.2103705060787393,0.0022691639429534374,123.00375560327649,fast
239,84,2,0.389188,0.493354,0.0341187,0.0535184,1.0,0.03333333333333333,-0.0010930000000000106,0.0017770000000000286,-0.03279000000000032,0.05331000000000086,0.06258706096311052,-0.16463571976477812,0.0020862353654370175,121.59490779028602,fast
240,84,2,0.387608,0.4951,0.0356318,0.056508,1.0,0.03333333333333333,-0.0015799999999999703,0.0017459999999999698,-0.04739999999999911,0.052379999999999094,0.07064293595257647,0.24167624968397833,0.0023547645317525488,132.1427498990442,fast
241,84,2,0.385649,0.496822,0.0361191,0.0578087,1.0,0.03333333333333333,-0.0019589999999999885,0.0017220000000000013,-0.058769999999999656,0.05166000000000004,0.078247482387614,0.22813639305112612,0.002608249412920467,138.68388555718207,fast
242,84,2,0.383642,0.499908,0.0350431,0.0563854,1.0,0.03333333333333333,-0.0020070000000000365,0.003086000000000033,-0.060210000000001096,0.092580000000001,0.11043686205248823,0.9656813899462269,0.0036812287350829415,123.03822233051659,fast
243,84,2,0.381691,0.502725,0.0354294,0.0572605,1.0,0.03333333333333333,-0.0019509999999999805,0.0028169999999999584,-0.058529999999999416,0.08450999999999875,0.10279932392773661,-0.22912614374254875,0.0034266441309245537,124.70572861038926,fast
244,84,2,0.380071,0.504804,0.0358465,0.0581256,1.0,0.03333333333333333,-0.0016200000000000103,0.002079000000000053,-0.04860000000000031,0.06237000000000159,0.07906944352909175,-0.7118964119593458,0.0026356481176363915,127.92646232503807,fast
245,84,2,0.37844,0.506274,0.0356626,0.0579778,1.0,0.03333333333333333,-0.0016309999999999936,0.0014699999999999713,-0.04892999999999981,0.04409999999999914,0.06587074388527812,-0.39596098931440865,0.002195691462842604,137.97205591423517,fast
246,84,2,0.376766,0.507279,0.0358237,0.0581662,1.0,0.03333333333333333,-0.0016740000000000088,0.0010050000000000336,-0.050220000000000264,0.03015000000000101,0.05857534378900466,-0.21886200288820387,0.001952511459633489,149.02114576616373,fast
247,84,2,0.374974,0.510319,0.0363332,0.0587764,1.0,0.03333333333333333,-0.0017920000000000158,0.0030399999999999316,-0.053760000000000474,0.09119999999999795,0.1058658471840644,1.4187151018517923,0.0035288615728021468,120.51823067887602,fast
248,84,2,0.372928,0.51352,0.0381851,0.0617588,1.0,0.03333333333333333,-0.0020459999999999923,0.0032010000000000094,-0.06137999999999977,0.09603000000000028,0.11397045801434698,0.2431383249084773,0.003799015267144899,122.58570735391424,fast
249,84,2,0.370556,0.515152,0.0402807,0.0652308,1.0,0.03333333333333333,-0.0023719999999999852,0.0016320000000000778,-0.07115999999999956,0.048960000000002335,0.08637608002219228,-0.8278313397646409,0.0028792026674064096,145.47097909551968,fast
250,84,2,0.368032,0.518808,0.0412754,0.0673097,1.0,0.03333333333333333,-0.0025239999999999707,0.0036559999999999926,-0.07571999999999912,0.10967999999999978,0.13327873348737906,1.4070796039556035,0.004442624449579302,124.62011212269795,fast
251,84,2,0.365958,0.521684,0.041492,0.0678198,1.0,0.03333333333333333,-0.0020740000000000203,0.0028759999999999897,-0.06222000000000061,0.08627999999999969,0.10637465299590887,-0.8071224147441058,0.0035458217665302956,125.79689894549392,fast
252,84,2,0.363624,0.523898,0.0420203,0.0686999,1.0,0.03333333333333333,-0.0023340000000000027,0.0022139999999999382,-0.07002000000000008,0.06641999999999815,0.09651122629000092,-0.29590280117723855,0.003217040876333364,136.51141131937953,fast
253,84,2,0.36065,0.528793,0.0434496,0.0709891,1.0,0.03333333333333333,-0.0029739999999999767,0.004894999999999983,-0.0892199999999993,0.14684999999999948,0.17182878367723994,2.2595267216171706,0.005727626122574665,121.28113865603223,fast
254,84,2,0.358393,0.532632,0.0437253,0.0711725,1.0,0.03333333333333333,-0.002257000000000009,0.003839000000000037,-0.06771000000000027,0.1151700000000011,0.13359930014786864,-1.1468845058811392,0.004453310004928954,120.4518460665588,fast
255,84,2,0.355764,0.536757,0.0443042,0.072296,1.0,0.03333333333333333,-0.0026289999999999925,0.004125000000000045,-0.07886999999999977,0.12375000000000136,0.1467465140982923,0.39441641851271025,0.004891550469943077,122.51072024560705,fast
256,84,2,0.353182,0.539432,0.0451914,0.0740707,1.0,0.03333333333333333,-0.0025820000000000287,0.002674999999999983,-0.07746000000000086,0.08024999999999949,0.11153525944740547,-1.0563376395266053,0.003717841981580182,133.9865033806833,fast
257,84,2,0.352194,0.541752,0.049188,0.0806087,1.0,0.03333333333333333,-0.0009879999999999889,0.0023199999999999887,-0.029639999999999667,0.06959999999999966,0.07564846065849545,-1.0766039636673006,0.0025216153552831814,113.06731526436698,fast
258,84,2,0.348365,0.547015,0.0484957,0.0795893,1.0,0.03333333333333333,-0.003829000000000027,0.005263000000000018,-0.1148700000000008,0.15789000000000053,0.19525462606555666,3.588184962211836,0.006508487535518554,126.0370817915931,fast
259,84,2,0.344824,0.549356,0.0472863,0.0778783,1.0,0.03333333333333333,-0.003540999999999961,0.0023409999999999265,-0.10622999999999883,0.0702299999999978,0.12734624376085635,-2.0372514691410095,0.004244874792028544,146.53080370866337,fast
260,84,2,0.34198,0.55357,0.0486083,0.0803637,1.0,0.03333333333333333,-0.002844000000000013,0.004214000000000051,-0.0853200000000004,0.12642000000000153,0.15251727377579385,0.7551309004481253,0.005083909125859795,124.01514647469924,fast
261,84,2,0.338039,0.559857,0.048846,0.0806311,1.0,0.03333333333333333,-0.003941000000000028,0.0062870000000000426,-0.11823000000000083,0.18861000000000128,0.2226029312475482,2.1025697241526307,0.007420097708251607,122.08150361150189,fast
262,84,2,0.334718,0.564369,0.0503415,0.0832839,1.0,0.03333333333333333,-0.003320999999999963,0.0045119999999999605,-0.09962999999999889,0.13535999999999881,0.1680728011904349,-1.635903901713399,0.005602426706347831,126.35445203798093,fast
263,84,2,0.332344,0.56617,0.0508866,0.0841012,1.0,0.03333333333333333,-0.0023740000000000427,0.0018009999999999415,-0.07122000000000128,0.054029999999998246,0.08939535390611747,-2.360323418529523,0.002979845130203916,142.81476531927711,fast
264,84,2,0.328461,0.570655,0.0546015,0.0905487,1.0,0.03333333333333333,-0.00388299999999997,0.004485000000000072,-0.1164899999999991,0.13455000000000217,0.17797084761274912,2.6572648111989494,0.005932361587091637,130.8851889126271,fast
265,84,2,0.325387,0.577083,0.0558383,0.0927369,1.0,0.03333333333333333,-0.003074000000000021,0.006427999999999989,-0.09222000000000063,0.19283999999999968,0.2137563893781891,1.0735662529631997,0.00712521297927297,115.55807274387172,fast
266,84,2,0.32167,0.579229,0.0556474,0.0922596,1.0,0.03333333333333333,-0.0037169999999999703,0.0021459999999999813,-0.11150999999999911,0.06437999999999944,0.12876049277631602,-2.5498768980561928,0.004292016425877201,150.00012659860653,fast
267,84,2,0.317525,0.585918,0.0553759,0.0912786,1.0,0.03333333333333333,-0.00414500000000001,0.006689000000000056,-0.1243500000000003,0.20067000000000168,0.23607492751243353,3.2194330420835255,0.007869164250414451,121.78542258279361,fast
268,84,2,0.312971,0.591451,0.0591472,0.0981642,1.0,0.03333333333333333,-0.0045540000000000025,0.005532999999999899,-0.13662000000000007,0.16598999999999697,0.21498303305144575,-0.6327568338296333,0.007166101101714858,129.45648556019256,fast
269,84,2,0.30913,0.59691,0.0643866,0.107629,1.0,0.03333333333333333,-0.0038409999999999833,0.005459000000000103,-0.1152299999999995,0.16377000000000308,0.2002462628864791,-0.44210310494899985,0.006674875429549303,125.13055311666801,fast
270,84,2,0.304862,0.602107,0.0653202,0.1095,1.0,0.03333333333333333,-0.004267999999999994,0.005196999999999896,-0.12803999999999982,0.15590999999999688,0.20174778734845888,0.045045733859393755,0.006724926244948629,129.39431223094334,fast
271,84,7,0.300971,0.609302,0.0688083,0.115801,1.0,0.03333333333333333,-0.0038910000000000333,0.0071950000000000625,-0.116730000000001,0.21585000000000187,0.24539175903033306,1.3093191504562252,0.008179725301011102,118.40417763836336,fast
272,84,7,0.296562,0.615101,0.0712409,0.12045,1.0,0.03333333333333333,-0.004408999999999996,0.005798999999999999,-0.1322699999999999,0.17396999999999996,0.21854270475126814,-0.8054716283719476,0.0072847568250422705,127.24585500169076,fast
273,84,7,0.291572,0.621789,0.071712,0.121319,1.0,0.03333333333333333,-0.0049899999999999944,0.006688000000000027,-0.14969999999999983,0.20064000000000082,0.25033277771798135,0.9537021890013964,0.008344425923932712,126.72707734174014,fast
274,84,7,0.286612,0.628935,0.0722739,0.122079,1.0,0.03333333333333333,-0.00496000000000002,0.007145999999999986,-0.1488000000000006,0.21437999999999957,0.26096019696497774,0.31882257740989184,0.008698673232165926,124.76430601840786,fast
275,84,7,0.280801,0.637194,0.0759232,0.128652,1.0,0.03333333333333333,-0.005810999999999955,0.008259000000000016,-0.17432999999999865,0.2477700000000005,0.30295366279350344,1.259803974855771,0.010098455426450114,125.13006861043357,fast
276,84,7,0.275065,0.645489,0.0802471,0.136672,1.0,0.03333333333333333,-0.005736000000000019,0.008294999999999941,-0.17208000000000057,0.24884999999999824,0.3025522250785793,-0.012043131447723732,0.010085074169285977,124.66389325540769,fast
277,84,7,0.268871,0.654536,0.0823103,0.140276,1.0,0.03333333333333333,-0.006193999999999977,0.009047000000000027,-0.18581999999999932,0.2714100000000008,0.3289262234909224,0.7912199523702917,0.010964207449697411,124.39736900265945,fast
278,84,2,0.262376,0.662428,0.0841431,0.143538,1.0,0.03333333333333333,-0.0064950000000000285,0.00789200000000001,-0.19485000000000086,0.2367600000000003,0.30662977692976995,-0.6688933968345728,0.010220992564325664,129.45387831459436,fast
279,84,7,0.255405,0.671683,0.087159,0.148942,1.0,0.03333333333333333,-0.006971000000000005,0.009255000000000013,-0.20913000000000015,0.2776500000000004,0.34759873331184665,1.2290686914623012,0.011586624443728221,126.98758856764516,fast
280,84,7,0.247309,0.683206,0.0908271,0.155423,1.0,0.03333333333333333,-0.008095999999999992,0.01152299999999995,-0.24287999999999976,0.3456899999999985,0.4224834558891021,2.246541677317663,0.01408278186297007,125.09167826418945,fast
281,84,7,0.239975,0.692476,0.0921462,0.15742,1.0,0.03333333333333333,-0.007334000000000007,0.00927,-0.22002000000000022,0.2781,0.35461022320288527,-2.0361969805865043,0.011820340773429508,128.34943328620545,fast
282,84,2,0.231725,0.702581,0.0965709,0.165126,1.0,0.03333333333333333,-0.008250000000000007,0.01010500000000003,-0.24750000000000022,0.3031500000000009,0.3913517247949735,1.1022450477626466,0.013045057493165783,129.22914595861215,fast
283,84,2,0.222778,0.715212,0.100193,0.171429,1.0,0.03333333333333333,-0.008946999999999983,0.012630999999999948,-0.2684099999999995,0.37892999999999843,0.4643617910638197,2.1903019880653862,0.01547872636879399,125.31133929720716,fast
284,84,2,0.21437,0.727094,0.103206,0.176413,1.0,0.03333333333333333,-0.008407999999999999,0.01188200000000006,-0.25223999999999996,0.3564600000000018,0.4366792291831628,-0.8304768564197063,0.014555974306105427,125.28417854483479,fast
285,84,7,0.204541,0.743268,0.108634,0.18572,1.0,0.03333333333333333,-0.009829000000000004,0.01617400000000002,-0.29487000000000013,0.48522000000000065,0.5677911282329099,3.933356971492412,0.018926370941096997,121.28720580530637,fast
286,84,7,0.193421,0.756227,0.112554,0.192111,1.0,0.03333333333333333,-0.011119999999999991,0.012958999999999943,-0.33359999999999973,0.3887699999999983,0.512280267919816,-1.665325809392818,0.017076008930660535,130.6325932707565,fast
288,84,7,0.17014,0.786696,0.1208,0.204977,2.0,0.06666666666666667,-0.023280999999999996,0.03046899999999997,-0.34921499999999994,0.4570349999999995,0.5751800652404424,0.9434969598093967,0.03834533768269616,127.38301436036807,fast
199,97,2,0.488341,0.397151,0.0289144,0.0371874,,,,,0.0,0.0,0.0,0.0,0.0,0.0,stationary
200,97,2,0.487522,0.397895,0.0288924,0.0373349,1.0,0.03333333333333333,-0.0008190000000000142,0.0007440000000000224,-0.024570000000000425,0.022320000000000673,0.03319438657363698,0.0,0.0011064795524545659,137.7472104201222,fast
203,97,2,0.485851,0.398655,0.0282454,0.0368554,3.0,0.1,-0.0016710000000000336,0.0007599999999999829,-0.016710000000000336,0.007599999999999829,0.018357126681482826,-0.1483725989215415,0.0018357126681482823,155.54312971114416,moving
205,101,2,0.222619,0.950903,0.105549,0.0974736,,,,,0.0,0.0,0.0,0.0,0.0,0.0,stationary
208,105,2,0.456066,0.418151,0.0222911,0.0232271,,,,,0.0,0.0,0.0,0.0,0.0,0.0,stationary
209,105,2,0.45684,0.418051,0.0236909,0.0246701,1.0,0.03333333333333333,0.0007739999999999969,-9.999999999998899e-05,0.023219999999999907,-0.0029999999999996696,0.023412996390893538,0.0,0.0007804332130297845,352.63822557919184,moving
210,105,2,0.456681,0.417618,0.0237375,0.0247288,1.0,0.03333333333333333,-0.00015900000000002024,-0.0004330000000000167,-0.004770000000000607,-0.012990000000000501,0.013838099580506668,-0.2872469043116061,0.0004612699860168889,249.83648506307009,moving
211,105,2,0.456571,0.418439,0.0234841,0.0244431,1.0,0.03333333333333333,-0.00010999999999999899,0.0008210000000000162,-0.0032999999999999696,0.024630000000000485,0.0248500885310299,0.330359668515697,0.0008283362843676633,97.63121027516252,moving
212,105,2,0.456675,0.418801,0.0251295,0.0262149,1.0,0.03333333333333333,0.00010399999999999299,0.00036199999999997345,0.0031199999999997896,0.010859999999999204,0.011299292013218411,-0.40652389553434465,0.0003766430671072804,73.97102169372317,moving
213,105,2,0.456495,0.418692,0.0267397,0.02804,1.0,0.03333333333333333,-0.00018000000000001348,-0.00010899999999997023,-0.0054000000000004045,-0.003269999999999107,0.00631291533287106,-0.14959130041042054,0.000210430511095702,211.19723437385497,slow
214,105,2,0.456535,0.418819,0.0272516,0.0287086,1.0,0.03333333333333333,4.0000000000040004e-05,0.00012699999999998823,0.0012000000000012,0.003809999999999647,0.003994508730745271,-0.06955219806377369,0.00013315029102484234,72.51762481786051,slow
215,105,2,0.456412,0.418472,0.027059,0.0286296,1.0,0.03333333333333333,-0.00012300000000003974,-0.0003469999999999862,-0.0036900000000011923,-0.010409999999999586,0.011044645761634919,0.21150411092668944,0.00036815485872116393,250.48227017414564,moving
216,105,2,0.456476,0.418163,0.0274889,0.0292414,1.0,0.03333333333333333,6.40000000000085e-05,-0.0003090000000000037,0.0019200000000002548,-0.009270000000000111,0.009466747065386454,-0.04733696088745394,0.0003155582355128818,281.70163151436793,slow
217,105,2,0.456024,0.418664,0.0270785,0.0288622,1.0,0.03333333333333333,-0.00045200000000000795,0.0005009999999999737,-0.013560000000000239,0.01502999999999921,0.020242887639859652,0.3232842172341959,0.0006747629213286552,132.0566389406506,moving
218,105,2,0.455683,0.419258,0.0267709,0.0285411,1.0,0.03333333333333333,-0.0003409999999999802,0.0005940000000000389,-0.010229999999999406,0.017820000000001168,0.020547634900397405,0.009142417816132564,0.0006849211633465802,119.85901616492004,moving
219,105,2,0.455448,0.420242,0.0282983,0.0303981,1.0,0.03333333333333333,-0.00023499999999998522,0.0009839999999999849,-0.007049999999999557,0.029519999999999547,0.030350171333947473,0.29407609300650206,0.0010116723777982492,103.43185104637143,fast
220,105,2,0.455214,0.420935,0.0296916,0.032189,1.0,0.03333333333333333,-0.00023400000000001198,0.0006929999999999992,-0.007020000000000359,0.020789999999999975,0.021943210795141263,-0.2522088161641863,0.0007314403598380422,108.65788847412045,moving
221,105,2,0.455477,0.420452,0.0288013,0.0313499,1.0,0.03333333333333333,0.0002630000000000132,-0.0004830000000000112,0.007890000000000397,-0.014490000000000336,0.01649885450569269,-0.1633306886834572,0.000549961816856423,298.56888676692495,moving
222,105,2,0.455149,0.42015,0.0284514,0.031013,1.0,0.03333333333333333,-0.00032799999999999496,-0.00030199999999996896,-0.009839999999999849,-0.009059999999999069,0.013375694374498101,-0.09369480393583764,0.0004458564791499367,222.63675335895874,moving
223,105,2,0.454494,0.421572,0.0292295,0.0321067,1.0,0.03333333333333333,-0.0006550000000000167,0.0014219999999999788,-0.0196500000000005,0.042659999999999365,0.046968054036759556,1.0077707898678436,0.0015656018012253185,114.73168821047341,fast
224,105,2,0.454766,0.421988,0.0290185,0.0321074,1.0,0.03333333333333333,0.00027199999999999447,0.00041599999999997195,0.008159999999999834,0.012479999999999158,0.01491093558432791,-0.9617135535729493,0.0004970311861442636,56.82148834060604,moving
225,105,2,0.454127,0.423417,0.0282778,0.0314412,1.0,0.03333333333333333,-0.0006390000000000007,0.0014290000000000136,-0.01917000000000002,0.04287000000000041,0.04696089649910909,0.9614988274434355,0.0015653632166369694,114.09256284354325,fast
226,105,2,0.455149,0.423839,0.0294579,0.0332416,1.0,0.03333333333333333,0.0010220000000000229,0.00042200000000003346,0.030660000000000687,0.012660000000001004,0.03317093908830541,-0.4136987223241104,0.0011056979696101802,22.436506324123116,fast
227,105,2,0.456217,0.423559,0.0293002,0.0339419,1.0,0.03333333333333333,0.0010679999999999579,-0.00028000000000000247,0.032039999999998736,-0.008400000000000074,0.033122825966392426,-0.0014433936573894635,0.0011040941988797474,345.3092637938787,fast
229,105,2,0.454197,0.423911,0.0289831,0.033781,2.0,0.06666666666666667,-0.0020199999999999663,0.00035199999999996345,-0.030299999999999494,0.005279999999999452,0.030756599291858706,-0.035493400118005794,0.0020504399527905806,170.11504179849612,fast
210,108,2,0.43055,0.443129,0.0369871,0.0492541,,,,,0.0,0.0,0.0,0.0,0.0,0.0,stationary
211,108,2,0.430166,0.44252,0.0385849,0.0514655,1.0,0.03333333333333333,-0.00038399999999999546,-0.0006089999999999707,-0.011519999999999864,-0.01826999999999912,0.021598687460120457,0.0,0.0007199562486706819,237.76685208372035,moving
212,108,2,0.430898,0.441879,0.0412615,0.055193,1.0,0.03333333333333333,0.0007320000000000104,-0.0006410000000000027,0.021960000000000313,-0.01923000000000008,0.029189630007932902,0.22772827643437335,0.0009729876669310966,318.791916552687,moving
210,109,2,0.483171,0.409758,0.0219774,0.0289501,,,,,0.0,0.0,0.0,0.0,0.0,0.0,stationary
211,109,2,0.48299,0.409657,0.0225977,0.0297721,1.0,0.03333333333333333,-0.00018100000000004224,-0.00010100000000001774,-0.005430000000001267,-0.0030300000000005323,0.006218183014355318,0.0,0.00020727276714517726,209.16199999862903,slow
212,109,2,0.482762,0.409923,0.0228534,0.0301322,1.0,0.03333333333333333,-0.00022799999999995046,0.00026599999999998847,-0.006839999999998514,0.007979999999999654,0.010510280681312661,0.1287629300087203,0.00035034268937708874,130.60129464499954,moving
213,109,2,0.482205,0.410585,0.0226159,0.0298688,1.0,0.03333333333333333,-0.0005570000000000297,0.0006619999999999959,-0.01671000000000089,0.019859999999999878,0.025954646982766397,0.4633309890436121,0.0008651548994255467,130.07691210715063,moving
214,109,2,0.481489,0.410191,0.0237398,0.0314648,1.0,0.03333333333333333,-0.0007159999999999944,-0.00039400000000000546,-0.021479999999999833,-0.011820000000000164,0.024517397904345328,-0.043117472352632094,0.0008172465968115109,208.82307974675507,moving
215,109,2,0.481214,0.410208,0.0248829,0.0331756,1.0,0.03333333333333333,-0.0002750000000000252,1.7000000000044757e-05,-0.008250000000000757,0.0005100000000013427,0.008265748604936752,-0.48754947898225726,0.0002755249534978917,176.46258057000352,slow
216,109,2,0.48102,0.411194,0.0244174,0.0327969,1.0,0.03333333333333333,-0.00019399999999997197,0.0009859999999999869,-0.005819999999999159,0.029579999999999607,0.030147119265362104,0.6564411198127605,0.0010049039755120701,101.13102351759238,fast
217,109,2,0.480786,0.412383,0.0234734,0.0317254,1.0,0.03333333333333333,-0.00023400000000001198,0.0011889999999999956,-0.007020000000000359,0.03566999999999987,0.036354219837592384,0.1862130171669084,0.0012118073279197461,101.1337524481707,fast
218,109,2,0.480564,0.413685,0.0221007,0.0299649,1.0,0.03333333333333333,-0.00022199999999999998,0.0013020000000000254,-0.006659999999999999,0.03906000000000076,0.03962372016860683,0.0980850099304334,0.0013207906722868942,99.67627109977207,fast
219,109,2,0.480525,0.415119,0.021307,0.0289949,1.0,0.03333333333333333,-3.900000000001125e-05,0.0014339999999999908,-0.0011700000000003374,0.043019999999999725,0.043035907100931164,0.10236560796973,0.0014345302366977053,91.55786939663892,fast
220,109,2,0.480338,0.415738,0.0214038,0.0292155,1.0,0.03333333333333333,-0.00018699999999999273,0.0006189999999999807,-0.005609999999999782,0.01856999999999942,0.019398891720919936,-0.7091104614003368,0.0006466297240306645,106.80957517948616,moving
221,109,2,0.479864,0.415818,0.022169,0.0303706,1.0,0.03333333333333333,-0.00047399999999997444,8.00000000000245e-05,-0.014219999999999233,0.002400000000000735,0.014421109527355435,-0.14933346580693505,0.0004807036509118479,170.42010795798456,moving
222,109,2,0.479443,0.416209,0.0231787,0.0319363,1.0,0.03333333333333333,-0.0004210000000000047,0.0003909999999999747,-0.012630000000000141,0.011729999999999241,0.017236873266343457,0.08447291216964067,0.0005745624422114486,137.11587677569662,moving
223,109,2,0.478543,0.41562,0.0249623,0.0347228,1.0,0.03333333333333333,-0.0009000000000000119,-0.0005890000000000062,-0.027000000000000357,-0.017670000000000186,0.03226807865367918,0.45093616162007166,0.001075602621789306,213.20251850900934,fast
224,109,2,0.477661,0.41591,0.0255919,0.0361742,1.0,0.03333333333333333,-0.0008819999999999939,0.00029000000000001247,-0.026459999999999817,0.008700000000000374,0.02785357427692175,-0.1324351313027229,0.0009284524758973916,161.79922880843174,moving
225,109,2,0.476638,0.416365,0.0264862,0.0381101,1.0,0.03333333333333333,-0.0010229999999999961,0.0004549999999999832,-0.030689999999999884,0.013649999999999496,0.03358866773184044,0.1720528036475607,0.0011196222577280147,156.02192316523406,fast
226,109,2,0.476137,0.417312,0.0262885,0.0384736,1.0,0.03333333333333333,-0.0005010000000000292,0.0009470000000000312,-0.015030000000000876,0.028410000000000935,0.03214076850357003,-0.04343697684811215,0.001071358950119001,117.88058941859549,fast
227,109,2,0.47572,0.419264,0.0254887,0.037922,1.0,0.03333333333333333,-0.0004170000000000007,0.0019520000000000093,-0.012510000000000021,0.05856000000000028,0.059881330145547314,0.8322168492593184,0.0019960443381849104,102.05867030368677,fast
228,109,2,0.475415,0.420465,0.02497,0.0378197,1.0,0.03333333333333333,-0.0003049999999999997,0.001200999999999952,-0.009149999999999991,0.03602999999999856,0.03717369231055608,-0.6812291350497369,0.001239123077018536,104.24932132897618,fast
229,109,2,0.474942,0.422348,0.0241832,0.0371131,1.0,0.03333333333333333,-0.0004730000000000012,0.0018830000000000235,-0.014190000000000036,0.056490000000000706,0.05824496716455492,0.6321382456199651,0.001941498905485164,104.1006609318045,fast
230,109,2,0.474498,0.423751,0.0234761,0.0364033,1.0,0.03333333333333333,-0.00044399999999999995,0.0014029999999999876,-0.013319999999999999,0.04208999999999963,0.0441473725152468,-0.42292783947924356,0.00147157908384156,107.56074193198089,fast
231,109,2,0.474426,0.424632,0.0235292,0.0370163,1.0,0.03333333333333333,-7.199999999996098e-05,0.0008810000000000207,-0.0021599999999988295,0.02643000000000062,0.026518116448949153,-0.5288776819889295,0.0008839372149649718,94.67213216202026,moving
232,109,2,0.474339,0.424943,0.0244542,0.0392433,1.0,0.03333333333333333,-8.700000000000374e-05,0.0003110000000000057,-0.0026100000000001122,0.009330000000000171,0.00968818868519827,-0.5048978329125265,0.00032293962283994233,105.62857857113414,slow
233,109,2,0.47401,0.425635,0.0246637,0.0402303,1.0,0.03333333333333333,-0.0003290000000000237,0.0006919999999999704,-0.009870000000000712,0.020759999999999112,0.022986833187718075,0.39895933507559417,0.0007662277729239359,115.427981270234,moving
234,109,2,0.472969,0.426673,0.0243605,0.0399236,1.0,0.03333333333333333,-0.0010410000000000141,0.0010380000000000389,-0.031230000000000424,0.031140000000001167,0.04410229585860695,0.6334638801266662,0.0014700765286202314,135.08267783512923,fast
235,109,2,0.472138,0.429422,0.0232729,0.0381633,1.0,0.03333333333333333,-0.0008309999999999707,0.0027490000000000014,-0.02492999999999912,0.08247000000000004,0.08615570671754694,1.2616023257681996,0.0028718568905848983,106.8196334144339,fast
236,109,2,0.471234,0.430657,0.0237945,0.0392682,1.0,0.03333333333333333,-0.0009040000000000159,0.0012349999999999861,-0.027120000000000477,0.03704999999999958,0.045915105357605304,-1.207218040798249,0.0015305035119201767,126.20352356695724,fast
237,109,2,0.470676,0.431427,0.0248577,0.0415555,1.0,0.03333333333333333,-0.0005580000000000029,0.0007699999999999929,-0.016740000000000088,0.023099999999999787,0.028527839034879474,-0.521617989681775,0.0009509279678293159,125.92991660965532,moving
238,109,2,0.470203,0.432581,0.025082,0.042479,1.0,0.03333333333333333,-0.0004730000000000012,0.0011539999999999884,-0.014190000000000036,0.03461999999999965,0.03741524421943517,0.26662215553667096,0.0012471748073145056,112.2876782504461,fast
239,109,2,0.469703,0.433941,0.0241721,0.0412635,1.0,0.03333333333333333,-0.0005000000000000004,0.0013600000000000279,-0.015000000000000013,0.040800000000000836,0.043469989648032684,0.18164236285792537,0.0014489996549344227,110.18580300946451,fast
242,109,2,0.467911,0.435776,0.0247838,0.0429894,3.0,0.1,-0.0017919999999999603,0.0018349999999999755,-0.017919999999999603,0.018349999999999755,0.025648565262017618,-0.17821424386015064,0.0025648565262017618,134.320760104584,moving
245,109,2,0.465905,0.441043,0.0232635,0.0402597,3.0,0.1,-0.0020060000000000078,0.005267000000000022,-0.020060000000000078,0.05267000000000022,0.056360735445876026,0.30712170183858406,0.005636073544587603,110.84993427191074,fast
246,109,2,0.465109,0.440541,0.0247941,0.0435188,1.0,0.03333333333333333,-0.0007960000000000189,-0.0005020000000000024,-0.023880000000000567,-0.015060000000000073,0.028232215641001847,-0.8438555941462254,0.0009410738547000615,212.2377144490577,moving
247,109,2,0.464445,0.442279,0.0241319,0.0424609,1.0,0.03333333333333333,-0.0006639999999999979,0.0017379999999999618,-0.019919999999999938,0.052139999999998854,0.05581564296861479,0.8275028198283884,0.0018605214322871598,110.90927340626831,fast
248,109,2,0.46382,0.444445,0.0246586,0.0435182,1.0,0.03333333333333333,-0.0006249999999999867,0.0021660000000000013,-0.0187499999999996,0.06498000000000004,0.06763107939401818,0.35446309276210153,0.0022543693131339393,106.09551245476257,fast
249,109,2,0.463838,0.446533,0.0269714,0.0477161,1.0,0.03333333333333333,1.799999999996249e-05,0.0020880000000000343,0.0005399999999988747,0.06264000000000103,0.06264232754296513,-0.1496625555315914,0.0020880775847655045,89.50608310138227,fast
250,109,2,0.463323,0.447624,0.0286197,0.0508528,1.0,0.03333333333333333,-0.0005149999999999877,0.0010910000000000086,-0.01544999999999963,0.03273000000000026,0.036193306010918726,-0.793470645961392,0.0012064435336972908,115.26937199396343,fast
251,109,2,0.462093,0.451348,0.0273591,0.0485388,1.0,0.03333333333333333,-0.0012300000000000089,0.003724000000000005,-0.036900000000000266,0.11172000000000015,0.11765614476090934,2.4438851624997184,0.003921871492030311,108.27787322035192,fast
252,109,2,0.460824,0.454006,0.0260829,0.0460708,1.0,0.03333333333333333,-0.0012689999999999646,0.0026579999999999937,-0.03806999999999894,0.07973999999999981,0.08836171399424012,-0.8788329230000768,0.0029453904664746705,115.52105229970613,fast
253,109,2,0.459843,0.455577,0.0253893,0.0444027,1.0,0.03333333333333333,-0.0009810000000000096,0.001570999999999989,-0.02943000000000029,0.04712999999999967,0.05556403333092358,-0.9839304198994961,0.0018521344443641191,121.98242948318637,fast
254,109,2,0.458926,0.457772,0.024729,0.0427884,1.0,0.03333333333333333,-0.0009170000000000011,0.0021950000000000025,-0.027510000000000034,0.06585000000000008,0.0713654159940234,0.47404147989299483,0.0023788471998007804,112.67359420006392,fast
255,109,2,0.457913,0.459046,0.0245059,0.0422075,1.0,0.03333333333333333,-0.0010129999999999861,0.0012739999999999974,-0.030389999999999584,0.03821999999999992,0.04882950440051556,-0.6760773478052354,0.001627650146683852,128.48938377445955,fast
256,109,2,0.457134,0.461043,0.0251968,0.0433128,1.0,0.03333333333333333,-0.0007790000000000297,0.001996999999999971,-0.02337000000000089,0.05990999999999913,0.0643068036835912,0.464318978492269,0.0021435601227863727,111.3100170323662,fast
257,109,2,0.456357,0.463301,0.0263393,0.0451767,1.0,0.03333333333333333,-0.0007769999999999722,0.0022580000000000378,-0.023309999999999165,0.06774000000000113,0.07163842334948553,0.21994858997683012,0.0023879474449828514,108.988843884076,fast
258,109,2,0.455241,0.463752,0.0263357,0.044782,1.0,0.03333333333333333,-0.0011160000000000059,0.0004509999999999792,-0.033480000000000176,0.013529999999999376,0.03611054278185243,-1.065836417028993,0.0012036847593950811,157.99528946485077,fast
259,109,2,0.454302,0.464338,0.0262386,0.0443676,1.0,0.03333333333333333,-0.0009390000000000231,0.0005859999999999754,-0.028170000000000694,0.017579999999999263,0.033205501050278,-0.0871512519472329,0.0011068500350092667,148.03302613845256,fast
260,109,2,0.45348,0.467107,0.0256649,0.0431188,1.0,0.03333333333333333,-0.0008219999999999894,0.0027690000000000214,-0.024659999999999682,0.08307000000000064,0.08665298898480128,1.6034246380356985,0.0028884329661600424,106.53394648269864,fast
261,109,2,0.452362,0.469046,0.0262857,0.0442096,1.0,0.03333333333333333,-0.0011180000000000079,0.001939000000000024,-0.033540000000000236,0.05817000000000072,0.06714670878010404,-0.5851884061409174,0.002238223626003468,119.96714144924135,fast
262,109,2,0.451592,0.47015,0.0270692,0.0455828,1.0,0.03333333333333333,-0.0007699999999999929,0.0011039999999999939,-0.023099999999999787,0.033119999999999816,0.04037999999999973,-0.8030012634031293,0.0013459999999999909,124.89437684656434,fast
263,109,2,0.450161,0.473091,0.0275219,0.0461734,1.0,0.03333333333333333,-0.0014310000000000156,0.0029409999999999714,-0.04293000000000047,0.08822999999999914,0.09811991540966537,1.7321974622899694,0.003270663846988846,115.94612727151696,fast
264,109,2,0.449142,0.475879,0.0281715,0.0471453,1.0,0.03333333333333333,-0.0010189999999999921,0.0027880000000000127,-0.030569999999999764,0.08364000000000038,0.08905152721879647,-0.27205164572606705,0.002968384240626549,110.0771042337999,fast
265,109,2,0.448299,0.478603,0.0286889,0.0479396,1.0,0.03333333333333333,-0.0008429999999999827,0.002724000000000004,-0.02528999999999948,0.08172000000000013,0.08554380456818597,-0.10523167951831502,0.0028514601522728654,107.19579907359304,fast
266,109,2,0.447275,0.480687,0.0293998,0.0489665,1.0,0.03333333333333333,-0.0010240000000000249,0.0020839999999999748,-0.030720000000000747,0.06251999999999924,0.06965966408187704,-0.47652421458926786,0.002321988802729235,116.16778326331814,fast
267,109,2,0.445932,0.481613,0.0303586,0.0508807,1.0,0.03333333333333333,-0.001342999999999983,0.0009260000000000379,-0.04028999999999949,0.027780000000001137,0.048938864923494314,-0.6216239747514819,0.0016312954974498106,145.4136934357216,fast
268,109,2,0.444822,0.482852,0.0309743,0.0521335,1.0,0.03333333333333333,-0.0011099999999999999,0.0012389999999999901,-0.033299999999999996,0.0371699999999997,0.049904898557155464,0.028981009009834482,0.001663496618571849,131.8566459320532,fast
269,109,2,0.443634,0.485118,0.0304423,0.0513184,1.0,0.03333333333333333,-0.0011880000000000224,0.0022659999999999902,-0.03564000000000067,0.06797999999999971,0.0767560421074459,0.8055343065087129,0.0025585347369148632,117.6667572922849,fast
270,109,2,0.442679,0.488247,0.0309516,0.0524428,1.0,0.03333333333333333,-0.0009549999999999836,0.003128999999999993,-0.02864999999999951,0.09386999999999979,0.09814478794108189,0.6416623750090799,0.003271492931369396,106.97267831860972,fast
271,109,2,0.441831,0.49085,0.0311379,0.0529284,1.0,0.03333333333333333,-0.0008480000000000154,0.002603000000000022,-0.025440000000000462,0.07809000000000066,0.0821294204289798,-0.48046102536306257,0.0027376473476326602,108.04446728727783,fast
273,109,2,0.439105,0.496795,0.0333446,0.056818,2.0,0.06666666666666667,-0.0027259999999999507,0.005944999999999978,-0.04088999999999926,0.08917499999999967,0.09810286807733952,0.23960171472539574,0.006540191205155968,114.63318785955505,fast
274,109,2,0.437057,0.498454,0.0317412,0.0535501,1.0,0.03333333333333333,-0.0020480000000000498,0.0016590000000000216,-0.06144000000000149,0.04977000000000065,0.0790691248212616,-0.5710122976823374,0.0026356374940420535,140.99050034904985,fast
275,109,2,0.435433,0.500777,0.0319321,0.0534869,1.0,0.03333333333333333,-0.0016239999999999588,0.0023230000000000195,-0.048719999999998764,0.06969000000000058,0.08503137362174013,0.1788674640143556,0.0028343791207246704,124.95724329752261,fast
276,109,2,0.434247,0.503286,0.0341141,0.0573197,1.0,0.03333333333333333,-0.0011860000000000204,0.0025089999999999835,-0.03558000000000061,0.0752699999999995,0.08325568629228858,-0.05327061988354642,0.0027751895430762857,115.30002115482534,fast
277,109,2,0.432909,0.505896,0.0363846,0.0616978,1.0,0.03333333333333333,-0.0013380000000000059,0.002610000000000001,-0.040140000000000176,0.07830000000000004,0.08798925843533414,0.142007164291367,0.0029329752811778046,117.14165895157947,fast
278,109,2,0.431391,0.509628,0.0370655,0.0636475,1.0,0.03333333333333333,-0.0015179999999999638,0.0037319999999999576,-0.045539999999998915,0.11195999999999873,0.12086741992778541,0.9863448447735379,0.004028913997592847,112.13415225267335,fast
279,109,2,0.430412,0.51412,0.0365414,0.0633512,1.0,0.03333333333333333,-0.0009790000000000076,0.0044920000000000515,-0.02937000000000023,0.13476000000000155,0.1379233645906321,0.5116783398854006,0.004597445486354403,102.29495420058174,fast
280,109,2,0.428567,0.517795,0.0365066,0.0635629,1.0,0.03333333333333333,-0.001845000000000041,0.003674999999999984,-0.05535000000000123,0.11024999999999952,0.12336403446710079,-0.43677990370593917,0.004112134482236692,116.6585189237145,fast
281,109,2,0.427167,0.519987,0.0373919,0.0651821,1.0,0.03333333333333333,-0.0013999999999999568,0.0021919999999999717,-0.041999999999998705,0.06575999999999915,0.07802805649251927,-1.3600793392374453,0.0026009352164173094,122.56580660838341,fast
282,109,2,0.425329,0.520151,0.0368184,0.0641004,1.0,0.03333333333333333,-0.0018380000000000063,0.000164000000000053,-0.05514000000000019,0.00492000000000159,0.05535906429845104,-0.680069765822047,0.0018453021432817014,174.90114830237565,fast
283,109,2,0.423385,0.527032,0.0418611,0.0739069,1.0,0.03333333333333333,-0.0019440000000000013,0.006880999999999915,-0.05832000000000004,0.20642999999999745,0.21451006340029588,4.774529973055345,0.007150335446676529,105.77589202418949,fast
284,109,2,0.421532,0.532914,0.0418896,0.0742104,1.0,0.03333333333333333,-0.0018529999999999935,0.005882000000000054,-0.055589999999999806,0.17646000000000162,0.18500913409883454,-0.8850278790438402,0.006166971136627819,107.48593377883196,fast
285,109,2,0.419,0.536898,0.0411872,0.0730111,1.0,0.03333333333333333,-0.0025320000000000342,0.0039839999999999876,-0.07596000000000103,0.11951999999999963,0.1416155076254012,-1.301808794203,0.004720516920846707,122.43767945814523,fast
286,109,2,0.416695,0.541686,0.0404961,0.0713747,1.0,0.03333333333333333,-0.0023050000000000015,0.0047880000000000145,-0.06915000000000004,0.14364000000000043,0.15941823013695808,0.5340816753467063,0.005313941004565269,115.70671553177317,fast
287,109,2,0.415035,0.546337,0.0422692,0.0747337,1.0,0.03333333333333333,-0.0016599999999999948,0.004650999999999961,-0.049799999999999844,0.13952999999999882,0.14815080458775665,-0.33802276647604296,0.004938360152925222,109.64211734433752,fast
288,109,2,0.413527,0.553106,0.0451438,0.0804368,1.0,0.03333333333333333,-0.0015080000000000093,0.006769000000000025,-0.04524000000000028,0.20307000000000075,0.20804826963952458,1.796923951553038,0.006934942321317486,102.55927608145271,fast
289,109,2,0.411796,0.556549,0.0452441,0.0808451,1.0,0.03333333333333333,-0.0017309999999999826,0.003442999999999974,-0.05192999999999948,0.10328999999999922,0.11560946760538163,-2.7731640610242887,0.0038536489201793874,116.69138494132824,fast
290,109,2,0.409409,0.559652,0.044257,0.0786926,1.0,0.03333333333333333,-0.0023869999999999725,0.003103000000000078,-0.07160999999999917,0.09309000000000234,0.11744675474443862,0.05511861417170985,0.0039148918248146205,127.56948436135787,fast
291,109,2,0.407054,0.566485,0.0488076,0.0875991,1.0,0.03333333333333333,-0.002354999999999996,0.006832999999999978,-0.07064999999999988,0.20498999999999934,0.21682325198188435,2.9812949171233716,0.007227441732729478,109.01656098140768,fast
292,109,2,0.404914,0.573398,0.0502337,0.0907024,1.0,0.03333333333333333,-0.0021400000000000308,0.006912999999999947,-0.06420000000000092,0.2073899999999984,0.2170996363423934,0.00829153081527173,0.007236654544746446,107.20052211549313,fast
293,109,2,0.402426,0.576332,0.0491497,0.0887597,1.0,0.03333333333333333,-0.0024879999999999902,0.002933999999999992,-0.0746399999999997,0.08801999999999977,0.11540645562532416,-3.0507954215120776,0.003846881854177472,130.29758106976033,fast
294,109,2,0.399538,0.58612,0.0524862,0.0957597,1.0,0.03333333333333333,-0.0028880000000000017,0.009788000000000019,-0.08664000000000005,0.29364000000000057,0.3061550901095723,5.7224590345274455,0.010205169670319076,106.4389671040741,fast
295,109,2,0.396104,0.593082,0.0537243,0.0981655,1.0,0.03333333333333333,-0.0034339999999999926,0.006962000000000024,-0.10301999999999978,0.2088600000000007,0.23288542247208227,-2.1980900291247014,0.0077628474157360764,116.25477633972861,fast
296,109,2,0.393418,0.595598,0.0514044,0.0930232,1.0,0.03333333333333333,-0.0026860000000000217,0.0025159999999999627,-0.08058000000000065,0.07547999999999888,0.11040999411285164,-3.674262850776919,0.003680333137095055,136.8717449652894,fast
297,109,2,0.390247,0.606927,0.0570195,0.103319,1.0,0.03333333333333333,-0.0031709999999999794,0.011329000000000033,-0.09512999999999938,0.339870000000001,0.35293247767809716,7.275674506957366,0.01176441592260324,105.63699378444153,fast
298,109,2,0.386537,0.618227,0.0616292,0.112808,1.0,0.03333333333333333,-0.003709999999999991,0.011299999999999977,-0.11129999999999973,0.3389999999999993,0.35680343327944514,0.11612866804043942,0.011893447775981506,108.17596939768328,fast
299,109,2,0.383361,0.625789,0.0637346,0.117986,1.0,0.03333333333333333,-0.003176000000000012,0.007562000000000069,-0.09528000000000036,0.22686000000000206,0.24605637158992857,-3.322411850685497,0.008201879052997619,112.78214810325693,fast
300,109,2,0.380038,0.629394,0.062559,0.115531,1.0,0.03333333333333333,-0.0033230000000000204,0.0036049999999999693,-0.09969000000000061,0.10814999999999908,0.1470867723488415,-2.9690879772326126,0.00490289241162805,132.6690971088342,fast
301,109,2,0.37632,0.638706,0.0645953,0.119332,1.0,0.03333333333333333,-0.003717999999999999,0.009311999999999987,-0.11153999999999997,0.2793599999999996,0.30080422403949014,4.611523550719459,0.010026807467983005,111.76533169825677,fast
302,109,2,0.372164,0.644289,0.0631063,0.11569,1.0,0.03333333333333333,-0.004155999999999993,0.005583000000000005,-0.12467999999999979,0.16749000000000014,0.2088013469784139,-2.7600863118322874,0.006960044899280463,126.66409472521758,fast
303,109,2,0.367182,0.661803,0.0711502,0.131615,1.0,0.03333333333333333,-0.0049819999999999864,0.01751400000000003,-0.1494599999999996,0.5254200000000009,0.5462641009621636,10.123882619512491,0.01820880336540545,105.87883424618303,fast
304,109,2,0.362806,0.673953,0.0745695,0.13853,1.0,0.03333333333333333,-0.004375999999999991,0.012149999999999994,-0.13127999999999973,0.3644999999999998,0.3874205575340573,-4.7653063028431895,0.012914018584468577,109.80722524724723,fast
305,109,2,0.357494,0.6866,0.0787792,0.147171,1.0,0.03333333333333333,-0.005312000000000039,0.012646999999999964,-0.15936000000000117,0.3794099999999989,0.4115185994581527,0.7229412577228628,0.013717286648605092,112.78340699830159,fast
306,109,2,0.352394,0.698585,0.0828132,0.155918,1.0,0.03333333333333333,-0.005099999999999993,0.011985000000000023,-0.1529999999999998,0.3595500000000007,0.39074953934713785,-0.6230718033304461,0.013024984644904595,113.05130091647294,fast
307,109,2,0.346649,0.711996,0.0851228,0.161105,1.0,0.03333333333333333,-0.005745,0.01341099999999995,-0.17235,0.4023299999999985,0.43769161678058083,1.4082623230032894,0.014589720559352693,113.18930867170309,fast
308,109,2,0.338777,0.722498,0.0872773,0.164297,1.0,0.03333333333333333,-0.00787199999999999,0.010502000000000011,-0.2361599999999997,0.31506000000000034,0.3937440148116541,-1.3184280590678017,0.013124800493721804,126.85418199295214,fast
309,109,2,0.33239,0.743466,0.0946747,0.179458,1.0,0.03333333333333333,-0.006386999999999976,0.020967999999999987,-0.19160999999999928,0.6290399999999996,0.6575756334445485,7.914948558986832,0.02191918778148495,106.94110384072343,fast
310,109,2,0.325813,0.762746,0.0999155,0.190322,1.0,0.03333333333333333,-0.0065769999999999995,0.019280000000000075,-0.19730999999999999,0.5784000000000022,0.6111282975775238,-1.3934200760107396,0.02037094325258413,108.83608477090712,fast
311,109,2,0.317654,0.785524,0.108709,0.209109,1.0,0.03333333333333333,-0.008159000000000027,0.022777999999999965,-0.24477000000000082,0.683339999999999,0.725855294463021,3.4418099065649144,0.024195176482100702,109.70734663828739,fast
312,109,2,0.309086,0.808631,0.115445,0.223724,1.0,0.03333333333333333,-0.008567999999999965,0.02310699999999999,-0.25703999999999894,0.6932099999999997,0.7393305523918235,0.4042577378640766,0.024644351746394122,110.34461560993168,fast
313,109,2,0.299288,0.831312,0.122426,0.23888,1.0,0.03333333333333333,-0.009798000000000029,0.022681000000000062,-0.29394000000000087,0.6804300000000019,0.7412055777582918,0.05625076099404658,0.02470685259194306,113.36393573348795,fast
314,109,2,0.289135,0.857825,0.129641,0.254467,1.0,0.03333333333333333,-0.010153000000000023,0.026512999999999898,-0.3045900000000007,0.7953899999999969,0.8517161030531215,3.3153157588448923,0.028390536768437384,110.95405248200257,fast
315,109,2,0.277011,0.87461,0.126761,0.2464,1.0,0.03333333333333333,-0.012123999999999968,0.01678500000000005,-0.36371999999999904,0.5035500000000015,0.6211721507762569,-6.91631856830594,0.020705738359208564,125.84101785468982,fast
316,109,2,0.263544,0.887232,0.121552,0.225537,1.0,0.03333333333333333,-0.013467000000000007,0.012622000000000022,-0.4040100000000002,0.37866000000000066,0.5537214784528416,-2.0235201697024587,0.01845738261509472,136.85511189962494,fast
317,109,2,0.251124,0.900566,0.112584,0.198868,1.0,0.03333333333333333,-0.012419999999999987,0.013333999999999957,-0.3725999999999996,0.4000199999999987,0.546668784914594,-0.2115808061474267,0.01822229283048647,132.9674468876857,fast
318,109,7,0.237823,0.915261,0.103589,0.169479,1.0,0.03333333333333333,-0.013301000000000007,0.014695000000000014,-0.3990300000000002,0.4408500000000004,0.594620604587497,1.4385545901870889,0.019820686819583235,132.14943540200176,fast
225,120,2,0.448362,0.42834,0.0294248,0.0330798,,,,,0.0,0.0,0.0,0.0,0.0,0.0,stationary
226,120,2,0.447631,0.427364,0.0309733,0.0348953,1.0,0.03333333333333333,-0.0007309999999999817,-0.0009759999999999769,-0.02192999999999945,-0.029279999999999307,0.03658200787272256,0.0,0.0012194002624240853,233.16769183835663,fast
227,120,2,0.447895,0.427441,0.0321177,0.0362365,1.0,0.03333333333333333,0.00026399999999998647,7.699999999999374e-05,0.007919999999999594,0.002309999999999812,0.008249999999999558,-0.8499602361816901,0.00027499999999998527,16.260204708311505,slow
228,120,2,0.448124,0.427931,0.0320789,0.0362379,1.0,0.03333333333333333,0.00022900000000003473,0.0004899999999999904,0.006870000000001042,0.014699999999999713,0.016226117835144854,0.2392835350543589,0.0005408705945048284,64.95110843546911,moving
229,120,2,0.448233,0.428383,0.03162,0.035684,1.0,0.03333333333333333,0.00010899999999997023,0.00045200000000000795,0.003269999999999107,0.013560000000000239,0.013948709617738862,-0.06832224652217977,0.0004649569872579621,76.44195746372554,moving
230,120,2,0.448153,0.428722,0.0313959,0.035452,1.0,0.03333333333333333,-7.999999999996898e-05,0.0003389999999999782,-0.0023999999999990695,0.010169999999999346,0.01044934926203456,-0.10498081067112904,0.0003483116420678187,103.27819591140525,moving
231,120,2,0.448025,0.428555,0.0324055,0.0366012,1.0,0.03333333333333333,-0.000128000000000017,-0.00016699999999997273,-0.0038400000000005097,-0.005009999999999182,0.006312345047602809,-0.12411012643295255,0.0002104115015867603,232.53102383053528,slow
232,120,2,0.44753,0.429719,0.0325282,0.03659,1.0,0.03333333333333333,-0.0004950000000000232,0.0011639999999999984,-0.014850000000000696,0.03491999999999995,0.03794639508569974,0.949021501142908,0.0012648798361899912,113.03799859048877,fast
233,120,2,0.447133,0.430155,0.0330391,0.0370504,1.0,0.03333333333333333,-0.0003969999999999807,0.00043599999999999195,-0.011909999999999421,0.013079999999999758,0.017689954776651633,-0.6076932092714432,0.000589665159221721,132.31944195742096,moving
234,120,2,0.446781,0.430437,0.035274,0.0396064,1.0,0.03333333333333333,-0.00035200000000001896,0.00028200000000000447,-0.010560000000000569,0.008460000000000134,0.01353089797463621,-0.12477170406046267,0.0004510299324878737,141.3005132345857,moving
235,120,2,0.446207,0.431241,0.035682,0.039954,1.0,0.03333333333333333,-0.0005739999999999634,0.0008039999999999714,-0.017219999999998903,0.024119999999999142,0.029636173842112628,0.48315827602429257,0.0009878724614037543,125.52419325950592,moving
231,123,2,0.442041,0.431259,0.0202776,0.0317952,,,,,0.0,0.0,0.0,0.0,0.0,0.0,stationary
232,123,2,0.441017,0.433455,0.0185235,0.0289928,1.0,0.03333333333333333,-0.0010240000000000249,0.0021959999999999757,-0.030720000000000747,0.06587999999999927,0.07269039001133472,0.0,0.002423013000377824,114.99975102937134,fast
233,123,2,0.440037,0.434708,0.018218,0.0284401,1.0,0.03333333333333333,-0.0009799999999999809,0.0012530000000000041,-0.029399999999999427,0.03759000000000012,0.04772177804734412,-0.749058358919718,0.0015907259349114708,128.02977696672713,fast
234,123,2,0.439521,0.435757,0.0198144,0.0307602,1.0,0.03333333333333333,-0.0005160000000000164,0.0010490000000000221,-0.015480000000000493,0.031470000000000664,0.03507123180043805,-0.37951638740718213,0.0011690410600146016,116.19243659407505,fast
235,123,2,0.438384,0.436308,0.019963,0.0308383,1.0,0.03333333333333333,-0.0011369999999999991,0.0005509999999999682,-0.034109999999999974,0.016529999999999045,0.037904260974196115,0.08499087521274193,0.0012634753658065372,154.14477172111356,fast
236,123,2,0.437234,0.437517,0.0209203,0.0323828,1.0,0.03333333333333333,-0.0011499999999999844,0.0012090000000000156,-0.03449999999999953,0.03627000000000047,0.0500575958272069,0.36460004559032344,0.0016685865275735633,133.56729699115408,fast
237,123,2,0.436757,0.438333,0.0210916,0.0326696,1.0,0.03333333333333333,-0.0004770000000000052,0.0008159999999999834,-0.014310000000000156,0.024479999999999502,0.02835571370993825,-0.6510564635180593,0.0009451904569979417,120.3087979252964,moving
238,123,2,0.43652,0.438654,0.0215436,0.0333014,1.0,0.03333333333333333,-0.00023699999999998722,0.0003210000000000157,-0.007109999999999617,0.009630000000000472,0.01197033834108308,-0.49156126106565506,0.00039901127803610266,126.43911042883258,moving
239,123,2,0.43823,0.438613,0.0215632,0.0324975,1.0,0.03333333333333333,0.0017099999999999893,-4.100000000001325e-05,0.05129999999999968,-0.0012300000000003974,0.05131474349541239,1.1803321546298793,0.0017104914498470797,358.62650470079296,fast
240,123,2,0.440706,0.438881,0.0216527,0.031895,1.0,0.03333333333333333,0.0024759999999999782,0.000268000000000046,0.07427999999999935,0.00804000000000138,0.07471385413696663,0.7019733192466272,0.002490461804565554,6.177593304757465,fast
234,125,2,0.401942,0.481794,0.0372561,0.0598279,,,,,0.0,0.0,0.0,0.0,0.0,0.0,stationary
235,125,2,0.404361,0.482977,0.0380309,0.0607452,1.0,0.03333333333333333,0.0024190000000000045,0.0011829999999999896,0.07257000000000013,0.03548999999999969,0.08078332129839672,0.0,0.002692777376613224,26.06071670006054,fast
236,125,2,0.404903,0.485143,0.0390695,0.0616683,1.0,0.03333333333333333,0.0005419999999999869,0.0021660000000000013,0.016259999999999608,0.06498000000000004,0.06698349050325753,-0.4139949238541757,0.0022327830167752512,75.95130904595356,fast
237,125,2,0.404501,0.487512,0.0380144,0.0586601,1.0,0.03333333333333333,-0.00040200000000001346,0.00236900000000001,-0.012060000000000404,0.0710700000000003,0.0720859799128794,0.1530746822886564,0.00240286599709598,99.63088483877732,fast
238,125,2,0.404487,0.487889,0.0419677,0.063607,1.0,0.03333333333333333,-1.4000000000014001e-05,0.0003770000000000162,-0.00042000000000042004,0.011310000000000486,0.01131779572178308,-1.8230455257328897,0.00037725985739276926,92.12671748754246,moving
239,125,2,0.399781,0.488644,0.0435138,0.0655581,1.0,0.03333333333333333,-0.004705999999999988,0.0007550000000000057,-0.14117999999999964,0.02265000000000017,0.14298536603442993,3.950027109379406,0.00476617886781433,170.88550757755183,fast
246,125,2,0.390411,0.508529,0.0439562,0.0624229,7.0,0.23333333333333334,-0.00936999999999999,0.019884999999999986,-0.04015714285714281,0.0852214285714285,0.09420874699413037,-0.20904265302985525,0.021982040965297087,115.2302567374735,fast
247,125,2,0.389359,0.511258,0.047041,0.0635624,1.0,0.03333333333333333,-0.0010519999999999974,0.0027289999999999814,-0.03155999999999992,0.08186999999999944,0.08774240992815222,-0.19399011197934468,0.002924746997605074,111.08111189986164,fast
243,129,2,0.431575,0.443172,0.0212889,0.0288637,,,,,0.0,0.0,0.0,0.0,0.0,0.0,stationary
244,129,2,0.431,0.444779,0.0211442,0.0286773,1.0,0.03333333333333333,-0.0005749999999999922,0.0016069999999999696,-0.017249999999999766,0.04820999999999909,0.05120318935378834,0.0,0.0017067729784596114,109.68769615014241,fast
245,129,2,0.429987,0.446944,0.0211508,0.0287064,1.0,0.03333333333333333,-0.0010129999999999861,0.002165000000000028,-0.030389999999999584,0.06495000000000084,0.07170812087901958,0.6151479457569371,0.0023902706959673193,115.07481771607468,fast
246,129,2,0.430266,0.446758,0.0240848,0.0327334,1.0,0.03333333333333333,0.0002789999999999737,-0.00018600000000001948,0.008369999999999211,-0.0055800000000005845,0.010059488058544197,-1.8494589846142615,0.00033531626861813994,326.30993247401494,moving
247,129,2,0.430855,0.44856,0.0263774,0.0357335,1.0,0.03333333333333333,0.0005890000000000062,0.0018020000000000258,0.017670000000000186,0.054060000000000774,0.05687453296511621,1.4044513471971605,0.0018958177655038736,71.8995515106181,fast
248,129,2,0.43127,0.451288,0.0262099,0.0347732,1.0,0.03333333333333333,0.0004149999999999987,0.002728000000000008,0.012449999999999961,0.08184000000000025,0.08278156860074615,0.7772110690688981,0.0027593856200248713,81.35013572772846,fast
249,129,2,0.429323,0.451872,0.027865,0.0367024,1.0,0.03333333333333333,-0.0019469999999999765,0.0005839999999999734,-0.058409999999999296,0.017519999999999203,0.0609809683425894,-0.6540180077447025,0.0020326989447529797,163.30345559540422,fast
250,129,2,0.430559,0.449886,0.0327037,0.0427839,1.0,0.03333333333333333,0.0012360000000000149,-0.0019859999999999878,0.037080000000000446,-0.05957999999999963,0.07017622674381965,0.27585775203690766,0.002339207558127322,301.896337538606,fast
251,129,2,0.430594,0.452014,0.0321752,0.0412462,1.0,0.03333333333333333,3.4999999999951736e-05,0.0021280000000000188,0.001049999999998552,0.06384000000000056,0.0638486342845332,-0.18982777377859347,0.00212828780948444,89.05772016648433,fast
252,129,2,0.430936,0.451979,0.034779,0.0442074,1.0,0.03333333333333333,0.00034200000000000896,-3.500000000000725e-05,0.010260000000000269,-0.0010500000000002174,0.010313588124411696,-1.6060513848036453,0.00034378627081372323,354.15673959276415,moving
253,129,2,0.430015,0.453365,0.0330405,0.0409818,1.0,0.03333333333333333,-0.0009210000000000051,0.0013859999999999983,-0.027630000000000154,0.04157999999999995,0.04992307382363394,1.1882845709766674,0.001664102460787798,123.60412392116802,fast
254,129,2,0.428843,0.45362,0.0357434,0.0441903,1.0,0.03333333333333333,-0.0011720000000000064,0.0002550000000000052,-0.03516000000000019,0.007650000000000157,0.035982608299010455,-0.4182139657387045,0.0011994202766336818,167.72507860129986,fast
245,131,2,0.698251,0.965404,0.17914,0.0659913,,,,,0.0,0.0,0.0,0.0,0.0,0.0,stationary
246,131,2,0.69392,0.953904,0.244455,0.0910734,1.0,0.03333333333333333,-0.004330999999999974,-0.011500000000000066,-0.1299299999999992,-0.34500000000000197,0.368655401289607,0.0,0.012288513376320233,249.3631896841585,fast
247,131,2,0.686175,0.940007,0.314921,0.11965,1.0,0.03333333333333333,-0.007745000000000002,-0.013896999999999937,-0.23235000000000006,-0.4169099999999981,0.4772844755489104,3.258872227779102,0.015909482518297012,240.86844096915812,fast
248,136,2,0.426287,0.454895,0.0221862,0.0285422,,,,,0.0,0.0,0.0,0.0,0.0,0.0,stationary
249,136,2,0.425568,0.454655,0.0236448,0.0303889,1.0,0.03333333333333333,-0.0007190000000000252,-0.00024000000000001798,-0.021570000000000755,-0.007200000000000539,0.022739940633168775,0.0,0.0007579980211056259,198.45885194190018,moving
250,136,2,0.424866,0.45428,0.0248063,0.0319232,1.0,0.03333333333333333,-0.0007019999999999804,-0.0003749999999999587,-0.021059999999999413,-0.011249999999998761,0.023876475870612635,0.03409605712331582,0.0007958825290204211,208.1105994221453,moving
251,136,2,0.426882,0.454615,0.0252247,0.0320956,1.0,0.03333333333333333,0.0020159999999999623,0.0003349999999999742,0.06047999999999887,0.010049999999999226,0.06130932147724233,1.1229853681988908,0.002043644049241411,9.434667582461373,fast
252,136,2,0.427393,0.455219,0.0258062,0.0325031,1.0,0.03333333333333333,0.0005110000000000392,0.0006039999999999934,0.015330000000001176,0.018119999999999803,0.023734854117942857,-1.1272340207789842,0.0007911618039314286,49.767894327805834,moving
249,137,2,0.666729,0.904351,0.118628,0.168783,,,,,0.0,0.0,0.0,0.0,0.0,0.0,stationary
250,137,2,0.661,0.884282,0.11387,0.162378,1.0,0.03333333333333333,-0.005728999999999984,-0.020069000000000004,-0.17186999999999952,-0.6020700000000001,0.626121060019546,0.0,0.020870702000651536,254.06780232896568,fast
251,137,2,0.653238,0.847338,0.0946054,0.134713,1.0,0.03333333333333333,-0.007762000000000047,-0.03694399999999998,-0.2328600000000014,-1.1083199999999993,1.1325179919100619,15.191907956715475,0.0377505997303354,258.1346359768228,fast
252,137,2,0.644842,0.828811,0.0967877,0.138551,1.0,0.03333333333333333,-0.008395999999999959,-0.01852700000000007,-0.25187999999999877,-0.5558100000000021,0.6102198706204197,-15.668943638689264,0.02034066235401399,245.62108595007396,fast
253,137,2,0.638538,0.807784,0.0932732,0.134232,1.0,0.03333333333333333,-0.006303999999999976,-0.021027000000000018,-0.1891199999999993,-0.6308100000000005,0.6585496416368324,1.4498931304923801,0.02195165472122775,253.31100581590118,fast
254,137,2,0.633417,0.789881,0.0902714,0.130895,1.0,0.03333333333333333,-0.005121000000000042,-0.01790299999999989,-0.15363000000000127,-0.5370899999999967,0.5586303294666312,-2.997579365106037,0.01862101098222104,254.03727542614692,fast
255,137,2,0.627674,0.773415,0.0869229,0.126957,1.0,0.03333333333333333,-0.005743000000000054,-0.01646600000000009,-0.1722900000000016,-0.49398000000000275,0.5231635351398292,-1.06400382980406,0.01743878450466097,250.77228554078607,fast
256,137,2,0.622841,0.759021,0.0833461,0.122909,1.0,0.03333333333333333,-0.004832999999999976,-0.014394000000000018,-0.14498999999999929,-0.43182000000000054,0.455511374720764,-2.0295648125719556,0.015183712490692133,251.43975601392134,fast
257,137,2,0.619245,0.744501,0.0782466,0.116354,1.0,0.03333333333333333,-0.0035959999999999326,-0.014519999999999977,-0.10787999999999798,-0.4355999999999993,0.4487599073001052,-0.2025440226197639,0.01495866357667017,256.09009762722144,fast
258,137,7,0.615641,0.729453,0.0744469,0.11169,1.0,0.03333333333333333,-0.0036040000000000516,-0.01504799999999995,-0.10812000000000155,-0.4514399999999985,0.4642068590617754,0.4634085528501064,0.015473561968725845,256.5313430286941,fast
259,137,2,0.611375,0.716111,0.0707314,0.106892,1.0,0.03333333333333333,-0.004265999999999992,-0.013341999999999965,-0.12797999999999976,-0.40025999999999895,0.4202224982077936,-1.3195308256194533,0.014007416606926454,252.26872987557203,fast
260,137,7,0.608227,0.703715,0.0677775,0.103238,1.0,0.03333333333333333,-0.0031480000000000397,-0.012396000000000074,-0.09444000000000119,-0.3718800000000022,0.3836843077322838,-1.0961457142652948,0.01278947692440946,255.7507943635714,fast
252,144,2,0.761409,0.776619,0.102746,0.167269,,,,,0.0,0.0,0.0,0.0,0.0,0.0,stationary
253,144,2,0.751487,0.76068,0.101564,0.165387,1.0,0.03333333333333333,-0.009921999999999986,-0.015938999999999925,-0.2976599999999996,-0.47816999999999776,0.5632477469994865,0.0,0.018774924899982885,238.09780743962153,fast
254,144,7,0.743354,0.743074,0.0979994,0.159522,1.0,0.03333333333333333,-0.008133000000000057,-0.01760600000000001,-0.2439900000000017,-0.5281800000000003,0.5818120250562042,0.5569283417015303,0.01939373416854014,245.20566977381375,fast
255,144,2,0.735071,0.731518,0.0905004,0.147112,1.0,0.03333333333333333,-0.00828299999999993,-0.01155600000000001,-0.24848999999999788,-0.3466800000000003,0.4265375745464861,-4.658233515291544,0.014217919151549536,234.36816209197087,fast
256,144,2,0.727816,0.715782,0.082974,0.13432,1.0,0.03333333333333333,-0.0072550000000000114,-0.015735999999999972,-0.21765000000000034,-0.47207999999999917,0.5198375216353658,2.7989984126663905,0.017327917387845525,245.24818438103114,fast
257,144,7,0.720234,0.706254,0.0826149,0.133571,1.0,0.03333333333333333,-0.007581999999999978,-0.009527999999999981,-0.22745999999999933,-0.28583999999999943,0.365297901992332,-4.636188589291014,0.012176596733077732,231.48863369089176,fast
258,144,7,0.715233,0.69459,0.0793422,0.128,1.0,0.03333333333333333,-0.005001000000000033,-0.011664000000000008,-0.150030000000001,-0.34992000000000023,0.3807269458549007,0.46287131587706143,0.012690898195163355,246.7925173208718,fast
259,144,7,0.709587,0.682805,0.0749664,0.120286,1.0,0.03333333333333333,-0.00564600000000004,-0.011785000000000045,-0.1693800000000012,-0.35355000000000136,0.39202957401196326,0.339078844711877,0.013067652467065441,244.40168413009533,fast
261,144,7,0.69843,0.664015,0.069494,0.111214,2.0,0.06666666666666667,-0.011156999999999972,-0.018789999999999973,-0.1673549999999996,-0.2818499999999996,0.32779127280176273,-0.9635745181530079,0.021852751520117515,239.29929112506522,fast
262,144,7,0.693264,0.656089,0.0705024,0.112464,1.0,0.03333333333333333,-0.005166000000000004,-0.007925999999999989,-0.15498000000000012,-0.23777999999999966,0.2838276392460746,-1.3189090066706433,0.009460921308202487,236.9045375106555,fast
263,144,7,0.68958,0.652083,0.0716506,0.113846,1.0,0.03333333333333333,-0.0036840000000000206,-0.004006000000000065,-0.11052000000000062,-0.12018000000000195,0.16327248022860621,-3.616654770524052,0.005442416007620207,227.39772040445925,fast
266,144,7,0.682238,0.64138,0.0816579,0.131971,3.0,0.1,-0.00734199999999996,-0.010703000000000018,-0.0734199999999996,-0.10703000000000018,0.12979182293195507,-0.33480657296651145,0.012979182293195507,235.55081669371822,fast
267,144,7,0.677803,0.634393,0.0805941,0.131776,1.0,0.03333333333333333,-0.004434999999999967,-0.0069869999999999655,-0.133049999999999,-0.20960999999999896,0.24827133261816456,3.5543852905862847,0.008275711087272151,237.59465147045398,fast
255,151,2,0.42042,0.46176,0.0242832,0.0295542,,,,,0.0,0.0,0.0,0.0,0.0,0.0,stationary
256,151,2,0.419534,0.462409,0.024218,0.0294776,1.0,0.03333333333333333,-0.0008859999999999979,0.0006490000000000107,-0.026579999999999937,0.01947000000000032,0.03294810009697083,0.0,0.001098270003232361,143.7770131859349,fast
257,151,2,0.418422,0.462885,0.0248354,0.0302906,1.0,0.03333333333333333,-0.0011120000000000019,0.00047599999999997644,-0.033360000000000056,0.014279999999999293,0.03628784920603567,0.1001924732719453,0.0012095949735345223,156.82628824271944,fast
258,151,2,0.417658,0.463851,0.0273832,0.0334566,1.0,0.03333333333333333,-0.0007640000000000424,0.0009660000000000224,-0.022920000000001273,0.028980000000000672,0.03694816368914831,0.01980943449337906,0.0012316054563049435,128.34012931184208,fast
259,151,2,0.4153,0.46501,0.0298607,0.0367665,1.0,0.03333333333333333,-0.0023579999999999712,0.0011589999999999656,-0.07073999999999914,0.03476999999999897,0.07882322310080835,1.2562517823498012,0.002627440770026945,153.82504171964968,fast
260,151,2,0.413795,0.465788,0.0312527,0.0389513,1.0,0.03333333333333333,-0.0015049999999999786,0.0007780000000000009,-0.04514999999999936,0.023340000000000027,0.05082595891864652,-0.8399179254648549,0.0016941986306215507,152.6635897377813,fast
261,151,2,0.412976,0.46645,0.0321947,0.0406242,1.0,0.03333333333333333,-0.0008190000000000142,0.0006619999999999959,-0.024570000000000425,0.019859999999999878,0.03159279189941933,-0.5769950105768156,0.001053093063313978,141.05129363019398,fast
262,151,2,0.412276,0.467723,0.0319102,0.0406928,1.0,0.03333333333333333,-0.0007000000000000339,0.0012730000000000241,-0.021000000000001018,0.03819000000000072,0.04358297947593875,0.3597056272955825,0.0014527659825312915,118.8056101682431,fast
263,151,2,0.411425,0.46893,0.0303277,0.0388633,1.0,0.03333333333333333,-0.0008509999999999907,0.0012070000000000136,-0.02552999999999972,0.03621000000000041,0.04430513514255447,0.02166466999847169,0.0014768378380851492,125.18589767183448,fast
264,151,2,0.411116,0.469839,0.0315135,0.0404781,1.0,0.03333333333333333,-0.0003090000000000037,0.0009089999999999931,-0.009270000000000111,0.027269999999999794,0.028802531138773044,-0.4650781201134428,0.0009600843712924348,108.77464314023501,moving
265,151,2,0.409117,0.470121,0.0329348,0.0428781,1.0,0.03333333333333333,-0.001998999999999973,0.00028200000000000447,-0.05996999999999919,0.008460000000000134,0.06056378868597889,0.9528377264161756,0.0020187929561992965,171.97024041455813,fast
266,151,2,0.406754,0.472014,0.032184,0.0426953,1.0,0.03333333333333333,-0.002363000000000004,0.001892999999999978,-0.07089000000000012,0.05678999999999934,0.09083224207295526,0.908053601609291,0.0030277414024318418,141.3017719273704,fast
267,151,2,0.406064,0.473042,0.0327177,0.0441971,1.0,0.03333333333333333,-0.0006900000000000239,0.0010280000000000289,-0.020700000000000718,0.030840000000000867,0.03714290780216437,-1.6106800281237266,0.0012380969267388126,123.86975800163219,fast
268,151,2,0.404984,0.474705,0.0337449,0.0464678,1.0,0.03333333333333333,-0.0010799999999999699,0.00166299999999997,-0.032399999999999096,0.0498899999999991,0.05948757937586511,0.6703401472110221,0.001982919312528837,123.00085233904804,fast
269,151,2,0.402776,0.478446,0.029311,0.0405045,1.0,0.03333333333333333,-0.0022079999999999878,0.0037409999999999943,-0.06623999999999963,0.11222999999999983,0.13032003107734402,2.1249735510443677,0.0043440010359114675,120.5498063083283,fast
270,151,2,0.40115,0.481455,0.0274362,0.0381828,1.0,0.03333333333333333,-0.0016260000000000163,0.0030090000000000394,-0.04878000000000049,0.09027000000000118,0.10260682872012107,-0.8313960707166885,0.0034202276240040356,118.38585013032991,fast
271,151,2,0.400418,0.482361,0.0293804,0.0417565,1.0,0.03333333333333333,-0.0007320000000000104,0.0009059999999999624,-0.021960000000000313,0.02717999999999887,0.03494272456463508,-2.0299231246645797,0.0011647574854878363,128.9363746314898,fast
272,151,2,0.399427,0.486328,0.0277727,0.0398064,1.0,0.03333333333333333,-0.0009910000000000196,0.003966999999999998,-0.02973000000000059,0.11900999999999995,0.12266724501675264,2.6317356135635266,0.0040889081672250875,104.0260478847531,fast
273,151,2,0.398214,0.489304,0.0266167,0.0382923,1.0,0.03333333333333333,-0.001212999999999964,0.002976000000000034,-0.03638999999999892,0.08928000000000103,0.09641136084507937,-0.787676525150198,0.0032137120281693124,112.17551852804627,fast
274,151,2,0.39686,0.49026,0.0265619,0.0381483,1.0,0.03333333333333333,-0.0013540000000000219,0.0009559999999999569,-0.040620000000000656,0.028679999999998707,0.04972450904734987,-1.4006055539318851,0.0016574836349116623,144.77576211684732,fast
275,151,2,0.395131,0.492505,0.0265343,0.0383153,1.0,0.03333333333333333,-0.0017289999999999806,0.0022450000000000525,-0.05186999999999942,0.06735000000000158,0.08500893717721773,1.058532843896036,0.002833631239240591,127.60187843813935,fast
276,151,2,0.393315,0.495493,0.0259162,0.0371849,1.0,0.03333333333333333,-0.0018159999999999843,0.0029879999999999907,-0.05447999999999953,0.08963999999999972,0.10489709242872225,0.5966446575451355,0.003496569747624075,121.28974430464808,fast
277,151,2,0.390558,0.497013,0.0276475,0.0399042,1.0,0.03333333333333333,-0.0027570000000000094,0.0015199999999999658,-0.08271000000000028,0.045599999999998975,0.09444736153011345,-0.3134919269582641,0.0031482453843371147,151.131001546957,fast
278,151,2,0.388531,0.498545,0.0288275,0.041891,1.0,0.03333333333333333,-0.002027000000000001,0.0015320000000000333,-0.06081000000000003,0.045960000000001,0.0762245216449411,-0.5466851965551703,0.002540817388164704,142.9181305853332,fast
279,151,2,0.386855,0.500203,0.0299915,0.0440981,1.0,0.03333333333333333,-0.0016760000000000108,0.0016579999999999373,-0.050280000000000324,0.04973999999999812,0.07072585100230216,-0.16496011927916818,0.0023575283667434054,135.30933233681878,fast
280,151,2,0.38551,0.503453,0.0311784,0.0462231,1.0,0.03333333333333333,-0.001344999999999985,0.003250000000000086,-0.04034999999999955,0.09750000000000258,0.10551953610588169,1.0438105531073858,0.003517317870196056,112.48202954971919,fast
281,151,2,0.384296,0.506215,0.0321007,0.0477293,1.0,0.03333333333333333,-0.0012139999999999929,0.002761999999999931,-0.036419999999999786,0.08285999999999794,0.09051075074265842,-0.45026356089669806,0.0030170250247552807,113.72724478590806,fast
282,151,2,0.383077,0.508686,0.0325738,0.0484611,1.0,0.03333333333333333,-0.0012190000000000256,0.002471000000000001,-0.03657000000000077,0.07413000000000003,0.08265967456988964,-0.23553228518306352,0.0027553224856629883,116.2581622560462,fast
283,151,2,0.38173,0.510554,0.0327605,0.0486877,1.0,0.03333333333333333,-0.001346999999999987,0.0018679999999999808,-0.04040999999999961,0.056039999999999424,0.06909015631766875,-0.40708554756662657,0.0023030052105889585,125.79507469631983,fast
284,151,2,0.379697,0.512627,0.0326592,0.0485884,1.0,0.03333333333333333,-0.002033000000000007,0.0020730000000001025,-0.06099000000000021,0.062190000000003076,0.08710554632169187,0.5404617001206936,0.002903518210723062,134.44185127039793,fast
285,151,2,0.377827,0.514508,0.0333216,0.0499578,1.0,0.03333333333333333,-0.0018699999999999828,0.0018809999999999105,-0.056099999999999484,0.056429999999997316,0.07957106823462683,-0.2260343426119514,0.002652368941154228,134.83197766783468,fast
286,151,2,0.374894,0.516825,0.0344254,0.0521341,1.0,0.03333333333333333,-0.002933000000000019,0.0023170000000000135,-0.08799000000000057,0.0695100000000004,0.11213331440745054,0.9768673851847115,0.003737777146915018,141.69210641082543,fast
288,151,2,0.371162,0.525324,0.033358,0.0506861,2.0,0.06666666666666667,-0.003732000000000013,0.008499000000000034,-0.055980000000000196,0.12748500000000051,0.13923428322435588,0.4065145322535801,0.009282285548290393,113.70678148667042,fast
289,151,2,0.368747,0.528358,0.0330333,0.049925,1.0,0.03333333333333333,-0.0024150000000000005,0.003033999999999981,-0.07245000000000001,0.09101999999999943,0.11633418629104644,-0.6870029079992832,0.0038778062097015484,128.51904967499263,fast
290,151,2,0.367566,0.532051,0.032235,0.0480615,1.0,0.03333333333333333,-0.0011809999999999876,0.0036930000000000573,-0.03542999999999963,0.11079000000000172,0.11631727730651348,-0.0005072695359889523,0.0038772425768837824,107.73397507687474,fast
291,151,2,0.364378,0.533982,0.0330948,0.049238,1.0,0.03333333333333333,-0.003188000000000024,0.001930999999999905,-0.09564000000000072,0.05792999999999715,0.11181634272323437,-0.1350280374983731,0.0037272114241078125,148.79633708293522,fast
292,151,2,0.361161,0.53634,0.0349686,0.0521774,1.0,0.03333333333333333,-0.00321699999999997,0.0023580000000000823,-0.0965099999999991,0.07074000000000247,0.1196592148561914,0.23528616398871063,0.00398864049520638,143.75929056623056,fast
293,151,2,0.358719,0.541279,0.0352868,0.0526947,1.0,0.03333333333333333,-0.0024419999999999997,0.004938999999999916,-0.07325999999999999,0.14816999999999747,0.16529179199221977,1.3689773140808512,0.005509726399740659,116.30926814633915,fast
294,151,2,0.355999,0.544284,0.0378157,0.0570384,1.0,0.03333333333333333,-0.00272,0.0030050000000000354,-0.0816,0.09015000000000106,0.12159598060791398,-1.310874341529174,0.004053199353597133,132.1500737081143,fast
295,151,2,0.353439,0.546585,0.0390509,0.0597201,1.0,0.03333333333333333,-0.0025600000000000067,0.0023009999999999975,-0.0768000000000002,0.06902999999999992,0.10326364752418937,-0.5499699925117381,0.0034421215841396453,138.04990497907897,fast
296,151,2,0.351408,0.548673,0.0437122,0.0678253,1.0,0.03333333333333333,-0.002031000000000005,0.0020879999999999788,-0.06093000000000015,0.06263999999999936,0.08738555086511693,-0.4763428997721733,0.002912851695503898,134.20717383181045,fast
297,151,2,0.348527,0.555017,0.0407264,0.0635154,1.0,0.03333333333333333,-0.0028810000000000224,0.006344000000000016,-0.08643000000000067,0.1903200000000005,0.20902594886759945,3.649211940074476,0.006967531628919982,114.42421850204107,fast
298,151,2,0.345007,0.559297,0.0397659,0.0620501,1.0,0.03333333333333333,-0.0035199999999999676,0.0042800000000000615,-0.10559999999999903,0.12840000000000185,0.1662465638742656,-1.2833815498000158,0.0055415521291421865,129.4349011650877,fast
299,151,2,0.342381,0.565455,0.0392918,0.0611316,1.0,0.03333333333333333,-0.002626000000000017,0.006157999999999997,-0.07878000000000052,0.1847399999999999,0.20083614216569698,1.0376873487429417,0.006694538072189899,113.09520109748081,fast
300,151,2,0.339342,0.569096,0.0409428,0.0638836,1.0,0.03333333333333333,-0.003039000000000014,0.0036410000000000053,-0.09117000000000042,0.10923000000000016,0.1422784656931614,-1.7567302941760672,0.0047426155231053806,129.85042887867462,fast
301,151,2,0.337068,0.573046,0.0418112,0.0653741,1.0,0.03333333333333333,-0.0022739999999999982,0.003950000000000009,-0.06821999999999995,0.11850000000000027,0.13673411571367278,-0.166330499384659,0.004557803857122426,119.92887081262171,fast
302,151,2,0.334739,0.576774,0.0442888,0.0693945,1.0,0.03333333333333333,-0.00232899999999997,0.0037279999999999536,-0.0698699999999991,0.11183999999999861,0.13187115871182586,-0.14588871005540738,0.0043957052903941946,121.99432998204912,fast
303,151,2,0.331672,0.581944,0.0464886,0.0727595,1.0,0.03333333333333333,-0.0030669999999999864,0.005170000000000008,-0.09200999999999959,0.15510000000000024,0.18033815486468746,1.454009884585848,0.006011271828822915,120.67769684468453,fast
304,151,2,0.327811,0.587507,0.0469437,0.0734728,1.0,0.03333333333333333,-0.0038610000000000033,0.005562999999999985,-0.1158300000000001,0.16688999999999954,0.20314738738167387,0.6842769755095923,0.0067715795793891285,124.76258044577412,fast
305,151,2,0.32447,0.592931,0.0478735,0.0747362,1.0,0.03333333333333333,-0.0033410000000000384,0.005423999999999984,-0.10023000000000115,0.16271999999999953,0.19111214325625694,-0.3610573237625078,0.006370404775208565,121.63166027608094,fast
306,151,2,0.320781,0.597282,0.0491735,0.0768461,1.0,0.03333333333333333,-0.003688999999999998,0.004350999999999994,-0.11066999999999994,0.1305299999999998,0.1711313232579002,-0.5994245999507023,0.0057043774419300065,130.29298050196746,fast
307,151,2,0.316327,0.60362,0.0504488,0.0785703,1.0,0.03333333333333333,-0.004453999999999958,0.006338000000000066,-0.13361999999999874,0.19014000000000197,0.23239518927895306,1.8379159806315857,0.007746506309298435,125.097452360646,fast
308,151,2,0.310859,0.609092,0.0521786,0.0807707,1.0,0.03333333333333333,-0.005468000000000028,0.005471999999999921,-0.16404000000000085,0.16415999999999764,0.2320724610978207,-0.009681845433970604,0.007735748703260691,134.97905090422,fast
309,151,2,0.307132,0.61547,0.0529654,0.0815047,1.0,0.03333333333333333,-0.0037269999999999803,0.006377999999999995,-0.11180999999999941,0.19133999999999984,0.2216133382718644,-0.3137736847786887,0.007387111275728815,120.29998473908546,fast
310,151,2,0.302732,0.622526,0.0555357,0.0851334,1.0,0.03333333333333333,-0.004400000000000015,0.007056000000000062,-0.13200000000000045,0.21168000000000187,0.24946427078842556,0.8355279754968346,0.008315475692947518,121.946953920248,fast
311,151,2,0.298376,0.629134,0.0579897,0.089063,1.0,0.03333333333333333,-0.0043560000000000265,0.006607999999999947,-0.1306800000000008,0.19823999999999842,0.23743706534574502,-0.3608161632804163,0.007914568844858166,123.3929095733422,fast
312,151,2,0.294034,0.636013,0.0592912,0.0907705,1.0,0.03333333333333333,-0.004341999999999957,0.0068790000000000795,-0.1302599999999987,0.20637000000000238,0.244041481105161,0.1981324727824793,0.008134716036838699,122.25997303149285,fast
313,151,2,0.288937,0.643578,0.0614374,0.0940205,1.0,0.03333333333333333,-0.005097000000000018,0.007564999999999933,-0.15291000000000055,0.226949999999998,0.2736563001284627,0.8884445706990513,0.009121876670948756,123.97054266410856,fast
314,151,2,0.283811,0.651387,0.0639424,0.0980935,1.0,0.03333333333333333,-0.005126000000000019,0.007809000000000066,-0.15378000000000058,0.23427000000000198,0.280233333670356,0.19731100625679954,0.0093411111223452,123.28177884977964,fast
315,151,2,0.277848,0.659796,0.0661417,0.101544,1.0,0.03333333333333333,-0.005962999999999996,0.008409,-0.17888999999999988,0.25227,0.30926006046691507,0.8708018038967713,0.010308668682230501,125.34126099479687,fast
316,151,2,0.27216,0.668992,0.0679704,0.104187,1.0,0.03333333333333333,-0.005687999999999971,0.009195999999999982,-0.17063999999999913,0.27587999999999946,0.32438832284778596,0.4538478714261268,0.010812944094926199,121.7380258135496,fast
317,151,2,0.265647,0.677298,0.0696601,0.107058,1.0,0.03333333333333333,-0.006512999999999991,0.008305999999999925,-0.19538999999999973,0.24917999999999774,0.31665110847745154,-0.23211643111003266,0.010555036949248383,128.10112810199143,fast
318,151,2,0.258796,0.687115,0.0730466,0.112526,1.0,0.03333333333333333,-0.006850999999999996,0.009817000000000076,-0.20552999999999988,0.29451000000000227,0.3591360758821109,1.2745490221397804,0.011971202529403695,124.91007223717685,fast
319,151,2,0.251889,0.697628,0.0743782,0.114448,1.0,0.03333333333333333,-0.006907000000000052,0.010512999999999995,-0.20721000000000156,0.31538999999999984,0.37736830312044034,0.5469668171498837,0.01257894343734801,123.30475785926978,fast
320,151,2,0.244534,0.708004,0.0766154,0.117736,1.0,0.03333333333333333,-0.007354999999999973,0.01037599999999994,-0.22064999999999918,0.3112799999999982,0.3815516490594668,0.12550037817079418,0.012718388301982228,125.33081959666038,fast
321,151,2,0.236684,0.720591,0.0799828,0.122843,1.0,0.03333333333333333,-0.007849999999999996,0.012587000000000015,-0.23549999999999988,0.37761000000000045,0.4450275970094442,1.9042784384993223,0.01483425323364814,121.95011240480949,fast
322,151,2,0.228715,0.732927,0.0834543,0.128031,1.0,0.03333333333333333,-0.007969000000000004,0.012336000000000014,-0.23907000000000012,0.3700800000000004,0.4405833307105483,-0.13332798896687814,0.014686111023684943,122.86227653945906,fast
323,151,2,0.220393,0.746527,0.0865764,0.132534,1.0,0.03333333333333333,-0.008321999999999996,0.013600000000000056,-0.24965999999999988,0.4080000000000017,0.4783242787064037,1.1322284398756628,0.01594414262354679,121.46295416433082,fast
324,151,2,0.210947,0.760076,0.0911647,0.139526,1.0,0.03333333333333333,-0.00944600000000001,0.013548999999999922,-0.2833800000000003,0.40646999999999767,0.4955018519642467,0.5153271977352891,0.016516728398808224,124.88317619544426,fast
325,151,2,0.201386,0.775801,0.0946579,0.144662,1.0,0.03333333333333333,-0.009560999999999986,0.01572499999999999,-0.2868299999999996,0.47174999999999967,0.552104619977047,1.6980830403840086,0.018403487332568233,121.30013337609398,fast
326,151,2,0.191018,0.792369,0.100494,0.15399,1.0,0.03333333333333333,-0.010368000000000016,0.016568000000000027,-0.3110400000000005,0.4970400000000008,0.586340040590783,1.0270626184120824,0.01954466801969277,122.03770033124738,fast
327,151,2,0.179095,0.809175,0.104438,0.159664,1.0,0.03333333333333333,-0.01192299999999999,0.016805999999999988,-0.3576899999999997,0.5041799999999996,0.6181744159215904,0.9550312599242206,0.020605813864053014,125.35375734558312,fast
328,151,2,0.167022,0.828408,0.109086,0.166285,1.0,0.03333333333333333,-0.012073,0.019233000000000056,-0.36219,0.5769900000000017,0.6812481605112795,1.8922123376906719,0.02270827201704265,122.1174450718105,fast
329,151,2,0.153629,0.848388,0.115366,0.175438,1.0,0.03333333333333333,-0.013393000000000016,0.019979999999999998,-0.4017900000000005,0.5993999999999999,0.7216062389558452,1.210742353336972,0.024053541298528172,123.83475019372338,fast
330,151,2,0.139097,0.87115,0.124154,0.188898,1.0,0.03333333333333333,-0.01453199999999999,0.02276199999999995,-0.4359599999999997,0.6828599999999985,0.8101597997926073,2.6566068251028643,0.027005326659753578,122.55548279534565,fast
331,151,2,0.124143,0.892328,0.13014,0.197408,1.0,0.03333333333333333,-0.014953999999999995,0.02117800000000003,-0.44861999999999985,0.6353400000000009,0.777763987338062,-0.9718743736363611,0.025925466244602065,125.22630192151365,fast
332,151,2,0.107483,0.900111,0.132748,0.199779,1.0,0.03333333333333333,-0.016660000000000008,0.007782999999999984,-0.49980000000000024,0.23348999999999953,0.5516499071875205,-6.783422404516244,0.018388330239584017,154.95957689279533,fast
333,151,2,0.0893085,0.902073,0.134441,0.195854,1.0,0.03333333333333333,-0.018174499999999996,0.0019620000000000193,-0.5452349999999999,0.05886000000000058,0.5484028672654803,-0.09741119766120687,0.01828009557551601,173.8385838666161,fast
334,151,2,0.0755203,0.92474,0.111473,0.150519,1.0,0.03333333333333333,-0.0137882,0.022666999999999993,-0.413646,0.6800099999999998,0.7959375687929298,7.426041045823485,0.02653125229309766,121.3118981557123,fast
335,151,2,0.0637183,0.943037,0.0902965,0.113926,1.0,0.03333333333333333,-0.011801999999999993,0.018297000000000008,-0.3540599999999998,0.5489100000000002,0.6531926757856369,-4.282346790218786,0.02177308919285456,122.82297803482459,fast
257,157,2,0.714595,0.963359,0.203524,0.0687481,,,,,0.0,0.0,0.0,0.0,0.0,0.0,stationary
258,157,2,0.708783,0.95155,0.27868,0.0952809,1.0,0.03333333333333333,-0.005811999999999928,-0.011808999999999958,-0.17435999999999785,-0.35426999999999875,0.3948526845546303,0.0,0.013161756151821009,243.79511122852728,fast
259,157,2,0.699891,0.93799,0.353466,0.123357,1.0,0.03333333333333333,-0.008892000000000011,-0.013560000000000016,-0.26676000000000033,-0.4068000000000005,0.48646391191947685,2.7483368209453967,0.01621546373064923,236.74505215533247,fast
258,161,2,0.617733,0.731945,0.059664,0.114107,,,,,0.0,0.0,0.0,0.0,0.0,0.0,stationary
259,161,7,0.612783,0.719983,0.0572049,0.109088,1.0,0.03333333333333333,-0.00495000000000001,-0.011961999999999917,-0.1485000000000003,-0.3588599999999975,0.38837192174512086,0.0,0.012945730724837363,247.51971948827872,fast
260,161,2,0.609997,0.708296,0.0554926,0.105546,1.0,0.03333333333333333,-0.002785999999999955,-0.011687000000000003,-0.08357999999999866,-0.3506100000000001,0.36043444410877246,-0.8381243290904522,0.012014481470292417,256.59181730139005,fast
261,161,2,0.606687,0.697243,0.0532065,0.100627,1.0,0.03333333333333333,-0.003310000000000035,-0.01105300000000009,-0.09930000000000105,-0.3315900000000027,0.346139304471483,-0.42885418911868367,0.011537976815716099,253.32881861442868,fast
262,161,2,0.602661,0.684576,0.0513633,0.0963763,1.0,0.03333333333333333,-0.004025999999999974,-0.012666999999999984,-0.12077999999999922,-0.3800099999999995,0.3987422833109118,1.578089365182865,0.01329140944369706,252.36798750161898,fast
263,161,2,0.598976,0.675646,0.0515293,0.0963925,1.0,0.03333333333333333,-0.0036850000000000493,-0.008929999999999993,-0.11055000000000148,-0.2678999999999998,0.28981323727531877,-3.267871381067792,0.009660441242510627,247.57631364743156,fast
264,161,2,0.595768,0.66702,0.0498086,0.0927642,1.0,0.03333333333333333,-0.0032079999999999886,-0.008626000000000023,-0.09623999999999966,-0.2587800000000007,0.27609640707550015,-0.4115049059945586,0.009203213569183338,249.59988705409313,fast
265,161,2,0.594086,0.658419,0.0483072,0.0894861,1.0,0.03333333333333333,-0.0016819999999999613,-0.00860099999999997,-0.05045999999999884,-0.2580299999999991,0.2629176534582633,-0.3953626085171058,0.00876392178194211,258.93495814846756,fast
266,161,7,0.591148,0.648911,0.0465593,0.0857301,1.0,0.03333333333333333,-0.002937999999999996,-0.009507999999999961,-0.08813999999999989,-0.28523999999999883,0.2985473449890307,1.068890745923022,0.009951578166301024,252.82869696072382,fast
267,161,2,0.588081,0.63706,0.0433612,0.0790344,1.0,0.03333333333333333,-0.003067000000000042,-0.011851000000000056,-0.09201000000000126,-0.3555300000000017,0.3672429999332886,2.0608696483277384,0.012241433331109622,255.49037981234727,fast
268,161,2,0.586321,0.630871,0.0433455,0.0785958,1.0,0.03333333333333333,-0.0017599999999999838,-0.006189,-0.052799999999999514,-0.18567,0.19303157487830833,-5.226342751649409,0.006434385829276944,254.12554647069166,fast
269,161,2,0.584923,0.623642,0.0438803,0.0792209,1.0,0.03333333333333333,-0.0013980000000000103,-0.00722899999999993,-0.04194000000000031,-0.2168699999999979,0.22088811760707977,0.8356962818631434,0.007362937253569327,259.05480945717477,fast
270,161,2,0.583408,0.616892,0.043099,0.077086,1.0,0.03333333333333333,-0.001514999999999933,-0.006750000000000034,-0.04544999999999799,-0.202500000000001,0.20753783390023184,-0.40050851120543796,0.006917927796674396,257.34991730365994,fast
271,161,2,0.582065,0.610448,0.0421975,0.074678,1.0,0.03333333333333333,-0.001342999999999983,-0.006444000000000005,-0.04028999999999949,-0.19332000000000016,0.19747381218784435,-0.30192065137162466,0.0065824604062614785,258.22745039318113,fast
272,161,2,0.581105,0.605231,0.0420664,0.073874,1.0,0.03333333333333333,-0.0009600000000000719,-0.005217000000000027,-0.028800000000002157,-0.15651000000000082,0.15913773939578374,-1.1500821837618183,0.005304591313192791,259.5734266295708,fast
273,161,2,0.579898,0.599767,0.0425067,0.074375,1.0,0.03333333333333333,-0.001206999999999958,-0.005463999999999913,-0.03620999999999874,-0.1639199999999974,0.1678717680254755,0.26202085889075244,0.005595725600849183,257.54338115880176,fast
274,161,2,0.576831,0.591978,0.0390662,0.0683161,1.0,0.03333333333333333,-0.003067000000000042,-0.007789000000000046,-0.09201000000000126,-0.23367000000000138,0.2511324530999545,2.497820552234371,0.008371081769998486,248.50744251940685,fast
275,161,2,0.574931,0.58731,0.0383927,0.0670946,1.0,0.03333333333333333,-0.0019000000000000128,-0.0046680000000000055,-0.057000000000000384,-0.14004000000000016,0.15119590470644398,-2.998096451805316,0.0050398634902148,247.85237115210208,fast
279,161,2,0.569143,0.567325,0.0372333,0.0650316,4.0,0.13333333333333333,-0.005788000000000015,-0.01998500000000003,-0.043410000000000115,-0.14988750000000023,0.1560470786533669,0.036383804601921865,0.020806277153782256,253.8480737393309,fast
280,161,2,0.568003,0.562705,0.0358533,0.0623831,1.0,0.03333333333333333,-0.0011399999999999189,-0.0046199999999999575,-0.034199999999997566,-0.13859999999999872,0.14275713642406632,-0.3986982668790173,0.004758571214135543,256.13897243697966,fast
281,161,2,0.567019,0.558399,0.0348496,0.060679,1.0,0.03333333333333333,-0.0009839999999999849,-0.004306000000000032,-0.029519999999999547,-0.12918000000000096,0.13251001018791078,-0.30741378708466605,0.004417000339597027,257.127888845577,fast
282,161,2,0.56613,0.553497,0.0342168,0.0592026,1.0,0.03333333333333333,-0.0008890000000000287,-0.004901999999999962,-0.02667000000000086,-0.14705999999999886,0.14945879867040185,0.5084636544747321,0.004981959955680061,259.72086976806736,fast
283,161,2,0.565444,0.549499,0.0335976,0.057786,1.0,0.03333333333333333,-0.0006860000000000754,-0.003998000000000057,-0.020580000000002263,-0.11994000000000171,0.12169280997659847,-0.8329796608141015,0.004056426999219949,260.26367072216647,fast
284,161,2,0.56477,0.545002,0.0317643,0.0539391,1.0,0.03333333333333333,-0.0006739999999999524,-0.004496999999999973,-0.020219999999998572,-0.1349099999999992,0.13641684829961337,0.44172114969044707,0.004547228276653779,261.4760878031104,fast
285,161,2,0.563407,0.540765,0.0315367,0.0529028,1.0,0.03333333333333333,-0.001363000000000003,-0.004236999999999935,-0.04089000000000009,-0.12710999999999806,0.13352506955624294,-0.08675336230111297,0.0044508356518747644,252.16754249551565,fast
286,161,2,0.562524,0.537397,0.0319693,0.0533565,1.0,0.03333333333333333,-0.0008829999999999671,-0.0033680000000000376,-0.026489999999999014,-0.10104000000000113,0.1044547830403193,-0.8721085954777091,0.0034818261013439765,255.30920417697598,fast
287,161,2,0.561192,0.533987,0.0319195,0.0532628,1.0,0.03333333333333333,-0.0013319999999999999,-0.003410000000000024,-0.039959999999999996,-0.10230000000000072,0.10982755391977073,0.16118312638354282,0.0036609184639923575,248.66359626818107,fast
288,161,2,0.560136,0.531001,0.0313149,0.0521274,1.0,0.03333333333333333,-0.001056000000000057,-0.002986000000000044,-0.03168000000000171,-0.08958000000000133,0.09501683429793031,-0.4443215886552124,0.00316722780993101,250.52384047762797,fast
289,161,7,0.559515,0.528923,0.0312786,0.0523703,1.0,0.03333333333333333,-0.0006209999999999827,-0.0020779999999999132,-0.01862999999999948,-0.0623399999999974,0.06506421827701964,-0.8985784806273204,0.0021688072759006548,253.36148527152054,fast
290,161,2,0.558502,0.525085,0.0300968,0.0503352,1.0,0.03333333333333333,-0.0010129999999999306,-0.003838000000000008,-0.03038999999999792,-0.11514000000000024,0.11908304539270034,1.6205648134704211,0.003969434846423345,255.2145601987707,fast
291,161,2,0.557854,0.521732,0.0289881,0.0484042,1.0,0.03333333333333333,-0.000648000000000093,-0.0033530000000000504,-0.01944000000000279,-0.10059000000000151,0.10245126499951288,-0.498953411795624,0.003415042166650429,259.06187779433196,fast
292,161,2,0.556817,0.518768,0.0286754,0.0481815,1.0,0.03333333333333333,-0.0010369999999999546,-0.0029639999999999667,-0.03110999999999864,-0.088919999999999,0.09420508744223816,-0.2473853267182416,0.0031401695814079387,250.7168424661527,fast
294,161,2,0.555919,0.511459,0.0267765,0.0450228,2.0,0.06666666666666667,-0.0008979999999999544,-0.00730900000000001,-0.013469999999999316,-0.10963500000000015,0.11045937771416248,0.24381435407886481,0.0073639585142774985,262.99561632511643,fast
295,161,2,0.555475,0.509301,0.0270997,0.045745,1.0,0.03333333333333333,-0.00044399999999999995,-0.0021579999999999933,-0.013319999999999999,-0.0647399999999998,0.06609606644876814,-1.3308993379618301,0.0022032022149589383,258.3738576039866,fast
260,166,2,0.418722,0.466254,0.0362261,0.0377828,,,,,0.0,0.0,0.0,0.0,0.0,0.0,stationary
264,166,2,0.418165,0.467598,0.0436343,0.0454675,4.0,0.13333333333333333,-0.0005569999999999742,0.0013440000000000119,-0.004177499999999806,0.010080000000000089,0.010911365920451947,0.0,0.001454848789393593,112.5108052763112,moving
265,166,2,0.414988,0.470102,0.0429563,0.0451349,1.0,0.03333333333333333,-0.0031769999999999854,0.0025040000000000062,-0.09530999999999956,0.07512000000000019,0.1213548948332944,3.3133058673852736,0.004045163161109813,141.75606053047284,fast
269,166,2,0.405881,0.476934,0.0408316,0.0441009,4.0,0.13333333333333333,-0.009107000000000032,0.006832000000000005,-0.06830250000000024,0.051240000000000036,0.08538600064559786,-0.26976670640772404,0.011384800086079713,143.12305663610096,fast
270,166,2,0.404474,0.477653,0.0416119,0.0463075,1.0,0.03333333333333333,-0.0014069999999999916,0.0007189999999999697,-0.04220999999999975,0.02156999999999909,0.047401993628959735,-1.1395202104991438,0.0015800664542986577,152.9322249099872,fast
271,166,2,0.405001,0.477279,0.0453504,0.0519603,1.0,0.03333333333333333,0.0005269999999999997,-0.00037399999999998546,0.01580999999999999,-0.011219999999999564,0.019386709364922917,-0.8404585279211045,0.0006462236454974306,324.63753811293196,moving
261,167,2,0.677826,0.903979,0.120955,0.178444,,,,,0.0,0.0,0.0,0.0,0.0,0.0,stationary
262,167,2,0.670851,0.883581,0.117752,0.174226,1.0,0.03333333333333333,-0.0069750000000000645,-0.020398000000000027,-0.20925000000000193,-0.6119400000000008,0.6467272424291417,0.0,0.021557574747638055,251.12211854946008,fast
263,167,2,0.662763,0.852508,0.105863,0.157028,1.0,0.03333333333333333,-0.008087999999999984,-0.031072999999999906,-0.24263999999999952,-0.9321899999999972,0.9632509359974661,9.495710807049733,0.03210836453324887,255.41020598101198,fast
264,167,2,0.654512,0.828975,0.0998194,0.148789,1.0,0.03333333333333333,-0.008251000000000008,-0.023533000000000026,-0.24753000000000025,-0.7059900000000008,0.7481263135326822,-6.453738673943517,0.02493754378442274,250.67861777415686,fast
265,167,2,0.64822,0.804255,0.0900008,0.134577,1.0,0.03333333333333333,-0.006291999999999964,-0.024719999999999964,-0.18875999999999893,-0.7415999999999989,0.7652456452669286,0.513579952027392,0.025508188175564286,255.71969581275394,fast
266,167,2,0.641783,0.784902,0.0866352,0.130247,1.0,0.03333333333333333,-0.006437000000000026,-0.019353000000000065,-0.19311000000000078,-0.5805900000000019,0.6118629096456187,-4.601482068639297,0.020395430321520622,251.60236236535926,fast
267,167,2,0.636862,0.768401,0.0843566,0.127708,1.0,0.03333333333333333,-0.004920999999999953,-0.016500999999999988,-0.1476299999999986,-0.49502999999999964,0.5165746004208871,-2.858649276741949,0.017219153347362907,253.3941382457598,fast
268,167,2,0.632041,0.752605,0.0819981,0.125087,1.0,0.03333333333333333,-0.004821000000000075,-0.015796000000000032,-0.14463000000000226,-0.47388000000000097,0.4954594749321094,-0.6334537646633309,0.016515315831070316,253.02760906305286,fast
269,167,2,0.629231,0.735379,0.0742816,0.114068,1.0,0.03333333333333333,-0.002809999999999979,-0.017225999999999964,-0.08429999999999938,-0.5167799999999989,0.5236105980592819,0.8445336938151748,0.01745368660197606,260.7352002777678,fast
270,167,2,0.624481,0.720805,0.0723783,0.111888,1.0,0.03333333333333333,-0.004750000000000032,-0.014573999999999976,-0.14250000000000096,-0.4372199999999993,0.45985604095194793,-1.912636713220019,0.015328534698398266,251.94802600987825,fast
271,167,2,0.621664,0.710222,0.0639153,0.099034,1.0,0.03333333333333333,-0.0028169999999999584,-0.010583000000000009,-0.08450999999999875,-0.31749000000000027,0.32854503526913925,-3.9393301704842605,0.010951501175637975,255.09453245348408,fast
272,167,2,0.618155,0.70223,0.0633023,0.0989969,1.0,0.03333333333333333,-0.0035089999999999844,-0.007991999999999999,-0.10526999999999953,-0.23975999999999997,0.26185230665396075,-2.000781858455355,0.008728410221798691,246.29544826516297,fast
273,167,2,0.615204,0.690203,0.0634021,0.100219,1.0,0.03333333333333333,-0.002951000000000037,-0.01202700000000001,-0.08853000000000111,-0.3608100000000003,0.37151233761478286,3.2898009288246635,0.012383744587159429,256.2139940532171,fast
274,167,2,0.611183,0.675205,0.0582363,0.0921179,1.0,0.03333333333333333,-0.004020999999999941,-0.014997999999999956,-0.12062999999999824,-0.4499399999999987,0.46583001245089223,2.829530245083281,0.015527667081696407,254.99180946109362,fast
275,167,2,0.608652,0.665902,0.0598546,0.0956843,1.0,0.03333333333333333,-0.002531000000000061,-0.009303000000000061,-0.07593000000000183,-0.27909000000000184,0.28923449483075375,-5.297865528604154,0.00964114982769179,254.78032434508276,fast
276,167,2,0.606797,0.65854,0.0573094,0.0921827,1.0,0.03333333333333333,-0.00185499999999994,-0.00736199999999998,-0.0556499999999982,-0.2208599999999994,0.22776317107908278,-1.844139712550129,0.007592105702636093,255.85759573570044,fast
277,167,2,0.602999,0.650163,0.0564023,0.0913166,1.0,0.03333333333333333,-0.003798000000000079,-0.008376999999999968,-0.11394000000000237,-0.25130999999999903,0.27593303481098463,1.4450959119570557,0.009197767827032821,245.61120818523486,fast
278,167,2,0.600963,0.641018,0.0526066,0.0852714,1.0,0.03333333333333333,-0.0020359999999999268,-0.00914500000000007,-0.0610799999999978,-0.2743500000000021,0.2810670540991969,0.1540205786463683,0.009368901803306564,257.44863933806255,fast
279,167,2,0.597705,0.632604,0.0522685,0.0851926,1.0,0.03333333333333333,-0.003257999999999983,-0.008413999999999922,-0.0977399999999995,-0.25241999999999765,0.27068240430437795,-0.3115394938445687,0.009022746810145931,248.8330092680259,fast
280,167,2,0.594989,0.62462,0.0508021,0.0831669,1.0,0.03333333333333333,-0.0027160000000000517,-0.007984000000000102,-0.08148000000000155,-0.23952000000000306,0.2529996458495579,-0.5304827536446011,0.008433321528318596,251.21270419236936,fast
281,167,2,0.593357,0.618767,0.0494435,0.081371,1.0,0.03333333333333333,-0.0016319999999999668,-0.005852999999999997,-0.048959999999999004,-0.1755899999999999,0.18228804047440925,-2.1213481612544602,0.006076268015813642,254.4198621739662,fast
282,167,2,0.591356,0.610372,0.0464552,0.076483,1.0,0.03333333333333333,-0.0020010000000000305,-0.00839499999999993,-0.060030000000000916,-0.2518499999999979,0.25890543331494426,2.2985217852160504,0.008630181110498143,256.5933551404835,fast
283,167,2,0.589599,0.604729,0.0452902,0.0748726,1.0,0.03333333333333333,-0.0017570000000000086,-0.005643000000000065,-0.05271000000000026,-0.16929000000000194,0.17730608618995763,-2.447980413749599,0.005910202872998587,252.70554217975985,fast
284,167,2,0.587823,0.598717,0.0441099,0.0733363,1.0,0.03333333333333333,-0.0017759999999999998,-0.006011999999999906,-0.053279999999999994,-0.1803599999999972,0.18806511638259496,0.32277090577911977,0.006268837212753165,253.54237569945337,fast
285,167,2,0.586325,0.590068,0.0414179,0.06884,1.0,0.03333333333333333,-0.0014979999999999993,-0.008649000000000018,-0.04493999999999998,-0.25947000000000053,0.2633330296411756,2.2580373977574193,0.008777767654705854,260.17389654653147,fast
286,167,2,0.585256,0.584994,0.0399146,0.0661833,1.0,0.03333333333333333,-0.0010689999999999866,-0.005074000000000023,-0.0320699999999996,-0.1522200000000007,0.15556160612439107,-3.233142705503536,0.0051853868708130356,258.102805810054,fast
287,167,2,0.584265,0.580744,0.0399096,0.066058,1.0,0.03333333333333333,-0.0009909999999999641,-0.004249999999999976,-0.029729999999998924,-0.12749999999999928,0.13092029216282614,-0.7392394188469481,0.0043640097387608705,256.8745015046219,fast
288,167,2,0.582471,0.576693,0.039692,0.0658219,1.0,0.03333333333333333,-0.0017940000000000733,-0.004051000000000027,-0.0538200000000022,-0.1215300000000008,0.13291400716252758,0.05981144999104321,0.004430466905417586,246.1136690007769,fast
289,167,2,0.57997,0.570014,0.038061,0.0629584,1.0,0.03333333333333333,-0.0025009999999999755,-0.0066789999999999905,-0.07502999999999926,-0.20036999999999972,0.21395709336219676,2.4312925859900756,0.007131903112073225,249.47122281160455,fast
290,167,2,0.578309,0.564556,0.0371514,0.0616414,1.0,0.03333333333333333,-0.0016610000000000236,-0.005458000000000074,-0.04983000000000071,-0.16374000000000222,0.17115436453681454,-1.2840818647614667,0.005705145484560485,253.0737401152444,fast
291,167,2,0.577219,0.561562,0.0362217,0.0601712,1.0,0.03333333333333333,-0.0010899999999999244,-0.002993999999999941,-0.03269999999999773,-0.08981999999999823,0.0955872501958265,-2.267013430229641,0.0031862416731942168,249.99538490097046,fast
292,167,2,0.576179,0.558477,0.0355162,0.0592724,1.0,0.03333333333333333,-0.001040000000000041,-0.0030850000000000044,-0.031200000000001227,-0.09255000000000013,0.09766750995085367,0.062407792650815,0.0032555836650284557,251.37026297338184,fast
293,167,2,0.574804,0.554549,0.0348519,0.0583614,1.0,0.03333333333333333,-0.001375000000000015,-0.003928000000000043,-0.04125000000000045,-0.11784000000000128,0.12485122386264517,0.8155114173537451,0.004161707462088172,250.70735489077447,fast
294,167,2,0.573919,0.548129,0.033676,0.0563724,1.0,0.03333333333333333,-0.0008850000000000247,-0.006419999999999981,-0.02655000000000074,-0.19259999999999944,0.1944213529939544,2.0871038739392773,0.006480711766465147,262.1512167248553,fast
295,167,2,0.57292,0.54315,0.0336017,0.0563865,1.0,0.03333333333333333,-0.0009989999999999721,-0.004978999999999956,-0.029969999999999164,-0.14936999999999867,0.1523469651814553,-1.2622316343749735,0.005078232172715177,258.65466425280715,fast
296,167,2,0.572363,0.539306,0.0335023,0.0561666,1.0,0.03333333333333333,-0.0005570000000000297,-0.0038440000000000696,-0.01671000000000089,-0.11532000000000209,0.11652436011410022,-1.0746781520206523,0.0038841453371366744,261.7551602105325,fast
297,167,2,0.571296,0.536398,0.0323527,0.0538123,1.0,0.03333333333333333,-0.0010669999999999291,-0.0029079999999999107,-0.032009999999997873,-0.08723999999999732,0.09292716341306989,-0.70791590103091,0.0030975721137689967,249.85096121779625,fast
298,167,2,0.570385,0.532871,0.0323889,0.05367,1.0,0.03333333333333333,-0.0009109999999999951,-0.003527000000000058,-0.027329999999999854,-0.10581000000000174,0.10928259239238589,0.49066286937947984,0.0036427530797461965,255.51742384663635,fast
300,167,2,0.568428,0.526748,0.0308145,0.0508255,2.0,0.06666666666666667,-0.0019569999999999865,-0.0061229999999999896,-0.029354999999999798,-0.09184499999999984,0.09642209316334073,-0.19290748843567734,0.006428139544222716,252.27536293203994,fast
301,167,2,0.568012,0.524271,0.0306102,0.0502469,1.0,0.03333333333333333,-0.00041600000000008297,-0.0024769999999999515,-0.012480000000002489,-0.07430999999999854,0.07535069010964561,-0.6321420916108537,0.0025116896703215206,260.4664237502434,fast
302,167,2,0.566635,0.521562,0.0304785,0.0500367,1.0,0.03333333333333333,-0.0013769999999999616,-0.0027090000000000725,-0.04130999999999885,-0.08127000000000217,0.09116649055437122,0.47447401334176825,0.003038883018479041,243.0555121215043,fast
303,167,2,0.565467,0.518236,0.031181,0.0512854,1.0,0.03333333333333333,-0.0011679999999999469,-0.00332599999999994,-0.035039999999998406,-0.0997799999999982,0.10575372333870581,0.4376169835300377,0.0035251241112901938,250.65012368043648,fast
304,167,2,0.565066,0.514105,0.0308055,0.0506679,1.0,0.03333333333333333,-0.0004010000000000957,-0.004130999999999996,-0.012030000000002872,-0.12392999999999987,0.12451251262423402,0.5627636785658463,0.004150417087474468,264.4556164924292,fast
305,167,2,0.564241,0.511492,0.0297248,0.0490933,1.0,0.03333333333333333,-0.0008249999999999647,-0.0026130000000000875,-0.02474999999999894,-0.07839000000000262,0.08220434660041012,-1.2692449807147168,0.002740144886680337,252.47757991901182,fast
306,167,2,0.563217,0.508702,0.0285969,0.0471414,1.0,0.03333333333333333,-0.0010240000000000249,-0.002789999999999959,-0.030720000000000747,-0.08369999999999878,0.0891594549108497,0.20865324931318735,0.0029719818303616564,249.84559630924946,fast
307,167,2,0.562713,0.50683,0.0275902,0.0452802,1.0,0.03333333333333333,-0.0005039999999999489,-0.0018719999999999848,-0.015119999999998468,-0.056159999999999544,0.058159779917051804,-0.9299902498139369,0.0019386593305683935,254.93151184050913,fast
308,167,2,0.562681,0.504942,0.0279745,0.0458257,1.0,0.03333333333333333,-3.2000000000032e-05,-0.0018880000000000008,-0.0009600000000009601,-0.056640000000000024,0.056648135009018656,-0.045349347240994445,0.0018882711669672883,269.02897806891986,fast
309,167,2,0.561903,0.501664,0.0281209,0.046248,1.0,0.03333333333333333,-0.0007779999999999454,-0.003278000000000003,-0.023339999999998362,-0.0983400000000001,0.10107181209417362,1.3327103125546491,0.0033690604031391207,256.64846831196013,fast
310,167,2,0.560593,0.497872,0.028457,0.0469393,1.0,0.03333333333333333,-0.0013100000000000334,-0.0037920000000000176,-0.039300000000001,-0.11376000000000053,0.12035708371342418,0.5785581485775169,0.004011902790447473,250.9418046286204,fast
311,167,2,0.559887,0.494849,0.027177,0.0444881,1.0,0.03333333333333333,-0.0007059999999999844,-0.003022999999999998,-0.021179999999999533,-0.09068999999999994,0.09313038440809729,-0.8168009791598069,0.003104346146936576,256.85459426759144,fast
312,167,2,0.560337,0.493229,0.0273588,0.0440572,1.0,0.03333333333333333,0.00044999999999995044,-0.0016200000000000103,0.013499999999998513,-0.04860000000000031,0.05044016256912729,-1.2807066551691,0.001681338752304243,285.52411099675254,fast
313,167,2,0.560312,0.491128,0.0280415,0.0446741,1.0,0.03333333333333333,-2.4999999999941735e-05,-0.002100999999999964,-0.0007499999999982521,-0.06302999999999892,0.06303446200293822,0.3778289830143278,0.0021011487334312738,269.3182642122571,fast
314,167,2,0.559812,0.489083,0.0272715,0.0432942,1.0,0.03333333333333333,-0.000500000000000056,-0.002045000000000019,-0.015000000000001679,-0.06135000000000057,0.06315712548873738,0.003679904573974796,0.002105237516291246,256.26079420247845,fast
315,167,2,0.558707,0.486519,0.0271508,0.0431395,1.0,0.03333333333333333,-0.0011050000000000226,-0.0025640000000000107,-0.03315000000000068,-0.07692000000000032,0.08375923173000153,0.6180631872379247,0.002791974391000051,246.6855408337401,fast
316,167,2,0.558107,0.484618,0.0274219,0.0436139,1.0,0.03333333333333333,-0.0005999999999999339,-0.001900999999999986,-0.017999999999998018,-0.05702999999999958,0.05980318469780586,-0.7186814109658703,0.0019934394899268617,252.48308679570562,fast
317,167,2,0.557221,0.481572,0.0267235,0.0424832,1.0,0.03333333333333333,-0.0008860000000000534,-0.003045999999999993,-0.026580000000001602,-0.0913799999999998,0.09516722545078242,1.060921222589297,0.0031722408483594138,253.7816982324391,fast
318,167,2,0.556442,0.477937,0.0272655,0.0436303,1.0,0.03333333333333333,-0.0007789999999999742,-0.0036349999999999993,-0.023369999999999225,-0.10904999999999998,0.11152604807846443,0.4907646788304604,0.0037175349359488143,257.90416648096624,fast
319,167,2,0.555732,0.476069,0.0269471,0.0432126,1.0,0.03333333333333333,-0.0007099999999999884,-0.0018679999999999808,-0.021299999999999653,-0.056039999999999424,0.05995141032536199,-1.5472391325930732,0.001998380344178733,249.1889207822627,fast
320,167,2,0.554763,0.474083,0.0270828,0.0432605,1.0,0.03333333333333333,-0.0009689999999999976,-0.0019860000000000433,-0.02906999999999993,-0.0595800000000013,0.06629359923854,0.19026566739534034,0.0022097866412846665,243.9915387653908,fast
321,167,2,0.554417,0.471871,0.0267559,0.0426378,1.0,0.03333333333333333,-0.00034599999999995745,-0.0022119999999999918,-0.010379999999998724,-0.06635999999999975,0.06716691149665839,0.026199367743551666,0.002238897049888613,261.10985924113095,fast
322,167,2,0.554167,0.470245,0.0268954,0.0427898,1.0,0.03333333333333333,-0.0002500000000000835,-0.0016259999999999608,-0.007500000000002505,-0.048779999999998824,0.04935320050412053,-0.5344113297761358,0.0016451066834706843,261.25913358542675,fast
323,167,2,0.553871,0.469102,0.0266469,0.0422558,1.0,0.03333333333333333,-0.00029599999999996296,-0.0011430000000000051,-0.008879999999998889,-0.034290000000000154,0.03542115893078586,-0.41796124720004013,0.0011807052976928619,255.48120283106346,fast
324,167,2,0.553623,0.467912,0.0264817,0.0419042,1.0,0.03333333333333333,-0.000248000000000026,-0.0011900000000000244,-0.007440000000000779,-0.03570000000000073,0.03646702071735589,0.031375853597101,0.0012155673572451964,258.2278657136544,fast
325,167,2,0.553566,0.465716,0.0268664,0.0424643,1.0,0.03333333333333333,-5.699999999997374e-05,-0.0021959999999999757,-0.0017099999999992122,-0.06587999999999927,0.06590218888625704,0.8830550450670345,0.0021967396295419013,268.51314831776534,fast
326,167,2,0.553351,0.464019,0.0266895,0.0422805,1.0,0.03333333333333333,-0.00021499999999996522,-0.001697000000000004,-0.006449999999998957,-0.05091000000000012,0.05131696210805935,-0.43755680334593083,0.0017105654036019783,262.77942845517293,fast
327,167,2,0.553318,0.462403,0.0265828,0.0422209,1.0,0.03333333333333333,-3.300000000006076e-05,-0.0016160000000000063,-0.0009900000000018228,-0.04848000000000019,0.04849010723848755,-0.084805646087154,0.0016163369079495848,268.8301373957797,fast
274,186,2,0.452232,0.418898,0.016775,0.0265981,,,,,0.0,0.0,0.0,0.0,0.0,0.0,stationary
275,186,2,0.452035,0.419031,0.0169334,0.026818,1.0,0.03333333333333333,-0.00019700000000000273,0.00013299999999999423,-0.005910000000000082,0.003989999999999827,0.007130792382337294,0.0,0.00023769307941124313,145.97565517281407,slow
276,186,2,0.451862,0.418736,0.0172856,0.027334,1.0,0.03333333333333333,-0.00017300000000003424,-0.0002949999999999897,-0.005190000000001027,-0.008849999999999691,0.01025956139413402,0.09386307035390175,0.00034198537980446734,239.6109060382196,moving
280,192,2,0.484089,0.40876,0.0221144,0.0340201,,,,,0.0,0.0,0.0,0.0,0.0,0.0,stationary
281,192,2,0.482989,0.409812,0.0214207,0.0329545,1.0,0.03333333333333333,-0.0010999999999999899,0.0010519999999999974,-0.032999999999999696,0.03155999999999992,0.04566216814826005,0.0,0.0015220722716086685,136.27776090762836,fast
282,192,2,0.482816,0.409625,0.0226891,0.0349456,1.0,0.03333333333333333,-0.00017299999999997873,-0.00018699999999999273,-0.005189999999999362,-0.005609999999999782,0.00764252576050555,-1.1405892716326351,0.0002547508586835183,227.22704696741596,slow
283,192,2,0.482716,0.408818,0.0243133,0.037568,1.0,0.03333333333333333,-0.0001000000000000445,-0.0008070000000000022,-0.003000000000001335,-0.024210000000000065,0.024395165504665285,0.502579192324792,0.0008131721834888429,262.93615971945695,moving
284,192,2,0.482883,0.408496,0.0251052,0.0388776,1.0,0.03333333333333333,0.00016700000000002824,-0.00032199999999998896,0.005010000000000847,-0.009659999999999669,0.01088189781242234,-0.40539803076728836,0.00036272992708074464,297.412769036387,moving
285,192,2,0.482352,0.409061,0.0248475,0.0386412,1.0,0.03333333333333333,-0.0005310000000000037,0.0005649999999999822,-0.01593000000000011,0.016949999999999465,0.023260855530267698,0.37136873153536076,0.0007753618510089233,133.22314602675107,moving
286,192,2,0.481975,0.409603,0.0256726,0.0402057,1.0,0.03333333333333333,-0.0003770000000000162,0.0005419999999999869,-0.011310000000000486,0.016259999999999608,0.019806657971500347,-0.10362592676302053,0.0006602219323833449,124.82139175294424,moving
287,192,2,0.482053,0.409493,0.0267632,0.0422344,1.0,0.03333333333333333,7.80000000000225e-05,-0.00010999999999999899,0.002340000000000675,-0.0032999999999999696,0.004045441879449383,-0.47283648276152895,0.00013484806264831277,305.34010692156573,slow
288,192,2,0.482377,0.409958,0.0265057,0.0419081,1.0,0.03333333333333333,0.00032399999999999096,0.0004649999999999932,0.009719999999999729,0.013949999999999796,0.017002379245270028,0.3887081209746193,0.0005667459748423343,55.13221156580511,moving
289,192,2,0.482329,0.410819,0.0261266,0.0413227,1.0,0.03333333333333333,-4.799999999999249e-05,0.0008610000000000007,-0.0014399999999997748,0.02583000000000002,0.025870108233248666,0.26603186963935915,0.0008623369411082889,93.19088681202925,moving
290,192,2,0.481791,0.411028,0.0265483,0.0420863,1.0,0.03333333333333333,-0.0005379999999999829,0.00020900000000001473,-0.016139999999999488,0.006270000000000442,0.017315094570922476,-0.2566504098697857,0.0005771698190307492,158.77005456357574,moving
291,192,2,0.481673,0.411232,0.0271032,0.0430269,1.0,0.03333333333333333,-0.00011800000000000699,0.00020399999999998197,-0.0035400000000002096,0.006119999999999459,0.007070077793065283,-0.3073505033357158,0.00023566925976884279,120.04643524681416,slow
292,192,2,0.481458,0.411542,0.0280481,0.0446908,1.0,0.03333333333333333,-0.00021500000000002073,0.00031000000000003247,-0.006450000000000622,0.009300000000000974,0.011317795721783732,0.12743153786155348,0.00037725985739279106,124.7431801583034,moving
293,192,2,0.481407,0.41245,0.0283625,0.0452303,1.0,0.03333333333333333,-5.100000000002325e-05,0.0009079999999999644,-0.0015300000000006975,0.02723999999999893,0.027282934226361064,0.4789541551373199,0.0009094311408787021,93.21477722105999,moving
294,192,2,0.480855,0.414639,0.0275351,0.0437292,1.0,0.03333333333333333,-0.0005519999999999969,0.0021889999999999965,-0.016559999999999908,0.0656699999999999,0.06772578903194841,1.2132856441676205,0.002257526301064947,104.15319859241725,fast
295,192,2,0.480844,0.414373,0.0292269,0.0466305,1.0,0.03333333333333333,-1.0999999999983245e-05,-0.00026599999999998847,-0.00032999999999949736,-0.007979999999999654,0.007986820393623119,-1.7921690591497588,0.00026622734645410397,267.6319748992926,slow
296,192,2,0.480505,0.414226,0.0301321,0.0485338,1.0,0.03333333333333333,-0.0003389999999999782,-0.00014700000000000824,-0.010169999999999346,-0.004410000000000247,0.011084989851145055,0.0929450837256581,0.0003694996617048352,203.4429207149648,moving
297,192,2,0.479711,0.414807,0.0286205,0.0466065,1.0,0.03333333333333333,-0.0007940000000000169,0.0005809999999999982,-0.023820000000000507,0.017429999999999946,0.02951605156520808,0.5529318514218907,0.000983868385506936,143.80564641203551,moving
298,192,2,0.479691,0.41469,0.0296555,0.0488555,1.0,0.03333333333333333,-2.0000000000020002e-05,-0.00011699999999997823,-0.0006000000000006,-0.003509999999999347,0.003560912804323652,-0.7786541628265329,0.00011869709347745507,260.2996080560429,slow
299,192,2,0.479204,0.41593,0.0291965,0.0486344,1.0,0.03333333333333333,-0.0004869999999999597,0.0012400000000000189,-0.01460999999999879,0.037200000000000566,0.039966136916144486,1.0921567233546252,0.0013322045638714827,111.44201775741783,fast
300,192,2,0.47878,0.417569,0.0280818,0.0470156,1.0,0.03333333333333333,-0.00042400000000003546,0.0016390000000000016,-0.012720000000001064,0.04917000000000005,0.05078865326034971,0.3246754903261567,0.0016929551086783238,104.50412123852186,fast
301,192,2,0.479084,0.417563,0.0286915,0.0482792,1.0,0.03333333333333333,0.00030400000000002647,-6.0000000000060005e-06,0.009120000000000794,-0.00018000000000018002,0.00912177614283614,-1.2500063135254071,0.0003040592047612046,358.869309048761,slow
302,192,2,0.478343,0.418718,0.028466,0.0482316,1.0,0.03333333333333333,-0.0007409999999999917,0.0011549999999999616,-0.02222999999999975,0.03464999999999885,0.041167892829241444,0.9613835005921593,0.0013722630943080482,122.68254397294038,fast
303,192,2,0.478973,0.419355,0.0296106,0.0501853,1.0,0.03333333333333333,0.0006299999999999639,0.0006369999999999987,0.018899999999998918,0.01910999999999996,0.026877538949836115,-0.42871061638215985,0.0008959179649945373,45.31654804727458,moving
304,192,2,0.478935,0.420291,0.0301755,0.0509579,1.0,0.03333333333333333,-3.799999999998249e-05,0.0009360000000000479,-0.0011399999999994748,0.028080000000001437,0.028103131498110303,0.036767776448225625,0.0009367710499370101,92.32483398741863,moving
305,192,2,0.477408,0.421601,0.0288671,0.0486718,1.0,0.03333333333333333,-0.0015270000000000006,0.0013099999999999778,-0.04581000000000002,0.039299999999999335,0.0603576515447706,0.9676356013998089,0.0020119217181590204,139.37399425425292,fast
306,192,2,0.477369,0.421685,0.0300039,0.0503651,1.0,0.03333333333333333,-3.900000000001125e-05,8.399999999997299e-05,-0.0011700000000003374,0.0025199999999991896,0.0027783628272773707,-1.727378661524797,9.261209424257902e-05,114.90476880810854,slow
307,192,2,0.475816,0.422353,0.0298102,0.0503096,1.0,0.03333333333333333,-0.001552999999999971,0.0006680000000000019,-0.04658999999999913,0.020040000000000058,0.05071715390279626,1.4381637322655667,0.0016905717967598752,156.72575685057086,fast
308,192,7,0.476236,0.41925,0.0312902,0.0530335,1.0,0.03333333333333333,0.00041999999999997595,-0.003102999999999967,0.012599999999999278,-0.093089999999999,0.09393885298426737,1.296650972444133,0.003131295099475579,277.708303729663,fast
281,194,2,0.239742,0.692312,0.0895835,0.156255,,,,,0.0,0.0,0.0,0.0,0.0,0.0,stationary
282,194,7,0.232179,0.702258,0.0945997,0.16494,1.0,0.03333333333333333,-0.007563000000000014,0.00994600000000001,-0.22689000000000042,0.2983800000000003,0.37484623047324406,0.0,0.012494874349108134,127.24958335802717,fast
283,194,7,0.222901,0.715652,0.0976766,0.170182,1.0,0.03333333333333333,-0.009278000000000008,0.013393999999999906,-0.27834000000000025,0.4018199999999972,0.48880718898150205,3.41882875524774,0.01629357296605007,124.71027678417806,fast
284,194,7,0.213893,0.727415,0.10103,0.175827,1.0,0.03333333333333333,-0.009007999999999988,0.011763000000000079,-0.27023999999999965,0.35289000000000237,0.4444783568409169,-1.3298649642175542,0.014815945228030565,127.44456874908775,fast
285,194,2,0.203501,0.744643,0.107311,0.186591,1.0,0.03333333333333333,-0.010392000000000012,0.01722800000000002,-0.31176000000000037,0.5168400000000006,0.6035875108051864,4.773274618928084,0.02011958369350621,121.09855149585076,fast
286,194,2,0.192268,0.757995,0.11078,0.192128,1.0,0.03333333333333333,-0.011232999999999993,0.01335199999999992,-0.3369899999999998,0.4005599999999976,0.5234601930424108,-2.403819532883268,0.01744867310141369,130.07380740702905,fast
287,194,2,0.181241,0.773601,0.114905,0.198608,1.0,0.03333333333333333,-0.011026999999999981,0.015606000000000009,-0.33080999999999944,0.46818000000000026,0.5732606462160121,1.4940135952080413,0.019108688207200405,125.24453866585588,fast
288,194,2,0.168733,0.789529,0.120834,0.208054,1.0,0.03333333333333333,-0.012508000000000019,0.015928000000000053,-0.3752400000000006,0.4778400000000016,0.607565735702732,1.0291526846015953,0.020252191190091067,128.14197228956186,fast
289,194,2,0.155461,0.81029,0.130858,0.225141,1.0,0.03333333333333333,-0.013272000000000006,0.02076099999999992,-0.3981600000000002,0.6228299999999976,0.7392216139291363,3.9496763467921303,0.024640720464304544,122.58978738527583,fast
290,194,2,0.141531,0.829212,0.136824,0.234455,1.0,0.03333333333333333,-0.013929999999999998,0.018921999999999994,-0.41789999999999994,0.5676599999999998,0.704895939554201,-1.0297702312480583,0.023496531318473367,126.35976126534729,fast
291,194,2,0.126117,0.852009,0.147021,0.25133,1.0,0.03333333333333333,-0.015413999999999983,0.022797000000000067,-0.4624199999999995,0.683910000000002,0.8255695879209712,3.620209451003106,0.027518986264032378,124.06426135232516,fast
292,194,2,0.109518,0.869474,0.150107,0.254334,1.0,0.03333333333333333,-0.016599000000000003,0.017464999999999953,-0.4979700000000001,0.5239499999999986,0.7228400399811832,-3.0818864381936417,0.024094667999372776,133.54369834591176,fast
293,194,2,0.0920384,0.879718,0.147351,0.240564,1.0,0.03333333333333333,-0.017479599999999998,0.01024400000000003,-0.524388,0.3073200000000009,0.6078061837000348,-3.451015688434451,0.020260206123334495,149.62736865509305,fast
294,194,2,0.0803728,0.889638,0.139265,0.220724,1.0,0.03333333333333333,-0.011665600000000012,0.00992000000000004,-0.3499680000000004,0.2976000000000012,0.45939455920156586,-4.452348734954069,0.015313151973385527,139.62337570988507,fast
295,194,2,0.0741852,0.899212,0.12889,0.201576,1.0,0.03333333333333333,-0.0061875999999999876,0.009573999999999971,-0.18562799999999963,0.28721999999999914,0.34198403878543715,-3.5223156124838613,0.011399467959514572,122.87426439850645,fast
283,197,2,0.414969,0.462193,0.0250613,0.0302824,,,,,0.0,0.0,0.0,0.0,0.0,0.0,stationary
284,197,2,0.41466,0.463441,0.0267195,0.0322986,1.0,0.03333333333333333,-0.0003090000000000037,0.0012479999999999714,-0.009270000000000111,0.03743999999999914,0.03857053927546175,0.0,0.0012856846425153916,103.90654186828078,fast
285,197,2,0.413599,0.464115,0.0287368,0.0348111,1.0,0.03333333333333333,-0.0010609999999999786,0.0006740000000000079,-0.03182999999999936,0.020220000000000238,0.03770937946983441,-0.025834794168820285,0.001256979315661147,147.5742555691454,fast
286,197,2,0.412872,0.46533,0.0300891,0.0366456,1.0,0.03333333333333333,-0.0007269999999999777,0.0012150000000000216,-0.02180999999999933,0.03645000000000065,0.04247680072698529,0.14302263771452656,0.0014158933575661764,120.89435760826717,fast
287,197,2,0.411976,0.466561,0.0309972,0.0379601,1.0,0.03333333333333333,-0.0008960000000000079,0.0012309999999999821,-0.026880000000000237,0.03692999999999946,0.04567668223503074,0.09599644524136343,0.0015225560745010247,126.04950705709729,fast
288,197,2,0.41103,0.468504,0.0300844,0.0369417,1.0,0.03333333333333333,-0.0009460000000000024,0.0019429999999999725,-0.028380000000000072,0.058289999999999176,0.06483169363821917,0.5746503420956528,0.002161056454607306,115.9603375480749,fast
289,197,2,0.40994,0.47001,0.0294937,0.0361452,1.0,0.03333333333333333,-0.0010899999999999799,0.0015060000000000073,-0.032699999999999396,0.04518000000000022,0.055772057519872624,-0.2717890835503963,0.001859068583995754,125.89595088317691,fast
290,197,2,0.409352,0.471122,0.0304269,0.0372724,1.0,0.03333333333333333,-0.0005880000000000329,0.0011120000000000019,-0.017640000000000988,0.033360000000000056,0.03773670891850585,-0.5410604580410032,0.001257890297283528,117.86885520611071,fast
291,197,2,0.408426,0.472586,0.0304016,0.0372719,1.0,0.03333333333333333,-0.0009259999999999824,0.0014640000000000208,-0.027779999999999472,0.043920000000000625,0.05196820951312471,0.42694501783856587,0.0017322736504374904,122.31391214353869,fast
292,197,2,0.406014,0.473635,0.0307962,0.0380107,1.0,0.03333333333333333,-0.0024120000000000252,0.0010489999999999666,-0.07236000000000076,0.031469999999999,0.07890710044096189,0.8081667278351152,0.0026302366813653957,156.49535436687256,fast
293,197,2,0.404586,0.474449,0.0314709,0.0391528,1.0,0.03333333333333333,-0.0014279999999999848,0.0008140000000000369,-0.042839999999999545,0.024420000000001107,0.04931127660079401,-0.8878747152050362,0.001643709220026467,150.31564848080825,fast
294,197,2,0.402543,0.477128,0.0297251,0.0368481,1.0,0.03333333333333333,-0.002043000000000017,0.002678999999999987,-0.06129000000000051,0.08036999999999961,0.10107324571814244,1.5528590735204528,0.003369108190604748,127.32907037606259,fast
295,197,2,0.400815,0.478736,0.028848,0.0358376,1.0,0.03333333333333333,-0.0017280000000000073,0.0016079999999999983,-0.05184000000000022,0.04823999999999995,0.07081301575275564,-0.9078068989616039,0.0023604338584251876,137.06011102372327,fast
296,197,2,0.400084,0.481134,0.0287184,0.0356814,1.0,0.03333333333333333,-0.0007309999999999817,0.0023980000000000112,-0.02192999999999945,0.07194000000000034,0.07520830073868193,0.13185854957778853,0.0025069433579560643,106.95318023315599,fast
297,197,2,0.39902,0.483534,0.0288249,0.0359784,1.0,0.03333333333333333,-0.0010640000000000094,0.0024000000000000132,-0.03192000000000028,0.0720000000000004,0.07875840526572435,0.10650313581127266,0.0026252801755241445,113.90930602619522,fast
298,197,2,0.397482,0.486669,0.0286998,0.0357719,1.0,0.03333333333333333,-0.0015379999999999838,0.003134999999999999,-0.046139999999999515,0.09404999999999997,0.10475830325086383,0.7799969395541844,0.0034919434416954614,116.1321123125852,fast
299,197,2,0.396031,0.488902,0.0295908,0.037036,1.0,0.03333333333333333,-0.00145099999999998,0.002232999999999985,-0.0435299999999994,0.06698999999999955,0.07989068155923998,-0.7460286507487155,0.0026630227186413328,123.01574983446454,fast
300,197,2,0.394506,0.490004,0.0302058,0.0381393,1.0,0.03333333333333333,-0.0015249999999999986,0.0011019999999999919,-0.04574999999999996,0.033059999999999756,0.05644489436609816,-0.7033736157942545,0.0018814964788699388,144.14726054725202,fast
301,197,2,0.392211,0.491807,0.0298894,0.0377869,1.0,0.03333333333333333,-0.002295000000000047,0.001802999999999999,-0.06885000000000141,0.05408999999999997,0.0875559855178399,0.9333327345522522,0.0029185328505946634,141.84608129205242,fast
302,197,2,0.3918,0.49411,0.0322024,0.040489,1.0,0.03333333333333333,-0.0004109999999999947,0.0023029999999999995,-0.012329999999999841,0.06908999999999998,0.07018160015274653,-0.521231560952801,0.0023393866717582182,100.11864405571765,fast
303,197,2,0.38935,0.495812,0.0320784,0.0404535,1.0,0.03333333333333333,-0.0024500000000000077,0.0017019999999999813,-0.07350000000000023,0.05105999999999944,0.08949510377668701,0.5794051087182144,0.002983170125889567,145.21252804367555,fast
304,197,2,0.387637,0.497808,0.0325467,0.0413273,1.0,0.03333333333333333,-0.0017129999999999646,0.0019959999999999978,-0.05138999999999894,0.05987999999999993,0.07890846912721018,-0.31759903948430496,0.0026302823042403394,130.63673532884252,fast
305,197,2,0.385757,0.499411,0.0330631,0.0422899,1.0,0.03333333333333333,-0.0018799999999999928,0.001603000000000021,-0.056399999999999784,0.04809000000000063,0.07411887816204477,-0.14368772895496248,0.002470629272068159,139.54711361872432,fast
306,197,2,0.383728,0.50114,0.0326866,0.0421381,1.0,0.03333333333333333,-0.002029000000000003,0.001729000000000036,-0.06087000000000009,0.05187000000000108,0.07997283163675101,0.17561860424118725,0.002665761054558367,139.56422551729366,fast
307,197,2,0.381574,0.504498,0.0330263,0.0430473,1.0,0.03333333333333333,-0.0021539999999999893,0.003357999999999972,-0.06461999999999968,0.10073999999999916,0.11968413428687943,1.1913390795038528,0.003989471142895981,122.67827395121816,fast
308,197,2,0.380543,0.505847,0.0354058,0.0466789,1.0,0.03333333333333333,-0.0010310000000000041,0.0013490000000000446,-0.030930000000000124,0.04047000000000134,0.05093609525670491,-2.062441170905236,0.0016978698418901636,127.38958830851402,fast
309,197,2,0.379389,0.508831,0.0336407,0.04428,1.0,0.03333333333333333,-0.0011540000000000439,0.0029839999999999867,-0.034620000000001316,0.0895199999999996,0.09598111689285564,1.351350649084522,0.003199370563095188,111.14294275239138,fast
310,197,2,0.378627,0.511186,0.0335343,0.0440063,1.0,0.03333333333333333,-0.0007619999999999849,0.002354999999999996,-0.022859999999999547,0.07064999999999988,0.0742563270031582,-0.651743696690923,0.0024752109001052736,107.92986304580461,fast
311,197,2,0.376533,0.513265,0.0353774,0.0465131,1.0,0.03333333333333333,-0.0020939999999999848,0.002078999999999942,-0.06281999999999954,0.06236999999999826,0.08852326982211924,0.4280082845688309,0.002950775660737308,135.20595087256697,fast
313,197,2,0.371151,0.518877,0.0350463,0.0464656,2.0,0.06666666666666667,-0.005381999999999998,0.005612000000000061,-0.08072999999999997,0.08418000000000092,0.11663449446883263,0.42166836970070093,0.007775632964588842,133.80151834988118,fast
314,197,2,0.368125,0.521293,0.0353863,0.0474392,1.0,0.03333333333333333,-0.0030260000000000287,0.0024159999999999737,-0.09078000000000086,0.07247999999999921,0.11616522199006053,-0.014078174363162943,0.0038721740663353508,141.39565267512057,fast
315,197,2,0.365791,0.523914,0.0356134,0.0481189,1.0,0.03333333333333333,-0.0023340000000000027,0.0026209999999999845,-0.07002000000000008,0.07862999999999953,0.10528759328619844,-0.32632886111586284,0.0035095864428732813,131.6850582082185,fast
316,197,2,0.364383,0.525928,0.03897,0.0534849,1.0,0.03333333333333333,-0.0014079999999999648,0.0020139999999999603,-0.042239999999998945,0.06041999999999881,0.07372105533699153,-0.9469961384762074,0.002457368511233051,124.95763815070404,fast
317,197,2,0.362603,0.52844,0.0379942,0.0520866,1.0,0.03333333333333333,-0.0017800000000000038,0.0025120000000000697,-0.053400000000000114,0.07536000000000209,0.09236173233542302,0.559220309952945,0.0030787244111807675,125.32133771032505,fast
318,197,2,0.36054,0.531761,0.0395013,0.0545069,1.0,0.03333333333333333,-0.0020629999999999815,0.0033210000000000184,-0.061889999999999445,0.09963000000000055,0.11728814518100301,0.7477923853673997,0.003909604839366767,121.84848547020749,fast
319,197,2,0.358179,0.534339,0.0404251,0.0564604,1.0,0.03333333333333333,-0.002361000000000002,0.002577999999999969,-0.07083000000000006,0.07733999999999908,0.10487308758685358,-0.37245172782448294,0.003495769586228453,132.48426945198537,fast
320,197,2,0.35478,0.538414,0.0393147,0.055533,1.0,0.03333333333333333,-0.003399000000000041,0.00407499999999994,-0.10197000000000123,0.1222499999999982,0.15919467139323415,1.629647514191417,0.005306489046441138,129.83183770426945,fast
321,197,2,0.351953,0.542311,0.0387275,0.055229,1.0,0.03333333333333333,-0.0028269999999999684,0.0038970000000000393,-0.08480999999999905,0.11691000000000118,0.14443228240251593,-0.4428716697215465,0.004814409413417198,125.95825064507022,fast
322,197,2,0.350521,0.5452,0.0388175,0.0553741,1.0,0.03333333333333333,-0.0014319999999999888,0.0028890000000000304,-0.042959999999999665,0.08667000000000091,0.0967328822066216,-1.4309820058768299,0.0032244294068873866,116.3663842218275,fast
323,197,2,0.347752,0.549513,0.0394748,0.0561432,1.0,0.03333333333333333,-0.0027690000000000214,0.004313000000000011,-0.08307000000000064,0.12939000000000034,0.1537608435200594,1.7108388394031337,0.005125361450668647,122.7009709187555,fast
324,197,2,0.343983,0.551778,0.039802,0.0568796,1.0,0.03333333333333333,-0.0037690000000000223,0.0022649999999999615,-0.11307000000000067,0.06794999999999884,0.13191674419875588,-0.6553229796391056,0.004397224806625196,148.99602022838695,fast
325,197,2,0.341423,0.555026,0.0398847,0.0572119,1.0,0.03333333333333333,-0.0025600000000000067,0.0032480000000000286,-0.0768000000000002,0.09744000000000086,0.12406769764930836,-0.2354713964834254,0.004135589921643612,128.24437785796346,fast
326,197,2,0.338541,0.560083,0.0416986,0.0604566,1.0,0.03333333333333333,-0.0028819999999999957,0.005056999999999978,-0.08645999999999987,0.15170999999999935,0.17461745531303502,1.5164927299117998,0.005820581843767833,119.67894972816384,fast
327,197,2,0.336173,0.563633,0.043289,0.0630729,1.0,0.03333333333333333,-0.0023679999999999812,0.003550000000000053,-0.07103999999999944,0.1065000000000016,0.12801926261309374,-1.3979457809982385,0.004267308753769791,123.70496308771641,fast
328,197,2,0.333841,0.56873,0.0434298,0.063058,1.0,0.03333333333333333,-0.0023320000000000007,0.005096999999999907,-0.06996000000000002,0.15290999999999721,0.16815430324555822,1.2040512189739345,0.005605143441518607,114.58523338107182,fast
329,197,2,0.3298,0.573265,0.043594,0.0634217,1.0,0.03333333333333333,-0.004041000000000017,0.004535000000000067,-0.1212300000000005,0.136050000000002,0.18222600088900778,0.42215092930348697,0.006074200029633593,131.70325649145826,fast
330,197,2,0.327,0.578355,0.044282,0.0643304,1.0,0.03333333333333333,-0.002799999999999969,0.005089999999999928,-0.08399999999999908,0.15269999999999784,0.17427934473138,-0.23839968472883388,0.005809311491045999,118.81511469164616,fast
331,197,2,0.32359,0.582206,0.0444336,0.0646558,1.0,0.03333333333333333,-0.003410000000000024,0.003851000000000049,-0.10230000000000072,0.11553000000000146,0.15431289933119813,-0.5989933620054558,0.005143763311039938,131.5243852688065,fast
332,197,2,0.320528,0.587217,0.0453292,0.0657644,1.0,0.03333333333333333,-0.003062000000000009,0.005010999999999988,-0.09186000000000027,0.15032999999999963,0.17617425606484036,0.6558407020092669,0.005872475202161345,121.42725306319664,fast
333,197,2,0.317509,0.591214,0.046552,0.0674389,1.0,0.03333333333333333,-0.003018999999999994,0.003997000000000028,-0.09056999999999982,0.11991000000000085,0.15027086543971246,-0.7771017187538368,0.005009028847990415,127.06435252944692,fast
334,197,2,0.313576,0.597182,0.0488926,0.0708021,1.0,0.03333333333333333,-0.003932999999999964,0.005967999999999973,-0.11798999999999893,0.1790399999999992,0.21442239085505846,1.92454576246038,0.007147413028501949,123.38547117963833,fast
335,197,2,0.309909,0.603093,0.0499228,0.0721944,1.0,0.03333333333333333,-0.0036670000000000313,0.005911,-0.11001000000000094,0.17733,0.20868188469534243,-0.17221518479148074,0.006956062823178082,121.81417388922739,fast
336,197,2,0.305701,0.60885,0.0524169,0.0757768,1.0,0.03333333333333333,-0.0042079999999999895,0.005757000000000012,-0.12623999999999969,0.17271000000000036,0.21392821623152017,0.15738994608533202,0.007130940541050672,126.16442316802863,fast
337,197,2,0.301163,0.614845,0.0539694,0.0778332,1.0,0.03333333333333333,-0.0045379999999999865,0.005994999999999973,-0.1361399999999996,0.17984999999999918,0.22556622553032976,0.3491402789642878,0.0075188741843443254,127.1244151816561,fast
338,197,2,0.296968,0.621121,0.0561503,0.0810504,1.0,0.03333333333333333,-0.004195000000000004,0.006276000000000059,-0.12585000000000013,0.18828000000000178,0.22646761556567135,0.02704170106024778,0.007548920518855712,123.75953478284873,fast
339,197,2,0.292284,0.627741,0.0584094,0.0844373,1.0,0.03333333333333333,-0.0046840000000000215,0.006619999999999959,-0.14052000000000064,0.19859999999999878,0.2432854915526195,0.5045362796084444,0.008109516385087317,125.2814254408263,fast
340,197,2,0.288082,0.634937,0.0583213,0.0841787,1.0,0.03333333333333333,-0.0042019999999999835,0.00719599999999998,-0.1260599999999995,0.2158799999999994,0.24999059582312216,0.20115312811507996,0.008333019860770738,120.28217339294292,fast
341,197,2,0.283598,0.642249,0.0616287,0.0893109,1.0,0.03333333333333333,-0.004483999999999988,0.007311999999999985,-0.13451999999999964,0.21935999999999956,0.2573216664021895,0.21993211737202034,0.008577388880072983,121.51822929040992,fast
342,197,2,0.278065,0.650115,0.0640434,0.0929566,1.0,0.03333333333333333,-0.00553300000000001,0.00786600000000004,-0.1659900000000003,0.2359800000000012,0.28851211499692814,0.9357134578421589,0.009617070499897604,125.12282445299581,fast
343,197,2,0.273028,0.657932,0.0648368,0.0944434,1.0,0.03333333333333333,-0.005037000000000014,0.007816999999999963,-0.1511100000000004,0.23450999999999889,0.2789788024205416,-0.2859993772915953,0.009299293414018054,122.7963087748899,fast
344,197,2,0.267933,0.66505,0.0681556,0.0995357,1.0,0.03333333333333333,-0.005095000000000016,0.007118000000000069,-0.15285000000000049,0.21354000000000206,0.26260703360725324,-0.4911530643986517,0.008753567786908441,125.59474452472034,fast
345,197,2,0.262078,0.673392,0.0689083,0.100499,1.0,0.03333333333333333,-0.005854999999999999,0.00834199999999996,-0.17564999999999997,0.2502599999999988,0.3057498816025926,1.2942854398601806,0.01019166272008642,125.06386728604849,fast
346,197,2,0.256253,0.68242,0.0732112,0.107194,1.0,0.03333333333333333,-0.005824999999999969,0.009028000000000036,-0.17474999999999907,0.2708400000000011,0.322322614937271,0.49718200004035207,0.0107440871645757,122.83071007112278,fast
347,197,2,0.24941,0.69176,0.0753375,0.110371,1.0,0.03333333333333333,-0.006843000000000016,0.009340000000000015,-0.20529000000000047,0.28020000000000045,0.34735576013649244,0.7509943559766435,0.011578525337883078,126.22856484483185,fast
348,197,2,0.243073,0.700972,0.0775118,0.113872,1.0,0.03333333333333333,-0.0063369999999999815,0.009211999999999998,-0.19010999999999945,0.27635999999999994,0.3354350335012724,-0.3576217990566011,0.011181167783375747,124.52435791405333,fast
349,197,2,0.235859,0.711696,0.0801624,0.117923,1.0,0.03333333333333333,-0.007213999999999998,0.010723999999999956,-0.21641999999999995,0.3217199999999987,0.3877387971302319,1.569112908868785,0.01292462657100773,123.92859364210574,fast
350,197,2,0.228414,0.724001,0.0818605,0.120307,1.0,0.03333333333333333,-0.007445000000000007,0.01230500000000001,-0.22335000000000022,0.3691500000000003,0.43145908844292563,1.3116087393808118,0.014381969614764189,121.17555728027844,fast
351,197,2,0.220771,0.736222,0.0845393,0.124154,1.0,0.03333333333333333,-0.007643000000000011,0.012221000000000037,-0.22929000000000033,0.3666300000000011,0.4324250929351822,0.028980134767697674,0.014414169764506074,122.02181566905097,fast
352,197,2,0.21213,0.748253,0.0878684,0.12887,1.0,0.03333333333333333,-0.008640999999999982,0.012030999999999903,-0.25922999999999946,0.3609299999999971,0.444376707085326,0.35854842450431357,0.0148125569028442,125.68696249754436,fast
353,197,2,0.203832,0.761867,0.0924508,0.135754,1.0,0.03333333333333333,-0.008298,0.013614000000000015,-0.24894,0.40842000000000045,0.4783074534230053,1.0179223901303787,0.015943581780766842,121.36312686719538,fast
354,197,2,0.193789,0.776021,0.0956227,0.140224,1.0,0.03333333333333333,-0.010043000000000024,0.014154,-0.3012900000000007,0.42462,0.520651331026821,1.2703163281144725,0.017355044367560704,125.35768521231932,fast
355,197,2,0.183824,0.79275,0.102153,0.150005,1.0,0.03333333333333333,-0.009965000000000002,0.016728999999999994,-0.29895000000000005,0.5018699999999998,0.5841614497722354,1.9053035623624304,0.01947204832574118,120.78108080629795,fast
356,197,2,0.172868,0.808049,0.106042,0.155697,1.0,0.03333333333333333,-0.010955999999999994,0.015299000000000063,-0.3286799999999998,0.4589700000000019,0.5645210388462077,-0.5892123277808292,0.01881736796154026,125.60740691907739,fast
357,197,2,0.160785,0.825476,0.110094,0.161215,1.0,0.03333333333333333,-0.012082999999999983,0.01742699999999997,-0.3624899999999995,0.5228099999999991,0.636183382524252,2.1498703103413277,0.021206112750808397,124.73548124488616,fast
358,197,2,0.148361,0.845728,0.117329,0.171858,1.0,0.03333333333333333,-0.012424000000000018,0.020252000000000048,-0.37272000000000055,0.6075600000000014,0.7127758076702675,2.297772754380465,0.023759193589008916,121.52787830841919,fast
359,197,2,0.134995,0.867736,0.12602,0.184743,1.0,0.03333333333333333,-0.013365999999999989,0.022007999999999917,-0.40097999999999967,0.6602399999999975,0.772464768128616,1.7906688137504545,0.0257488256042872,121.27133991976211,fast
360,197,2,0.120546,0.888512,0.131678,0.192545,1.0,0.03333333333333333,-0.014449000000000004,0.020776000000000017,-0.43347000000000013,0.6232800000000005,0.7591931238492619,-0.39814932838062367,0.025306437461642062,124.81729720461914,fast
361,197,2,0.104685,0.901516,0.134958,0.196019,1.0,0.03333333333333333,-0.015861,0.013004000000000016,-0.47583000000000003,0.39012000000000047,0.6153111434875859,-4.31645941085028,0.020510371449586194,140.65261082768734,fast
362,197,2,0.0890219,0.901268,0.141047,0.197465,1.0,0.03333333333333333,-0.0156631,-0.000248000000000026,-0.469893,-0.007440000000000779,0.46995189652665514,-4.360777408827921,0.01566506321755517,180.90711073076625,fast
363,197,2,0.0868147,0.920636,0.124746,0.158729,1.0,0.03333333333333333,-0.0022072000000000064,0.019368000000000052,-0.06621600000000019,0.5810400000000016,0.5848008552114146,3.4454687605427825,0.019493361840380485,96.50144597834867,fast
364,197,2,0.0689586,0.936598,0.104598,0.126805,1.0,0.03333333333333333,-0.0178561,0.01596200000000003,-0.535683,0.47886000000000095,0.7185145621968987,4.011411209564524,0.023950485406563287,138.20569964252195,fast
284,200,7,0.728075,0.925786,0.191908,0.147004,,,,,0.0,0.0,0.0,0.0,0.0,0.0,stationary
285,200,7,0.720617,0.913651,0.223381,0.172306,1.0,0.03333333333333333,-0.007458000000000076,-0.012135000000000007,-0.22374000000000227,-0.3640500000000002,0.4273078399702036,0.0,0.014243594665673456,238.42570215359837,fast
287,200,7,0.729382,0.887935,0.274656,0.214252,2.0,0.06666666666666667,0.008765000000000023,-0.02571599999999996,0.13147500000000034,-0.3857399999999994,0.40753039546149145,-0.2966616676306824,0.0271686930307661,288.82108077155044,fast
288,200,7,0.725671,0.875736,0.293763,0.232727,1.0,0.03333333333333333,-0.00371100000000002,-0.012199000000000071,-0.1113300000000006,-0.3659700000000021,0.38252896596205843,-0.7500428849829904,0.012750965532068616,253.07996304501324,fast
289,200,7,0.702497,0.859645,0.297626,0.242494,1.0,0.03333333333333333,-0.023173999999999917,-0.016090999999999966,-0.6952199999999975,-0.482729999999999,0.8463799981686687,13.91553096619831,0.02821266660562229,214.774402531787,fast
290,200,7,0.687708,0.83891,0.287663,0.241875,1.0,0.03333333333333333,-0.014789000000000052,-0.020734999999999948,-0.44367000000000156,-0.6220499999999984,0.7640610390538176,-2.469568773445533,0.02546870130179392,234.5020727995116,fast
291,200,7,0.676621,0.815807,0.264765,0.230309,1.0,0.03333333333333333,-0.011086999999999958,-0.023103000000000096,-0.33260999999999874,-0.6930900000000029,0.7687672991224348,0.14118780205851555,0.025625576637414493,244.36391248289146,fast
292,200,7,0.667184,0.795002,0.242322,0.218447,1.0,0.03333333333333333,-0.009437000000000029,-0.020804999999999962,-0.28311000000000086,-0.6241499999999989,0.6853572021945922,-2.5023029078352788,0.022845240073153073,245.60129401445772,fast
293,200,7,0.658313,0.77339,0.220788,0.206642,1.0,0.03333333333333333,-0.008870999999999962,-0.021611999999999965,-0.26612999999999887,-0.6483599999999989,0.7008536698198833,0.4648940287587333,0.02336178899399611,247.68349710626904,fast
294,200,7,0.651741,0.754839,0.199882,0.194028,1.0,0.03333333333333333,-0.006572000000000022,-0.018550999999999984,-0.19716000000000067,-0.5565299999999995,0.5904216345121508,-3.312961059231975,0.019680721150405027,250.4924632207026,fast
295,200,7,0.644793,0.737919,0.181137,0.1824,1.0,0.03333333333333333,-0.006948000000000065,-0.016920000000000046,-0.20844000000000196,-0.5076000000000014,0.5487303468918064,-1.2507386286103306,0.018291011563060212,247.67506908636074,fast
296,200,7,0.640369,0.723654,0.16736,0.174795,1.0,0.03333333333333333,-0.0044239999999999835,-0.014264999999999972,-0.1327199999999995,-0.42794999999999916,0.4480578097745861,-3.0201761135166105,0.014935260325819535,252.76978495181385,fast
297,200,7,0.635536,0.709744,0.152168,0.164779,1.0,0.03333333333333333,-0.004832999999999976,-0.013909999999999978,-0.14498999999999929,-0.41729999999999934,0.44177074382534576,-0.18861197847721,0.014725691460844858,250.84032522867201,fast
298,200,7,0.6321,0.69598,0.13784,0.154185,1.0,0.03333333333333333,-0.0034359999999999946,-0.013763999999999998,-0.10307999999999984,-0.41291999999999995,0.42559183826760577,-0.4853671667321996,0.014186394608920194,255.98334751110664,fast
299,200,7,0.627484,0.683927,0.127065,0.146936,1.0,0.03333333333333333,-0.0046159999999999535,-0.012053000000000091,-0.1384799999999986,-0.36159000000000274,0.3872002563273965,-1.1517474582062777,0.012906675210913219,249.0443996783331,fast
300,200,7,0.622603,0.670882,0.121024,0.144674,1.0,0.03333333333333333,-0.004881000000000024,-0.013044999999999973,-0.14643000000000073,-0.3913499999999992,0.41784754085670955,0.919418535879391,0.013928251361890319,249.4858422280402,fast
301,200,7,0.618754,0.660886,0.112607,0.138794,1.0,0.03333333333333333,-0.0038489999999999913,-0.009996000000000005,-0.11546999999999974,-0.29988000000000015,0.32134301812860355,-2.89513568184318,0.010711433937620118,248.940598810339,fast
302,200,7,0.614987,0.651077,0.108038,0.13726,1.0,0.03333333333333333,-0.003767000000000076,-0.009808999999999957,-0.11301000000000228,-0.2942699999999987,0.31522387758543885,-0.18357421629494108,0.010507462586181297,248.9914594520747,fast
303,200,7,0.612584,0.642869,0.104077,0.136309,1.0,0.03333333333333333,-0.002402999999999933,-0.008207999999999993,-0.07208999999999799,-0.2462399999999998,0.2565757309255877,-1.759444399795534,0.008552524364186258,253.68191347830617,fast
304,200,2,0.60864,0.635274,0.0959514,0.129008,1.0,0.03333333333333333,-0.003944000000000059,-0.007595000000000018,-0.11832000000000176,-0.22785000000000055,0.2567396441923231,0.004917398002061146,0.008557988139744104,242.55764395179824,fast
307,200,7,0.599523,0.61041,0.0839832,0.116463,3.0,0.1,-0.00911699999999993,-0.024863999999999997,-0.09116999999999931,-0.24863999999999997,0.26482790355247665,0.0808825936015356,0.026482790355247664,249.86329031810828,fast
308,200,2,0.596513,0.602581,0.0770346,0.109127,1.0,0.03333333333333333,-0.003010000000000068,-0.007828999999999975,-0.09030000000000205,-0.23486999999999925,0.2516306954646035,-0.39591624263619507,0.008387689848820115,248.96984546484083,fast
309,200,2,0.5944,0.596392,0.0727078,0.104946,1.0,0.03333333333333333,-0.0021129999999999205,-0.006189,-0.06338999999999761,-0.18567,0.19619286684280776,-1.6631348586538717,0.006539762228093592,251.14947012240702,fast
310,200,2,0.591348,0.591252,0.0706933,0.104122,1.0,0.03333333333333333,-0.0030520000000000547,-0.005140000000000033,-0.09156000000000164,-0.154200000000001,0.17933452985970275,-0.5057501094931505,0.005977817661990091,239.2992472645384,fast
311,200,2,0.590004,0.584418,0.0695801,0.104948,1.0,0.03333333333333333,-0.0013440000000000119,-0.006834000000000007,-0.040320000000000356,-0.2050200000000002,0.20894712919779518,0.888377980142773,0.006964904306593173,258.8739864433112,fast
312,200,2,0.58793,0.579474,0.0657124,0.100839,1.0,0.03333333333333333,-0.0020740000000000203,-0.0049439999999999484,-0.06222000000000061,-0.14831999999999845,0.16084200570746318,-1.4431537047099599,0.005361400190248773,247.24202962115152,fast
313,200,5,0.586154,0.574773,0.0645401,0.100882,1.0,0.03333333333333333,-0.0017759999999999998,-0.004701000000000066,-0.053279999999999994,-0.141030000000002,0.15075881168276883,-0.3024958207408304,0.005025293722758961,249.30383821492478,fast
314,200,2,0.584604,0.568294,0.0591209,0.093394,1.0,0.03333333333333333,-0.0015499999999999403,-0.0064790000000000125,-0.04649999999999821,-0.19437000000000038,0.19985481455296486,1.4728800861058808,0.0066618271517654955,256.54574781929705,fast
315,200,2,0.582777,0.561154,0.0556018,0.0884744,1.0,0.03333333333333333,-0.001827000000000023,-0.007139999999999924,-0.05481000000000069,-0.21419999999999773,0.22110128018625105,0.6373939689985858,0.0073700426728750355,255.64698972764802,fast
316,200,2,0.581683,0.55733,0.054798,0.088046,1.0,0.03333333333333333,-0.0010940000000000394,-0.0038240000000000496,-0.03282000000000118,-0.11472000000000149,0.11932238180660164,-3.0533669513894823,0.0039774127268867214,254.03481691257477,fast
317,200,2,0.58062,0.553115,0.0535769,0.0868723,1.0,0.03333333333333333,-0.0010629999999999251,-0.004214999999999969,-0.031889999999997753,-0.12644999999999906,0.13040925810692897,0.33260628900981987,0.0043469752702309655,255.8454760639342,fast
318,200,2,0.578874,0.548611,0.0501764,0.0818684,1.0,0.03333333333333333,-0.0017460000000000253,-0.0045040000000000635,-0.05238000000000076,-0.1351200000000019,0.14491748962772089,0.4352469456237576,0.004830582987590697,248.8109086862449,fast
319,200,2,0.576625,0.54597,0.0497858,0.0820065,1.0,0.03333333333333333,-0.0022489999999999455,-0.0026410000000000045,-0.06746999999999836,-0.07923000000000013,0.10406533428572552,-1.2255646602598609,0.0034688444761908506,229.5832350721825,fast
320,200,2,0.574922,0.542719,0.0467348,0.0773012,1.0,0.03333333333333333,-0.00170300000000001,-0.003251000000000004,-0.0510900000000003,-0.09753000000000012,0.1101012670226826,0.18107798210871218,0.0036700422340894194,242.3527075524604,fast
321,200,2,0.573971,0.53834,0.0468662,0.0779639,1.0,0.03333333333333333,-0.0009510000000000352,-0.004378999999999911,-0.028530000000001055,-0.13136999999999732,0.13443227960575302,0.7299303774921128,0.004481075986858434,257.74717737885567,fast
323,200,2,0.572363,0.532502,0.0429376,0.071551,2.0,0.06666666666666667,-0.0016080000000000538,-0.00583800000000001,-0.024120000000000807,-0.08757000000000015,0.09083104810581051,-0.6540184724991376,0.0060554032070540345,254.60048448733954,fast
327,200,2,0.565885,0.515773,0.0411826,0.0692583,4.0,0.13333333333333333,-0.006477999999999984,-0.016728999999999994,-0.04858499999999988,-0.12546749999999995,0.13454588726991984,0.32786129373081996,0.017939451635989312,248.83201459344872,fast
329,200,2,0.563749,0.508965,0.0409427,0.0694056,2.0,0.06666666666666667,-0.0021360000000000268,-0.006808000000000036,-0.0320400000000004,-0.10212000000000054,0.10702829532418115,-0.4127638791860804,0.007135219688278744,252.58082735812312,fast
331,200,2,0.562033,0.50475,0.0382575,0.0646042,2.0,0.06666666666666667,-0.0017159999999999398,-0.004214999999999969,-0.025739999999999097,-0.06322499999999953,0.06826381343728091,-0.5814672283035036,0.004550920895818727,247.84790460326116,fast
333,200,2,0.562661,0.498163,0.0351512,0.059518,2.0,0.06666666666666667,0.0006279999999999619,-0.0065870000000000095,0.009419999999999429,-0.09880500000000014,0.099253032321436,0.46483828326232624,0.006616868821429066,275.4460787258784,fast
334,200,2,0.562287,0.497684,0.0349843,0.0597819,1.0,0.03333333333333333,-0.00037399999999998546,-0.0004790000000000072,-0.011219999999999564,-0.014370000000000216,0.018231437134795393,-2.4306478555992177,0.0006077145711598464,232.01751970296385,moving
335,200,2,0.56175,0.494786,0.0353004,0.0610887,1.0,0.03333333333333333,-0.0005370000000000097,-0.0028980000000000117,-0.01611000000000029,-0.08694000000000035,0.08841999604161985,2.1056567672047337,0.0029473332013873286,259.50215136228996,fast
338,200,2,0.555856,0.473193,0.0466111,0.083792,3.0,0.1,-0.005893999999999955,-0.02159300000000003,-0.05893999999999955,-0.2159300000000003,0.2238295970152296,1.3540960097360972,0.02238295970152296,254.73253331071783,fast
340,200,2,0.554599,0.466848,0.0456486,0.0849509,2.0,0.06666666666666667,-0.0012570000000000636,-0.0063449999999999895,-0.018855000000000954,-0.09517499999999984,0.09702469608300768,-1.9020735139833287,0.006468313072200512,258.7942984088397,fast
341,200,2,0.554318,0.464728,0.0435091,0.0830813,1.0,0.03333333333333333,-0.0002809999999999757,-0.0021200000000000108,-0.008429999999999271,-0.06360000000000032,0.06415625378714088,-0.9860532688760041,0.0021385417929046958,262.44961824079337,fast
342,200,2,0.553534,0.462709,0.0421802,0.0824521,1.0,0.03333333333333333,-0.0007840000000000069,-0.002018999999999993,-0.023520000000000207,-0.06056999999999979,0.06497626720580357,0.024600402559880885,0.002165875573526786,248.7782588072029,fast
285,203,2,0.444005,0.426091,0.0169631,0.0301625,,,,,0.0,0.0,0.0,0.0,0.0,0.0,stationary
288,203,2,0.443159,0.426456,0.0178773,0.0317178,3.0,0.1,-0.0008459999999999579,0.0003650000000000042,-0.008459999999999579,0.003650000000000042,0.009213799433458122,0.0,0.000921379943345812,156.66259997429836,slow
291,206,2,0.367276,0.529183,0.0380031,0.063351,,,,,0.0,0.0,0.0,0.0,0.0,0.0,stationary
298,214,2,0.43705,0.43975,0.0205913,0.0274628,,,,,0.0,0.0,0.0,0.0,0.0,0.0,stationary
299,214,2,0.436753,0.440542,0.0212771,0.0284067,1.0,0.03333333333333333,-0.0002969999999999917,0.0007920000000000149,-0.008909999999999751,0.023760000000000447,0.0253756911235934,0.0,0.0008458563707864467,110.55604521958259,moving
300,214,2,0.436088,0.4412,0.0213354,0.0284867,1.0,0.03333333333333333,-0.0006650000000000267,0.0006579999999999919,-0.0199500000000008,0.019739999999999758,0.028065460979645827,0.08069309568157275,0.0009355153659881942,135.3031494437156,moving
301,214,2,0.435374,0.441301,0.021661,0.0288773,1.0,0.03333333333333333,-0.0007139999999999924,0.00010100000000001774,-0.021419999999999773,0.0030300000000005323,0.021633245248921705,-0.19296647192172364,0.0007211081749640567,171.9485542853082,moving
302,214,2,0.434434,0.440851,0.0215744,0.0287293,1.0,0.03333333333333333,-0.0009399999999999964,-0.00045000000000000595,-0.028199999999999892,-0.013500000000000179,0.03126483647806268,0.28894773687422914,0.0010421612159354225,205.58152925793928,fast
303,214,2,0.433632,0.441738,0.0215214,0.0284586,1.0,0.03333333333333333,-0.0008019999999999694,0.0008870000000000267,-0.024059999999999082,0.0266100000000008,0.03587444354969145,0.13828821214886322,0.0011958147849897148,132.11898400901168,fast
304,214,2,0.432095,0.443083,0.0217693,0.0286541,1.0,0.03333333333333333,-0.0015370000000000106,0.001344999999999985,-0.04611000000000032,0.04034999999999955,0.061271972385422625,0.7619258650719353,0.0020423990795140875,138.8114358135423,fast
305,214,2,0.431303,0.444395,0.0228735,0.0300986,1.0,0.03333333333333333,-0.0007920000000000149,0.0013119999999999798,-0.023760000000000447,0.039359999999999395,0.04597550652249493,-0.45889397588783093,0.0015325168840831644,121.11763918672733,fast
306,214,2,0.43054,0.446042,0.0241634,0.0317323,1.0,0.03333333333333333,-0.0007630000000000137,0.0016470000000000096,-0.02289000000000041,0.04941000000000029,0.05445457005614907,0.25437190600962434,0.001815152335204969,114.85671132606439,fast
307,214,2,0.430122,0.447287,0.0244002,0.0319495,1.0,0.03333333333333333,-0.00041799999999997395,0.0012449999999999961,-0.012539999999999218,0.03734999999999988,0.039398909883396165,-0.45166980518258726,0.0013132969961132054,108.55911477726136,fast
308,214,2,0.429602,0.449191,0.0244246,0.0316728,1.0,0.03333333333333333,-0.0005200000000000204,0.0019040000000000168,-0.015600000000000613,0.057120000000000504,0.059211944740905756,0.5943910457252878,0.0019737314913635252,105.27548691390058,fast
309,214,2,0.429307,0.450917,0.0244113,0.0311146,1.0,0.03333333333333333,-0.0002949999999999897,0.0017260000000000053,-0.008849999999999691,0.05178000000000016,0.05253085664635607,-0.20043264283649068,0.0017510285548785354,99.69901359453814,fast
310,214,2,0.428808,0.452287,0.0253423,0.0317815,1.0,0.03333333333333333,-0.0004989999999999717,0.0013699999999999823,-0.01496999999999915,0.04109999999999947,0.043741409442311426,-0.2636834161213392,0.0014580469814103809,110.01332227062846,fast
311,214,2,0.427942,0.453559,0.0256088,0.031487,1.0,0.03333333333333333,-0.0008660000000000334,0.0012719999999999954,-0.025980000000001002,0.03815999999999986,0.046164336884656335,0.07268782327034727,0.0015388112294885444,124.24772332912488,fast
312,214,2,0.427586,0.454546,0.0258132,0.0310298,1.0,0.03333333333333333,-0.00035599999999996745,0.0009870000000000156,-0.010679999999999024,0.02961000000000047,0.03147720603865608,-0.44061392538000765,0.001049240201288536,109.8338140542611,fast
313,214,2,0.427434,0.455445,0.0262815,0.0308553,1.0,0.03333333333333333,-0.000152000000000041,0.0008989999999999831,-0.00456000000000123,0.026969999999999494,0.02735277865226829,-0.1237328215916337,0.000911759288408943,99.59662508749,moving
314,214,2,0.425452,0.457143,0.0261259,0.0302289,1.0,0.03333333333333333,-0.0019819999999999838,0.0016980000000000328,-0.05945999999999951,0.050940000000000984,0.07829671257466717,1.5283180176719664,0.002609890419155572,139.4129923913988,fast
315,214,2,0.423047,0.458382,0.025853,0.0297239,1.0,0.03333333333333333,-0.0024049999999999905,0.0012389999999999901,-0.07214999999999971,0.0371699999999997,0.08116176070046742,0.08595144377400762,0.002705392023348914,152.74353059308373,fast
316,214,2,0.422093,0.460462,0.0263238,0.0301829,1.0,0.03333333333333333,-0.0009540000000000104,0.0020799999999999708,-0.028620000000000312,0.06239999999999912,0.0686503051704791,-0.3753436658996497,0.0022883435056826364,114.63873895855426,fast
317,214,2,0.420605,0.461518,0.0275107,0.0318462,1.0,0.03333333333333333,-0.0014879999999999893,0.0010560000000000014,-0.04463999999999968,0.03168000000000004,0.054738944089194615,-0.4173408324385345,0.0018246314696398205,144.63753811293077,fast
318,214,2,0.420464,0.462633,0.0276892,0.0319736,1.0,0.03333333333333333,-0.00014100000000000223,0.0011150000000000326,-0.004230000000000067,0.03345000000000098,0.033716396604620516,-0.630676424537223,0.0011238798868206839,97.20721970643422,fast
319,214,2,0.418385,0.463726,0.0272848,0.0318531,1.0,0.03333333333333333,-0.0020789999999999975,0.0010930000000000106,-0.062369999999999925,0.03279000000000032,0.0704641823907722,1.1024335735845507,0.002348806079692407,152.26759020811335,fast
320,214,2,0.416896,0.464969,0.0283683,0.0334459,1.0,0.03333333333333333,-0.001489000000000018,0.0012429999999999941,-0.04467000000000054,0.03728999999999982,0.05818894224850659,-0.3682572042679685,0.001939631408283553,140.14526097910414,fast
321,214,2,0.415447,0.466475,0.0301869,0.0362013,1.0,0.03333333333333333,-0.001448999999999978,0.0015059999999999518,-0.04346999999999934,0.045179999999998555,0.06269667694543159,0.1352320409077499,0.002089889231514386,133.89493926549352,fast
322,214,2,0.4143,0.467261,0.0304872,0.0370934,1.0,0.03333333333333333,-0.0011470000000000091,0.0007860000000000089,-0.034410000000000274,0.023580000000000267,0.041714080356637755,-0.629477897663815,0.0013904693452212583,145.5784880929358,fast
323,214,2,0.413658,0.467853,0.0308027,0.0380689,1.0,0.03333333333333333,-0.0006419999999999759,0.0005920000000000369,-0.019259999999999278,0.017760000000001108,0.026198572480194634,-0.4654652362932936,0.0008732857493398211,137.32027775753147,moving
324,214,2,0.413185,0.468684,0.0297714,0.0370901,1.0,0.03333333333333333,-0.0004730000000000012,0.0008309999999999707,-0.014190000000000036,0.02492999999999912,0.028685553855555188,0.07460944126081663,0.0009561851285185063,119.64826118699096,moving
325,214,2,0.412447,0.469363,0.0296775,0.0370426,1.0,0.03333333333333333,-0.0007380000000000164,0.0006789999999999852,-0.022140000000000493,0.020369999999999555,0.03008515414618984,0.04198800871903958,0.0010028384715396613,137.38426217465002,fast
326,214,2,0.411435,0.470167,0.0312183,0.0391658,1.0,0.03333333333333333,-0.0010120000000000129,0.0008040000000000269,-0.030360000000000387,0.024120000000000807,0.03877504352028586,0.26069668122288053,0.0012925014506761953,141.53403849617968,fast
327,214,2,0.410167,0.470955,0.0321447,0.0406817,1.0,0.03333333333333333,-0.0012679999999999914,0.0007880000000000109,-0.03803999999999974,0.023640000000000327,0.044787176736204255,0.1803639964775519,0.0014929058912068085,148.1410697577149,fast
328,214,2,0.408535,0.472373,0.0322888,0.0413347,1.0,0.03333333333333333,-0.0016320000000000223,0.0014179999999999748,-0.04896000000000067,0.042539999999999245,0.06485933394662638,0.6021647163126638,0.0021619777982208794,139.01351978457302,fast
329,214,2,0.407152,0.472903,0.0350608,0.0461358,1.0,0.03333333333333333,-0.0013829999999999676,0.0005300000000000304,-0.04148999999999903,0.015900000000000913,0.044432309190497274,-0.6128107426838731,0.0014810769730165757,159.03192490392803,fast
330,214,2,0.405339,0.475075,0.033083,0.0442282,1.0,0.03333333333333333,-0.001813000000000009,0.0021720000000000073,-0.05439000000000027,0.06516000000000022,0.08487695623666096,1.2133394113849105,0.002829231874555365,129.85224366334376,fast
331,214,2,0.403685,0.478676,0.0307268,0.0412076,1.0,0.03333333333333333,-0.0016539999999999888,0.0036009999999999653,-0.049619999999999664,0.10802999999999896,0.1188807187898851,1.0201128765967242,0.0039626906263295035,114.67011643298338,fast
332,214,2,0.402314,0.48107,0.0296631,0.0402335,1.0,0.03333333333333333,-0.001371000000000011,0.0023940000000000072,-0.04113000000000033,0.07182000000000022,0.08276345389119559,-1.0835179469606853,0.0027587817963731862,119.79897764674206,fast
333,214,2,0.401432,0.483336,0.0295174,0.0404458,1.0,0.03333333333333333,-0.0008819999999999939,0.0022659999999999902,-0.026459999999999817,0.06797999999999971,0.0729480088830391,-0.2944633502446949,0.002431600296101303,111.26758614444464,fast
334,214,2,0.400721,0.484841,0.0307693,0.0426226,1.0,0.03333333333333333,-0.0007110000000000172,0.001505000000000034,-0.021330000000000515,0.04515000000000102,0.049934871582893996,-0.690394119004353,0.0016644957194297998,115.28723305645713,fast
335,214,2,0.399375,0.488007,0.0286487,0.0396308,1.0,0.03333333333333333,-0.0013460000000000139,0.003166000000000002,-0.040380000000000416,0.09498000000000006,0.10320729044016244,1.5981725657180534,0.003440243014672081,113.03238948198532,fast
336,214,2,0.397056,0.489395,0.0282324,0.039262,1.0,0.03333333333333333,-0.00231899999999996,0.0013880000000000003,-0.0695699999999988,0.04164000000000001,0.08107943327379535,-0.6638357149910127,0.0027026477757931783,149.09805118884094,fast
337,214,2,0.395451,0.491203,0.0294262,0.0413941,1.0,0.03333333333333333,-0.001605000000000023,0.0018079999999999763,-0.04815000000000069,0.05423999999999929,0.07252861573199912,-0.25652452625388705,0.0024176205243999706,131.59614514667743,fast
338,214,2,0.39402,0.493368,0.0295713,0.0419122,1.0,0.03333333333333333,-0.0014310000000000156,0.0021649999999999725,-0.04293000000000047,0.06494999999999918,0.07785555471512572,0.15980816949379792,0.002595185157170857,123.46350636398137,fast
339,214,2,0.3919,0.495177,0.0299328,0.042554,1.0,0.03333333333333333,-0.0021199999999999553,0.001809000000000005,-0.06359999999999866,0.05427000000000015,0.08360737347865824,0.17255456290597562,0.002786912449288608,139.52581106351658,fast
340,214,2,0.3895,0.497273,0.0300163,0.0426805,1.0,0.03333333333333333,-0.0024000000000000132,0.0020960000000000423,-0.0720000000000004,0.06288000000000127,0.09559233442070665,0.35954882826145246,0.003186411147356888,138.86820403832132,fast
341,214,2,0.388239,0.499421,0.030546,0.0435429,1.0,0.03333333333333333,-0.0012610000000000121,0.0021479999999999833,-0.03783000000000036,0.0644399999999995,0.07472364083742149,-0.626060807498555,0.0024907880279140494,120.41539392223137,fast
342,214,2,0.386818,0.501605,0.0317567,0.0456597,1.0,0.03333333333333333,-0.0014210000000000056,0.0021839999999999637,-0.04263000000000017,0.06551999999999891,0.07816768705801568,0.10332138661782564,0.0026055895686005227,123.04967937047763,fast
343,214,2,0.385246,0.503745,0.032595,0.0472244,1.0,0.03333333333333333,-0.0015720000000000178,0.0021400000000000308,-0.047160000000000535,0.06420000000000092,0.07965993723321761,0.044767505256058104,0.0026553312411072534,126.30023858534491,fast
344,214,2,0.383581,0.505914,0.0326837,0.0476736,1.0,0.03333333333333333,-0.001664999999999972,0.0021689999999999765,-0.04994999999999916,0.0650699999999993,0.08203113677134936,0.07113598614395256,0.0027343712257116453,127.51110079835979,fast
345,214,2,0.382016,0.50894,0.0328323,0.0480901,1.0,0.03333333333333333,-0.001564999999999983,0.003025999999999973,-0.04694999999999949,0.0907799999999992,0.10220230379008002,0.6051350105619198,0.0034067434596693346,117.34730020268108,fast
346,214,2,0.380238,0.511551,0.0323351,0.0473042,1.0,0.03333333333333333,-0.0017780000000000018,0.00261100000000003,-0.053340000000000054,0.0783300000000009,0.09476679006909619,-0.223065411629515,0.003158893002303206,124.25349894698059,fast
347,214,2,0.37875,0.514011,0.0331861,0.0486151,1.0,0.03333333333333333,-0.0014880000000000448,0.0024600000000000177,-0.044640000000001345,0.07380000000000053,0.08625062086733172,-0.25548507605293413,0.002875020695577724,121.16882287016671,fast
348,214,2,0.377622,0.516504,0.0346756,0.050891,1.0,0.03333333333333333,-0.0011279999999999624,0.0024929999999999675,-0.03383999999999887,0.07478999999999902,0.08208952247394169,-0.12483295180170093,0.0027363174157980564,114.34517801494559,fast
349,214,2,0.375355,0.518461,0.0363499,0.05386,1.0,0.03333333333333333,-0.002267000000000019,0.0019569999999999865,-0.06801000000000057,0.058709999999999596,0.08984555748616639,0.23268105036674105,0.0029948519162055465,139.19742080358776,fast
350,214,2,0.373839,0.521763,0.0391019,0.0580388,1.0,0.03333333333333333,-0.0015160000000000173,0.003302000000000027,-0.04548000000000052,0.09906000000000081,0.10900144035745679,0.574676486138712,0.0036333813452485595,114.66059762294208,fast
351,214,2,0.370745,0.525328,0.0370992,0.0552508,1.0,0.03333333333333333,-0.0030939999999999857,0.0035650000000000404,-0.09281999999999957,0.10695000000000121,0.14161163405596372,0.9783058109552079,0.004720387801865456,130.95413075805595,fast
352,214,2,0.368827,0.527378,0.0388805,0.0583262,1.0,0.03333333333333333,-0.0019179999999999753,0.0020499999999999963,-0.05753999999999926,0.06149999999999989,0.08422055331093416,-1.721732422350887,0.0028073517770311382,133.09469382481063,fast
353,214,2,0.366091,0.531236,0.0367427,0.0550248,1.0,0.03333333333333333,-0.002736000000000016,0.003858000000000028,-0.08208000000000049,0.11574000000000084,0.14189035908052483,1.7300941730877202,0.004729678636017494,125.3433409868901,fast
354,214,2,0.363609,0.533571,0.0367952,0.0548312,1.0,0.03333333333333333,-0.0024819999999999842,0.002334999999999976,-0.07445999999999953,0.07004999999999928,0.10223157095535522,-1.1897636437550883,0.0034077190318451737,136.74794820002154,fast
355,214,2,0.361323,0.536847,0.0392062,0.0586978,1.0,0.03333333333333333,-0.0022860000000000102,0.0032759999999999456,-0.06858000000000031,0.09827999999999837,0.11984229136661115,0.5283216123376778,0.003994743045553705,124.90741962584036,fast
356,214,2,0.359296,0.539089,0.0409479,0.0618045,1.0,0.03333333333333333,-0.002027000000000001,0.0022420000000000773,-0.06081000000000003,0.06726000000000232,0.09067394168117054,-0.8750504905632182,0.0030224647227056847,132.11684392293517,fast
357,214,2,0.35595,0.54408,0.0393632,0.059682,1.0,0.03333333333333333,-0.0033460000000000156,0.004990999999999968,-0.10038000000000047,0.14972999999999903,0.18026429846200773,2.6877107034251155,0.00600880994873359,123.83816614158161,fast
358,214,2,0.353526,0.546853,0.0384524,0.0586406,1.0,0.03333333333333333,-0.0024239999999999817,0.0027730000000000254,-0.07271999999999945,0.08319000000000076,0.11049332332770179,-2.0931292540291784,0.0036831107775900595,131.1581202074621,fast
359,214,2,0.351364,0.551334,0.0406633,0.0621092,1.0,0.03333333333333333,-0.0021619999999999973,0.004480999999999957,-0.06485999999999992,0.13442999999999872,0.1492589846541897,1.1629698397946377,0.004975299488472991,115.75645353464955,fast
360,214,2,0.348614,0.556703,0.0401553,0.0610071,1.0,0.03333333333333333,-0.00275000000000003,0.005368999999999957,-0.0825000000000009,0.16106999999999871,0.18096904403792305,0.9513017815120001,0.006032301467930769,117.12150959382984,fast
361,214,2,0.345935,0.561404,0.0416079,0.062908,1.0,0.03333333333333333,-0.002678999999999987,0.004701000000000066,-0.08036999999999961,0.141030000000002,0.16232312774216895,-0.5593774888726231,0.005410770924738965,119.67789637101157,fast
362,214,2,0.342481,0.565243,0.0413258,0.0624908,1.0,0.03333333333333333,-0.0034540000000000126,0.003839000000000037,-0.10362000000000038,0.1151700000000011,0.15492331425579667,-0.22199440459116843,0.005164110475193223,131.9781409665204,fast
363,214,2,0.339836,0.568429,0.0428914,0.0648125,1.0,0.03333333333333333,-0.002644999999999953,0.003185999999999911,-0.07934999999999859,0.09557999999999733,0.12422543580120483,-0.9209363536377551,0.004140847860040162,129.69927435355328,fast
364,214,2,0.337212,0.573669,0.0447215,0.0677504,1.0,0.03333333333333333,-0.002624000000000015,0.005240000000000022,-0.07872000000000046,0.15720000000000067,0.175808641425842,1.5474961687391147,0.005860288047528066,116.60003028110418,fast
365,214,2,0.334547,0.577595,0.0457714,0.0690721,1.0,0.03333333333333333,-0.0026650000000000285,0.003925999999999985,-0.07995000000000085,0.11777999999999955,0.14235213697026128,-1.0036951336674214,0.004745071232342043,124.16897246308741,fast
366,214,2,0.330687,0.583078,0.0462211,0.069761,1.0,0.03333333333333333,-0.0038599999999999746,0.005483000000000016,-0.11579999999999924,0.16449000000000047,0.2011631181404782,1.7643294351065073,0.006705437271349272,125.14532191841693,fast
367,214,2,0.327547,0.587469,0.0458351,0.0690276,1.0,0.03333333333333333,-0.0031400000000000317,0.004391000000000034,-0.09420000000000095,0.131730000000001,0.16194577147922215,-1.1765203998376812,0.005398192382640739,125.56852376284769,fast
368,214,2,0.323277,0.593668,0.048386,0.0728141,1.0,0.03333333333333333,-0.004269999999999996,0.0061989999999999545,-0.12809999999999988,0.18596999999999864,0.2258195095646066,1.916212142561534,0.0075273169854868874,124.55987803170586,fast
369,214,2,0.320101,0.598576,0.0502716,0.0755212,1.0,0.03333333333333333,-0.0031759999999999566,0.0049080000000000235,-0.0952799999999987,0.1472400000000007,0.17537929182203912,-1.5132065322770247,0.005845976394067971,122.90717904908115,fast
370,214,2,0.31573,0.604842,0.0525604,0.0788879,1.0,0.03333333333333333,-0.004371000000000014,0.006265999999999994,-0.1311300000000004,0.18797999999999981,0.22919763807683544,1.6145503876438894,0.0076399212692278475,124.8986336348267,fast
371,214,2,0.31065,0.609897,0.0553977,0.0831114,1.0,0.03333333333333333,-0.005080000000000029,0.005055000000000032,-0.15240000000000087,0.15165000000000095,0.2149964709012698,-0.42603501526696896,0.007166549030042327,135.14133118723748,fast
372,214,2,0.305975,0.616584,0.0571168,0.0853727,1.0,0.03333333333333333,-0.004674999999999985,0.0066869999999999985,-0.14024999999999954,0.20060999999999996,0.24477425232242025,0.8933334426345135,0.008159141744080674,124.95807822761799,fast
373,214,2,0.302089,0.623497,0.0585335,0.0873459,1.0,0.03333333333333333,-0.0038860000000000006,0.006912999999999947,-0.11658000000000002,0.2073899999999984,0.23791071539550157,-0.20590610780756052,0.007930357179850052,119.34161743463295,fast
374,214,2,0.297727,0.629033,0.0609829,0.0913533,1.0,0.03333333333333333,-0.004361999999999977,0.005535999999999985,-0.1308599999999993,0.16607999999999956,0.21144007661746547,-0.794119163341083,0.007048002553915516,128.23576019195184,fast
375,214,2,0.292957,0.635642,0.0630741,0.0947496,1.0,0.03333333333333333,-0.0047699999999999965,0.006609000000000087,-0.1430999999999999,0.1982700000000026,0.24451708099844682,0.9923101314294406,0.008150569366614895,125.81960674091755,fast
376,214,2,0.288318,0.643225,0.0638973,0.0961373,1.0,0.03333333333333333,-0.004639000000000004,0.007583000000000006,-0.13917000000000013,0.2274900000000002,0.2666833121888209,0.6649869357112226,0.008889443739627365,121.45675867379015,fast
377,214,2,0.283309,0.650241,0.0668061,0.100567,1.0,0.03333333333333333,-0.005009000000000041,0.007015999999999911,-0.15027000000000124,0.21047999999999734,0.25861729118525556,-0.24198063010696047,0.00862057637284185,125.52454311507785,fast
378,214,2,0.277929,0.659053,0.0695284,0.105121,1.0,0.03333333333333333,-0.005379999999999996,0.008812000000000042,-0.16139999999999988,0.26436000000000126,0.3097356447036741,1.533550605552556,0.01032452149012247,121.40536309779634,fast
379,214,2,0.272493,0.668698,0.0713785,0.108004,1.0,0.03333333333333333,-0.005435999999999996,0.009645000000000015,-0.1630799999999999,0.28935000000000044,0.33214230218386853,0.6721997244058331,0.011071410072795617,119.40595952173732,fast
380,214,2,0.266145,0.677097,0.0743375,0.112993,1.0,0.03333333333333333,-0.006347999999999965,0.008398999999999934,-0.19043999999999894,0.25196999999999803,0.3158421670708308,-0.4890040533911322,0.010528072235694361,127.08214357858134,fast
381,214,2,0.259435,0.686525,0.0768008,0.117198,1.0,0.03333333333333333,-0.006709999999999994,0.009428000000000103,-0.2012999999999998,0.2828400000000031,0.3471601296232067,0.939538876571277,0.011572004320773556,125.43983083631218,fast
382,214,2,0.253262,0.696461,0.0803903,0.123364,1.0,0.03333333333333333,-0.00617300000000004,0.009935999999999945,-0.1851900000000012,0.29807999999999835,0.35092310055053294,0.11288912781978744,0.011697436685017765,121.85169903037354,fast
383,214,2,0.246098,0.706479,0.0817699,0.125392,1.0,0.03333333333333333,-0.007163999999999976,0.010017999999999971,-0.21491999999999928,0.30053999999999914,0.36947922539704336,0.5566837453953127,0.012315974179901445,125.5690442888669,fast
384,214,2,0.238552,0.718423,0.0850006,0.130626,1.0,0.03333333333333333,-0.007546000000000025,0.011944000000000066,-0.22638000000000075,0.35832000000000197,0.4238409215731791,1.630850885284072,0.01412803071910597,122.28394574908583,fast
385,214,2,0.230917,0.731507,0.0875381,0.134451,1.0,0.03333333333333333,-0.007634999999999975,0.013083999999999985,-0.22904999999999925,0.39251999999999954,0.4544621578305495,0.918637087721112,0.01514873859435165,120.2651491558994,fast
386,214,2,0.222741,0.743284,0.0896151,0.137553,1.0,0.03333333333333333,-0.008176000000000017,0.011776999999999926,-0.2452800000000005,0.3533099999999978,0.4301049110391541,-0.7307174037418618,0.014336830367971804,124.76971623019864,fast
387,214,2,0.213671,0.756407,0.0937249,0.144013,1.0,0.03333333333333333,-0.009069999999999995,0.013123000000000107,-0.27209999999999984,0.3936900000000032,0.478571025136293,1.4539834229141675,0.0159523675045431,124.65040345781262,fast
388,214,2,0.203771,0.770442,0.0980774,0.150582,1.0,0.03333333333333333,-0.009899999999999992,0.014034999999999909,-0.29699999999999976,0.42104999999999726,0.5152592575587532,1.1006469726738066,0.017175308585291774,125.19835516888622,fast
389,214,2,0.193968,0.786799,0.102496,0.157111,1.0,0.03333333333333333,-0.009803000000000006,0.016357000000000066,-0.2940900000000002,0.490710000000002,0.5720884828415986,1.704876758485362,0.01906961609471995,120.93490098787629,fast
390,214,2,0.183074,0.802924,0.107613,0.165073,1.0,0.03333333333333333,-0.010894000000000015,0.016124999999999945,-0.32682000000000044,0.48374999999999835,0.5838025136122649,0.3514209231199872,0.019460083787075495,124.04283841631639,fast
391,214,2,0.171124,0.819939,0.113766,0.174703,1.0,0.03333333333333333,-0.011949999999999988,0.017015000000000002,-0.35849999999999965,0.5104500000000001,0.6237639397239951,1.1988427833519077,0.02079213132413317,125.08119204503112,fast
392,214,2,0.158862,0.840001,0.120663,0.185849,1.0,0.03333333333333333,-0.012261999999999995,0.020062000000000024,-0.36785999999999985,0.6018600000000007,0.7053768065367622,2.448386004383011,0.02351256021789207,121.43349316394233,fast
393,214,2,0.145121,0.860318,0.127102,0.195769,1.0,0.03333333333333333,-0.013741000000000003,0.02031700000000003,-0.4122300000000001,0.6095100000000009,0.7358233571992677,0.913396519875167,0.024527445239975593,124.07167524171712,fast
394,214,2,0.130234,0.881141,0.132943,0.204671,1.0,0.03333333333333333,-0.014887000000000011,0.020822999999999925,-0.44661000000000034,0.6246899999999977,0.7679180217965961,0.9628399379198505,0.02559726739321987,125.56213692359847,fast
395,214,2,0.113986,0.896187,0.132496,0.201374,1.0,0.03333333333333333,-0.016247999999999985,0.015046000000000004,-0.48743999999999954,0.4513800000000001,0.6643355010836013,-3.1074756213898436,0.02214451670278671,137.1996449377978,fast
396,214,2,0.0941461,0.90023,0.135191,0.19954,1.0,0.03333333333333333,-0.019839900000000008,0.004043000000000019,-0.5951970000000002,0.12129000000000056,0.6074296114851501,-1.7071766879535366,0.02024765371617167,168.48190177706658,fast
397,214,2,0.0807363,0.911277,0.127311,0.177446,1.0,0.03333333333333333,-0.0134098,0.011047000000000029,-0.402294,0.33141000000000087,0.5212226496767006,-2.5862088542534836,0.017374088322556686,140.51828596584812,fast
398,214,2,0.0739119,0.928638,0.109448,0.142725,1.0,0.03333333333333333,-0.006824399999999994,0.01736099999999996,-0.20473199999999983,0.5208299999999988,0.5596240530248845,1.1520421004455161,0.018654135100829482,111.45919188078818,fast
399,214,2,0.0610693,0.944245,0.0902853,0.11151,1.0,0.03333333333333333,-0.012842600000000003,0.015607000000000038,-0.38527800000000006,0.4682100000000011,0.6063495208079257,1.4017640334912362,0.020211650693597524,129.45008810840102,fast
300,219,2,0.399366,0.491154,0.0391046,0.0433294,,,,,0.0,0.0,0.0,0.0,0.0,0.0,stationary
301,219,2,0.39684,0.492965,0.0363679,0.0402132,1.0,0.03333333333333333,-0.0025259999999999727,0.001811000000000007,-0.07577999999999918,0.05433000000000021,0.09324353757767827,0.0,0.003108117919255942,144.36160414454184,fast
303,219,2,0.396235,0.497098,0.0391436,0.0430857,2.0,0.06666666666666667,-0.0006050000000000222,0.004132999999999998,-0.009075000000000333,0.06199499999999997,0.0626556912817982,-0.4588176944382011,0.004177046085453213,98.32796754503732,fast
304,219,2,0.395745,0.498898,0.0399131,0.0435839,1.0,0.03333333333333333,-0.0004899999999999904,0.0018000000000000238,-0.014699999999999713,0.054000000000000714,0.055965078397158245,-0.20071838653919852,0.0018655026132386083,105.2281813380871,fast
305,219,2,0.394642,0.499863,0.0413225,0.0446443,1.0,0.03333333333333333,-0.0011030000000000206,0.0009649999999999936,-0.03309000000000062,0.02894999999999981,0.04396647131622038,-0.35995821242813586,0.0014655490438740127,138.81775259149208,fast
306,219,2,0.392106,0.501337,0.0422152,0.0452951,1.0,0.03333333333333333,-0.0025359999999999827,0.0014740000000000308,-0.07607999999999948,0.044220000000000925,0.0879975840577456,1.3209333822457567,0.0029332528019248533,149.83354877202464,fast
309,219,2,0.38475,0.510162,0.0437968,0.0471736,3.0,0.1,-0.007356000000000029,0.008824999999999972,-0.07356000000000029,0.08824999999999972,0.11488749322706973,0.2688990916932413,0.011488749322706973,129.81259498139377,fast
310,219,2,0.382942,0.510308,0.0453491,0.0491336,1.0,0.03333333333333333,-0.0018079999999999763,0.00014599999999997948,-0.05423999999999929,0.004379999999999384,0.05441655997947608,-1.8141279974278095,0.0018138853326492028,175.38325679029037,fast
311,219,2,0.382222,0.511204,0.0479149,0.0521846,1.0,0.03333333333333333,-0.0007199999999999984,0.0008960000000000079,-0.021599999999999953,0.026880000000000237,0.03448324810687083,-0.5979993561781575,0.001149441603562361,128.784364100297,fast
312,219,2,0.378928,0.513966,0.0488537,0.0539641,1.0,0.03333333333333333,-0.003294000000000019,0.002762000000000042,-0.09882000000000057,0.08286000000000127,0.12896190135074903,2.834359597316346,0.004298730045024967,140.02036113117578,fast
313,219,2,0.376951,0.51448,0.0511809,0.0573825,1.0,0.03333333333333333,-0.0019770000000000065,0.0005140000000000144,-0.059310000000000196,0.015420000000000433,0.06128174687457952,-2.030404634285085,0.0020427248958193173,165.4263267252402,fast
315,219,2,0.372862,0.520674,0.052737,0.0596631,2.0,0.06666666666666667,-0.004088999999999954,0.006193999999999922,-0.06133499999999931,0.09290999999999883,0.1113294674603256,0.7507158087861913,0.0074219644973550405,123.4309964470014,fast
303,223,2,0.701479,0.952085,0.154605,0.0950701,,,,,0.0,0.0,0.0,0.0,0.0,0.0,stationary
304,223,2,0.694981,0.938592,0.191345,0.118695,1.0,0.03333333333333333,-0.006498000000000004,-0.013492999999999977,-0.1949400000000001,-0.4047899999999993,0.4492844841523013,0.0,0.014976149471743376,244.28532247878474,fast
305,223,2,0.686002,0.912511,0.265895,0.168088,1.0,0.03333333333333333,-0.00897899999999996,-0.02608100000000002,-0.2693699999999988,-0.7824300000000006,0.8275003938367645,11.346477290533898,0.027583346461225483,251.0027662861911,fast
305,229,2,0.612094,0.491147,0.0472137,0.0555762,,,,,0.0,0.0,0.0,0.0,0.0,0.0,stationary
306,229,2,0.611049,0.489587,0.0484721,0.057065,1.0,0.03333333333333333,-0.0010450000000000736,-0.0015600000000000058,-0.03135000000000221,-0.046800000000000175,0.05632994319187758,0.0,0.0018776647730625858,236.18298486894662,fast
307,229,2,0.609507,0.487992,0.0474126,0.0558364,1.0,0.03333333333333333,-0.0015419999999999323,-0.001595000000000013,-0.04625999999999797,-0.04785000000000039,0.06655531609120229,0.30676118697974125,0.0022185105363734096,225.96792713701265,fast
310,229,2,0.605902,0.482919,0.0470314,0.0554895,3.0,0.1,-0.0036049999999999693,-0.005072999999999994,-0.03604999999999969,-0.05072999999999994,0.06223451936023908,-0.043207967309632084,0.006223451936023907,234.60145170400614,fast
307,232,2,0.668266,0.882869,0.0962467,0.166001,,,,,0.0,0.0,0.0,0.0,0.0,0.0,stationary
308,232,2,0.665227,0.856649,0.0874765,0.150277,1.0,0.03333333333333333,-0.003039000000000014,-0.02622000000000002,-0.09117000000000042,-0.7866000000000006,0.7918658528437762,0.0,0.026395528428125873,263.3886957358659,fast
309,232,2,0.6589,0.831265,0.0805635,0.137595,1.0,0.03333333333333333,-0.0063269999999999715,-0.025383999999999962,-0.18980999999999915,-0.7615199999999989,0.784818798513388,-0.21141162991164641,0.026160626617112933,256.0041269883226,fast
310,232,2,0.649154,0.808291,0.0747967,0.12712,1.0,0.03333333333333333,-0.009746000000000032,-0.02297400000000005,-0.292380000000001,-0.6892200000000015,0.7486723400794253,-1.0843937530188807,0.024955744669314175,247.01243604854645,fast
311,232,2,0.643071,0.790097,0.0724422,0.12323,1.0,0.03333333333333333,-0.006083000000000061,-0.018193999999999932,-0.18249000000000182,-0.545819999999998,0.5755189592880485,-5.194601423741303,0.019183965309601616,251.51310578830635,fast
312,232,2,0.636452,0.77161,0.06845,0.115854,1.0,0.03333333333333333,-0.0066189999999999305,-0.01848700000000003,-0.19856999999999791,-0.5546100000000009,0.5890859843859809,0.40701075293797184,0.0196361994795327,250.3008359868752,fast
313,232,2,0.630353,0.756346,0.065915,0.110845,1.0,0.03333333333333333,-0.0060989999999999656,-0.015264000000000055,-0.18296999999999897,-0.45792000000000166,0.4931214326106716,-2.8789365532592797,0.016437381087022387,248.21995069616872,fast
314,232,2,0.626428,0.742379,0.0639966,0.107209,1.0,0.03333333333333333,-0.003925000000000067,-0.013966999999999952,-0.11775000000000202,-0.41900999999999855,0.43524067204249106,-1.7364228170454161,0.01450802240141637,254.30359904542564,fast
315,232,2,0.623542,0.730383,0.0617617,0.103125,1.0,0.03333333333333333,-0.002885999999999944,-0.011996000000000007,-0.08657999999999832,-0.3598800000000002,0.3701482281465087,-1.9527733168794703,0.012338274271550289,256.4728387186136,fast
316,232,2,0.619203,0.71476,0.0613102,0.102418,1.0,0.03333333333333333,-0.004339000000000093,-0.015623000000000054,-0.13017000000000278,-0.4686900000000016,0.48643041126146935,3.4884654934488193,0.01621434704204898,254.47834797651208,fast
317,232,2,0.615515,0.702058,0.0600915,0.100313,1.0,0.03333333333333333,-0.0036879999999999136,-0.012701999999999991,-0.11063999999999741,-0.38105999999999973,0.39679709323532,-2.6889995407844816,0.013226569774510666,253.8094517768716,fast
318,232,2,0.612844,0.690227,0.0561867,0.0935183,1.0,0.03333333333333333,-0.002670999999999979,-0.011830999999999925,-0.08012999999999937,-0.35492999999999775,0.3638627788054149,-0.9880294328971523,0.01212875929351383,257.2780226086374,fast
319,232,2,0.609592,0.680532,0.0550575,0.0907844,1.0,0.03333333333333333,-0.0032520000000000326,-0.00969500000000001,-0.09756000000000098,-0.2908500000000003,0.30677626391231827,-1.712595446792899,0.010225875463743941,251.4569694624887,fast
320,232,2,0.606618,0.671137,0.0539754,0.0885545,1.0,0.03333333333333333,-0.002974000000000032,-0.009395000000000042,-0.08922000000000097,-0.28185000000000127,0.29563428573154515,-0.33425934542319347,0.009854476191051505,252.43474604209956,fast
321,232,2,0.602785,0.662907,0.0527421,0.0862135,1.0,0.03333333333333333,-0.0038329999999999753,-0.00822999999999996,-0.11498999999999926,-0.2468999999999988,0.27236429666900036,-0.6980996718763438,0.009078809888966678,245.02695114203075,fast
322,232,2,0.60077,0.654525,0.051295,0.0835269,1.0,0.03333333333333333,-0.002014999999999989,-0.008382,-0.06044999999999967,-0.25146,0.25862392406736073,-0.41221117804918883,0.008620797468912025,256.4828105313443,fast
323,232,2,0.598347,0.644335,0.0494226,0.0804156,1.0,0.03333333333333333,-0.002423000000000064,-0.010190000000000032,-0.07269000000000192,-0.30570000000000097,0.3142233697547031,1.6679833706202714,0.01047411232515677,256.6244802746647,fast
324,232,2,0.595533,0.636439,0.0486242,0.0789049,1.0,0.03333333333333333,-0.002813999999999983,-0.007896000000000014,-0.0844199999999995,-0.23688000000000042,0.25147339978614064,-1.8824990990568742,0.008382446659538021,250.38479796475434,fast
325,232,2,0.593889,0.628397,0.0471308,0.0764767,1.0,0.03333333333333333,-0.0016439999999999788,-0.008041999999999994,-0.049319999999999364,-0.2412599999999998,0.24624956852754046,-0.15671493775800543,0.008208318950918015,258.44639697438606,fast
326,232,2,0.591653,0.620386,0.0457412,0.0747353,1.0,0.03333333333333333,-0.0022360000000000158,-0.00801099999999999,-0.06708000000000047,-0.2403299999999997,0.24951600209205005,0.09799300693528773,0.008317200069735003,254.40472011344858,fast
327,232,2,0.589474,0.613036,0.0446367,0.0730574,1.0,0.03333333333333333,-0.002178999999999931,-0.007349999999999968,-0.06536999999999793,-0.22049999999999903,0.22998584065111335,-0.5859048432281009,0.007666194688370445,253.48688031181317,fast
328,232,2,0.587175,0.606573,0.0417727,0.0678697,1.0,0.03333333333333333,-0.002299000000000051,-0.0064629999999999965,-0.06897000000000153,-0.1938899999999999,0.20579162519403013,-0.7258264637124967,0.006859720839801004,250.4186545558959,fast
329,232,2,0.585908,0.602145,0.0414578,0.0670358,1.0,0.03333333333333333,-0.0012670000000000181,-0.0044279999999999875,-0.03801000000000054,-0.13283999999999963,0.1381710016609851,-2.0286187059913514,0.004605700055366169,254.03238981048912,fast
330,232,2,0.584788,0.594627,0.0408964,0.0657926,1.0,0.03333333333333333,-0.0011200000000000099,-0.007518000000000025,-0.033600000000000296,-0.22554000000000074,0.22802905867454779,2.695741710406881,0.007600968622484926,261.5266345142589,fast
331,232,2,0.584043,0.588624,0.0400514,0.0638691,1.0,0.03333333333333333,-0.0007449999999999957,-0.006002999999999981,-0.02234999999999987,-0.18008999999999942,0.18147156967414974,-1.3967246700119416,0.006049052322471658,262.92550176466676,fast
332,232,2,0.583564,0.584792,0.0391125,0.0613038,1.0,0.03333333333333333,-0.0004790000000000072,-0.0038320000000000576,-0.014370000000000216,-0.11496000000000173,0.1158546438430519,-1.9685077749329352,0.0038618214614350634,262.8749836510982,fast
333,232,2,0.581505,0.580328,0.0393411,0.0610572,1.0,0.03333333333333333,-0.002058999999999922,-0.0044640000000000235,-0.06176999999999766,-0.1339200000000007,0.14747914869567122,0.9487351455785796,0.00491597162318904,245.23869781142622,fast
334,232,2,0.578712,0.575068,0.0383721,0.0595259,1.0,0.03333333333333333,-0.0027930000000000454,-0.005259999999999931,-0.08379000000000136,-0.15779999999999794,0.17866618062744716,0.9356109579532782,0.0059555393542482385,242.03220773654937,fast
335,232,2,0.577749,0.569377,0.0370964,0.0572408,1.0,0.03333333333333333,-0.0009630000000000472,-0.005691000000000002,-0.028890000000001415,-0.17073000000000005,0.1731570529894757,-0.16527382913914368,0.0057719017663158565,260.39569930740277,fast
336,232,2,0.576715,0.563898,0.0377749,0.058592,1.0,0.03333333333333333,-0.0010339999999999794,-0.005479000000000012,-0.03101999999999938,-0.16437000000000035,0.16727144795212384,-0.1765681511205558,0.005575714931737461,259.31280130926274,fast
337,232,2,0.576492,0.559648,0.0380973,0.0589582,1.0,0.03333333333333333,-0.00022299999999997322,-0.004249999999999976,-0.006689999999999197,-0.12749999999999928,0.1276753934789308,-1.187881634195791,0.004255846449297693,266.99641118090057,fast
338,232,2,0.574375,0.55597,0.0364508,0.0564735,1.0,0.03333333333333333,-0.0021170000000000355,-0.00367800000000007,-0.06351000000000107,-0.1103400000000021,0.127312354860008,-0.010891158567684356,0.004243745162000267,240.0759339125879,fast
339,232,2,0.573186,0.55058,0.0341661,0.0527643,1.0,0.03333333333333333,-0.0011889999999999956,-0.005390000000000006,-0.03566999999999987,-0.16170000000000018,0.1655875565977107,1.1482560521310814,0.005519585219923691,257.56013984125934,fast
340,232,2,0.572092,0.545695,0.0349046,0.0540321,1.0,0.03333333333333333,-0.0010939999999999284,-0.004884999999999917,-0.03281999999999785,-0.14654999999999752,0.15018007491008628,-0.4622244506287329,0.005006002497002876,257.3768435961355,fast
341,232,2,0.570877,0.541789,0.0355012,0.0551824,1.0,0.03333333333333333,-0.0012150000000000771,-0.003906000000000076,-0.036450000000002314,-0.11718000000000228,0.12271819302776872,-0.8238564564695268,0.004090606434258957,252.72117650117383,fast
342,232,2,0.57052,0.53838,0.0344407,0.0532625,1.0,0.03333333333333333,-0.0003569999999999407,-0.0034089999999999954,-0.010709999999998221,-0.10226999999999986,0.10282926139966159,-0.5966679488432141,0.0034276420466553864,264.02161711789785,fast
343,232,2,0.570117,0.536019,0.0339849,0.0521859,1.0,0.03333333333333333,-0.0004030000000000422,-0.0023609999999999465,-0.012090000000001266,-0.0708299999999984,0.07185441531318588,-0.929245382594271,0.0023951471771061963,260.31351396680395,fast
344,232,2,0.568426,0.531967,0.0321201,0.0492659,1.0,0.03333333333333333,-0.001690999999999998,-0.0040520000000000556,-0.05072999999999994,-0.12156000000000167,0.1317207899308245,1.7959912385291585,0.00439069299769415,247.34801352298544,fast
345,232,2,0.567605,0.528099,0.0316708,0.0484177,1.0,0.03333333333333333,-0.0008209999999999607,-0.0038679999999999826,-0.02462999999999882,-0.11603999999999948,0.118625117492038,-0.3928701731635953,0.003954170583067933,258.016565502087,fast
346,232,2,0.566849,0.524831,0.0308627,0.0471408,1.0,0.03333333333333333,-0.0007559999999999789,-0.0032679999999999376,-0.022679999999999367,-0.09803999999999813,0.10062914090858376,-0.5398792975036272,0.0033543046969527917,256.9746561215515,fast
348,232,2,0.565173,0.514554,0.0333064,0.0510507,2.0,0.06666666666666667,-0.0016760000000000108,-0.010277000000000092,-0.025140000000000162,-0.15415500000000137,0.1561914966475462,0.8334353360844367,0.010412766443169746,260.7375943647461,fast
349,232,2,0.565029,0.513377,0.0319822,0.0484673,1.0,0.03333333333333333,-0.000144000000000033,-0.0011769999999999836,-0.00432000000000099,-0.03530999999999951,0.0355732835144575,-3.618546393992661,0.0011857761171485835,263.02481536894925,fast
309,238,2,0.472932,0.43468,0.0263413,0.0392184,,,,,0.0,0.0,0.0,0.0,0.0,0.0,stationary
310,238,2,0.471832,0.437431,0.0236987,0.0352078,1.0,0.03333333333333333,-0.0011000000000000454,0.0027510000000000034,-0.03300000000000136,0.0825300000000001,0.08888307431676802,0.0,0.0029627691438922675,111.79422731409147,fast
311,238,2,0.470747,0.439446,0.0226024,0.0334905,1.0,0.03333333333333333,-0.0010849999999999471,0.002014999999999989,-0.032549999999998414,0.06044999999999967,0.06865642723008428,-0.6067994126005123,0.002288547574336142,118.30075576600535,fast
312,238,2,0.469528,0.440469,0.0216326,0.0319724,1.0,0.03333333333333333,-0.0012190000000000256,0.0010229999999999961,-0.03657000000000077,0.030689999999999884,0.04774139713079257,-0.6274509029787513,0.0015913799043597524,139.99620630820488,fast
313,238,2,0.468921,0.441766,0.0209265,0.0307448,1.0,0.03333333333333333,-0.0006070000000000242,0.0012969999999999926,-0.018210000000000726,0.03890999999999978,0.04296035614377526,-0.14343122961051927,0.0014320118714591754,115.0797389754822,fast
314,238,2,0.468488,0.442049,0.0213922,0.0312453,1.0,0.03333333333333333,-0.0004329999999999612,0.0002830000000000332,-0.012989999999998836,0.008490000000000997,0.015518382647685508,-0.8232592048826927,0.0005172794215895169,146.832185169063,moving
315,238,2,0.468247,0.442421,0.0225528,0.0327521,1.0,0.03333333333333333,-0.00024099999999999122,0.00037199999999998346,-0.007229999999999737,0.011159999999999504,0.013297311758396324,-0.06663212667867553,0.00044324372527987745,122.9371625740107,moving
316,238,2,0.467696,0.442909,0.0222655,0.031948,1.0,0.03333333333333333,-0.0005510000000000237,0.00048799999999998844,-0.01653000000000071,0.014639999999999653,0.022080998618722238,0.2635106058097774,0.0007360332872907412,138.46989420470982,moving
317,238,2,0.467593,0.442572,0.0235213,0.0334898,1.0,0.03333333333333333,-0.00010300000000001974,-0.0003369999999999762,-0.0030900000000005923,-0.010109999999999286,0.01057166968836944,-0.3452798679105839,0.0003523889896123147,253.00485738803945,moving
319,238,2,0.467059,0.445363,0.023446,0.0327831,2.0,0.06666666666666667,-0.0005339999999999789,0.002790999999999988,-0.008009999999999684,0.04186499999999982,0.04262438650584874,0.48079075226218954,0.0028416257670565823,100.83145720594467,fast
325,252,2,0.463126,0.455819,0.030585,0.0452855,,,,,0.0,0.0,0.0,0.0,0.0,0.0,stationary
326,252,2,0.461925,0.457462,0.030654,0.0454317,1.0,0.03333333333333333,-0.0012010000000000076,0.0016430000000000056,-0.03603000000000023,0.04929000000000017,0.061054606705800936,0.0,0.0020351535568600317,126.16605369762271,fast
327,252,2,0.461331,0.457656,0.0323048,0.0480128,1.0,0.03333333333333333,-0.0005939999999999834,0.00019400000000002748,-0.017819999999999503,0.0058200000000008245,0.01874632764036711,-1.269248371963015,0.000624877588012237,161.91299697774082,moving
328,252,2,0.46003,0.458699,0.0319551,0.0475624,1.0,0.03333333333333333,-0.0013009999999999966,0.0010430000000000161,-0.0390299999999999,0.031290000000000484,0.05002404421875567,0.9383314973516567,0.001667468140625189,141.2811626786006,fast
329,252,2,0.459572,0.46237,0.030003,0.0444809,1.0,0.03333333333333333,-0.00045800000000001395,0.00367099999999998,-0.013740000000000419,0.1101299999999994,0.11098380287231051,1.8287927596066451,0.0036994600957436837,97.1115693412836,fast
330,252,2,0.459251,0.46416,0.0305699,0.0452128,1.0,0.03333333333333333,-0.0003209999999999602,0.0017900000000000138,-0.009629999999998806,0.053700000000000414,0.05455663937597349,-1.6928149048901104,0.0018185546458657832,100.16676424562945,fast
331,252,2,0.457477,0.465096,0.0305383,0.0454021,1.0,0.03333333333333333,-0.0017739999999999978,0.0009359999999999924,-0.053219999999999934,0.028079999999999772,0.060173539035027514,0.16850698977162065,0.002005784634500917,152.18292102942837,fast
332,252,2,0.457523,0.467048,0.0287376,0.042094,1.0,0.03333333333333333,4.599999999999049e-05,0.0019520000000000093,0.0013799999999997148,0.05856000000000028,0.05857625798905246,-0.04791843137925168,0.0019525419329684153,88.65004193770807,fast
333,252,2,0.457643,0.468438,0.0301118,0.0435553,1.0,0.03333333333333333,0.00012000000000000899,0.0013900000000000023,0.0036000000000002697,0.04170000000000007,0.041855107215249224,-0.5016345232140971,0.0013951702405083075,85.06583565943959,fast
334,252,2,0.455692,0.46931,0.0316664,0.0458887,1.0,0.03333333333333333,-0.001951000000000036,0.0008719999999999839,-0.05853000000000108,0.026159999999999517,0.06411011230687481,0.6676501527487677,0.002137003743562494,155.9177309795282,fast
335,252,2,0.454754,0.469982,0.0331087,0.0481305,1.0,0.03333333333333333,-0.0009379999999999944,0.0006720000000000059,-0.028139999999999832,0.020160000000000178,0.034616256296716975,-0.8848156803047351,0.0011538752098905658,144.38151016074784,fast
336,252,2,0.454432,0.471779,0.0342569,0.0499933,1.0,0.03333333333333333,-0.00032199999999998896,0.001796999999999993,-0.009659999999999669,0.05390999999999979,0.05476863792354134,0.604571448804731,0.0018256212641180449,100.15887742811037,fast
337,252,2,0.452579,0.47342,0.0346265,0.0511383,1.0,0.03333333333333333,-0.0018529999999999935,0.0016410000000000036,-0.055589999999999806,0.04923000000000011,0.07425524223918463,0.5845981294692986,0.002475174741306154,138.47219004763667,fast
338,252,2,0.452254,0.474087,0.0359274,0.0535391,1.0,0.03333333333333333,-0.0003250000000000197,0.0006669999999999732,-0.009750000000000592,0.020009999999999195,0.022258989195378557,-1.5598875913141823,0.0007419663065126186,115.9779540332326,moving
339,252,2,0.452355,0.477467,0.0359625,0.0534874,1.0,0.03333333333333333,0.00010100000000001774,0.003379999999999994,0.0030300000000005323,0.10139999999999982,0.10144526060886219,2.375588142404509,0.003381508686962073,88.28841649094363,fast
340,252,2,0.453033,0.479528,0.0373859,0.0554687,1.0,0.03333333333333333,0.0006780000000000119,0.002061000000000035,0.020340000000000358,0.06183000000000105,0.06508966507826065,-1.0906678659180462,0.0021696555026086885,71.79052531512468,fast
341,252,2,0.451864,0.480949,0.0379785,0.0565925,1.0,0.03333333333333333,-0.0011690000000000311,0.0014210000000000056,-0.035070000000000934,0.04263000000000017,0.05520164671456894,-0.2966405509107514,0.0018400548904856312,129.4427677904498,fast
342,252,2,0.448886,0.482517,0.0374236,0.056545,1.0,0.03333333333333333,-0.0029779999999999807,0.0015679999999999583,-0.08933999999999942,0.04703999999999875,0.10096730758022508,1.3729698259696843,0.003365576919340836,152.23194472528303,fast
343,252,2,0.446878,0.484585,0.0355058,0.0542483,1.0,0.03333333333333333,-0.0020080000000000098,0.0020680000000000143,-0.06024000000000029,0.06204000000000043,0.0864743846465535,-0.4347876880101473,0.0028824794882184503,134.15664904383902,fast
344,252,2,0.445066,0.485492,0.0382372,0.0600772,1.0,0.03333333333333333,-0.0018119999999999803,0.0009069999999999911,-0.05435999999999941,0.027209999999999734,0.06078974995835993,-0.7705390406458072,0.0020263249986119977,153.40965825757576,fast
345,252,2,0.444389,0.488493,0.0365738,0.0581286,1.0,0.03333333333333333,-0.0006770000000000387,0.0030010000000000314,-0.02031000000000116,0.09003000000000094,0.09229245364600627,0.9450811106293903,0.0030764151215335427,102.71263516200804,fast
346,252,2,0.443523,0.492328,0.0352999,0.0565741,1.0,0.03333333333333333,-0.0008659999999999779,0.0038349999999999773,-0.025979999999999337,0.11504999999999932,0.11794686473153837,0.769632332565963,0.003931562157717945,102.72481424608793,fast
347,252,2,0.442871,0.495506,0.0355899,0.0575174,1.0,0.03333333333333333,-0.0006519999999999859,0.003178000000000014,-0.019559999999999578,0.09534000000000042,0.09732578897702328,-0.6186322726354527,0.0032441929659007755,101.59394985026336,fast
348,252,2,0.442297,0.497675,0.0359928,0.0584896,1.0,0.03333333333333333,-0.0005740000000000189,0.0021689999999999765,-0.017220000000000568,0.0650699999999993,0.06730997920070937,-0.9004742932894172,0.002243665973356979,104.82284961125777,fast
349,252,2,0.441678,0.499936,0.0359752,0.0586835,1.0,0.03333333333333333,-0.0006189999999999807,0.002261000000000013,-0.01856999999999942,0.06783000000000039,0.07032605349370909,0.09048222878999146,0.002344201783123636,105.31085387955602,fast
350,252,2,0.440099,0.501692,0.035837,0.0585706,1.0,0.03333333333333333,-0.001578999999999997,0.0017560000000000353,-0.04736999999999991,0.05268000000000106,0.07084560183949391,0.01558645037354478,0.002361520061316464,131.9619649159078,fast
352,252,2,0.436189,0.506426,0.0349556,0.0572659,2.0,0.06666666666666667,-0.003910000000000025,0.004734000000000016,-0.05865000000000037,0.07101000000000024,0.09209909120072834,0.31880234041851646,0.00613993941338189,129.5546632058764,fast
353,252,2,0.435049,0.510801,0.0346575,0.0563246,1.0,0.03333333333333333,-0.0011399999999999744,0.004374999999999907,-0.03419999999999923,0.1312499999999972,0.13563260116947995,1.3060052990625481,0.004521086705649331,104.60487926159732,fast
354,252,2,0.434356,0.513349,0.0364483,0.0596597,1.0,0.03333333333333333,-0.0006929999999999992,0.0025480000000001057,-0.020789999999999975,0.07644000000000317,0.07921677663222913,-1.6924747361175245,0.0026405592210743045,105.21515420394917,fast
355,252,2,0.432964,0.515087,0.0380143,0.0630085,1.0,0.03333333333333333,-0.0013920000000000043,0.0017379999999999063,-0.04176000000000013,0.05213999999999719,0.06680177542550585,-0.3724500362016986,0.002226725847516862,128.69195625437249,fast
356,252,2,0.431046,0.519103,0.0376727,0.0628806,1.0,0.03333333333333333,-0.0019180000000000308,0.0040160000000000196,-0.057540000000000924,0.12048000000000059,0.1335151002695959,2.0013997453227015,0.004450503342319863,115.52865766141332,fast
357,252,2,0.430187,0.523217,0.0370118,0.061728,1.0,0.03333333333333333,-0.0008589999999999987,0.004114000000000062,-0.02576999999999996,0.12342000000000186,0.12608167709861912,-0.22300269512930349,0.004202722569953971,101.7938696376574,fast
358,252,2,0.429569,0.52669,0.0382805,0.0638605,1.0,0.03333333333333333,-0.0006180000000000074,0.0034729999999999484,-0.018540000000000223,0.10418999999999845,0.1058266870878971,-0.6076497003216607,0.0035275562362632367,100.08983758001307,fast
359,252,2,0.428592,0.527064,0.0389732,0.0652418,1.0,0.03333333333333333,-0.0009770000000000056,0.00037399999999998546,-0.02931000000000017,0.011219999999999564,0.031384144085827806,-2.233276290062079,0.0010461381361942601,159.05292901536734,fast
360,252,2,0.427091,0.53317,0.0414183,0.0697499,1.0,0.03333333333333333,-0.0015009999999999746,0.006106000000000056,-0.04502999999999924,0.18318000000000167,0.18863354235130225,4.717481947964234,0.006287784745043408,103.81081861333541,fast
361,252,2,0.425352,0.536985,0.0417045,0.0704327,1.0,0.03333333333333333,-0.0017389999999999906,0.003815000000000013,-0.05216999999999972,0.11445000000000038,0.1257796144055151,-1.8856178383736144,0.00419265381351717,114.50502803193456,fast
362,252,2,0.423808,0.539248,0.0419178,0.0709706,1.0,0.03333333333333333,-0.0015439999999999898,0.002262999999999904,-0.046319999999999695,0.06788999999999712,0.08218634010588123,-1.3077982289890162,0.0027395446701960406,124.30494243501613,fast
363,252,2,0.421766,0.541571,0.0425102,0.0720158,1.0,0.03333333333333333,-0.0020420000000000438,0.002323000000000075,-0.06126000000000131,0.06969000000000225,0.0927873035495723,0.31802890331073225,0.003092910118319077,131.31662581689739,fast
364,252,2,0.418886,0.545915,0.0450528,0.0767032,1.0,0.03333333333333333,-0.0028799999999999937,0.0043440000000000145,-0.08639999999999981,0.13032000000000044,0.15635940138028184,1.9071629349212862,0.005211980046009394,123.54371847129795,fast
365,252,2,0.417421,0.549906,0.0468522,0.0804195,1.0,0.03333333333333333,-0.001464999999999994,0.003990999999999967,-0.04394999999999982,0.119729999999999,0.1275416614287259,-0.8645321985466786,0.004251388714290863,110.1569703138486,fast
366,252,2,0.415776,0.554407,0.0477508,0.0823351,1.0,0.03333333333333333,-0.0016450000000000076,0.004500999999999977,-0.04935000000000023,0.13502999999999932,0.1437655153366058,0.4867156172363976,0.004792183844553527,110.07606103084532,fast
367,252,2,0.414403,0.559486,0.0469765,0.0812162,1.0,0.03333333333333333,-0.0013729999999999576,0.005079000000000056,-0.04118999999999873,0.15237000000000167,0.15783926317618316,0.4222124351873205,0.005261308772539438,105.12713274445036,fast
368,252,2,0.412965,0.562415,0.0483956,0.0842113,1.0,0.03333333333333333,-0.0014379999999999948,0.0029289999999999594,-0.043139999999999845,0.08786999999999878,0.09788869444425016,-1.79851706195799,0.0032629564814750053,116.14884738029042,fast
369,252,2,0.411181,0.56921,0.0501266,0.0879483,1.0,0.03333333333333333,-0.0017840000000000078,0.0067949999999999955,-0.053520000000000234,0.20384999999999986,0.2107586603202819,3.386098976280952,0.00702528867734273,104.71076902312348,fast
370,252,2,0.409036,0.575803,0.0527645,0.0937905,1.0,0.03333333333333333,-0.002145000000000008,0.00659299999999996,-0.06435000000000024,0.1977899999999988,0.20799472733701582,-0.08291798949798229,0.0069331575779005275,108.02204166889749,fast
371,252,2,0.407026,0.579146,0.0524753,0.093598,1.0,0.03333333333333333,-0.0020100000000000118,0.003343000000000096,-0.06030000000000035,0.10029000000000288,0.1170221094494567,-2.729178536626774,0.0039007369816485564,121.01665655528177,fast
372,252,2,0.405212,0.585676,0.0530022,0.0952422,1.0,0.03333333333333333,-0.0018139999999999823,0.006529999999999925,-0.05441999999999947,0.19589999999999774,0.20331833758910942,2.588886844189582,0.00677727791963698,105.52501607185906,fast
373,252,2,0.403059,0.5924,0.0554355,0.100277,1.0,0.03333333333333333,-0.002153000000000016,0.006724000000000063,-0.06459000000000048,0.2017200000000019,0.21180846654466112,0.2547038686665512,0.00706028221815537,107.75487408509417,fast
374,252,2,0.400844,0.599794,0.0563604,0.1023,1.0,0.03333333333333333,-0.0022150000000000225,0.007394000000000012,-0.06645000000000068,0.22182000000000035,0.23155931184040135,0.5925253588722068,0.0077186437280133795,106.6764922969329,fast
375,252,2,0.397878,0.605892,0.0571173,0.104173,1.0,0.03333333333333333,-0.0029659999999999687,0.006097999999999937,-0.08897999999999906,0.1829399999999981,0.20343176743075095,-0.8438263322895121,0.006781058914358365,115.93777776980505,fast
376,252,2,0.395281,0.611944,0.0603774,0.110828,1.0,0.03333333333333333,-0.002597000000000016,0.006052000000000057,-0.07791000000000048,0.18156000000000172,0.19757024497631392,-0.1758456736331107,0.0065856748325437975,113.22486511909972,fast
377,252,2,0.392053,0.616735,0.0631801,0.116598,1.0,0.03333333333333333,-0.0032280000000000086,0.00479099999999999,-0.09684000000000026,0.1437299999999997,0.17330983382370418,-0.7278123345782922,0.005776994460790139,123.97064378000414,fast
378,252,2,0.38875,0.624087,0.0610281,0.112376,1.0,0.03333333333333333,-0.0033030000000000004,0.007351999999999914,-0.09909000000000001,0.22055999999999742,0.24179648818789504,2.0545996309257255,0.008059882939596502,114.1927391040262,fast
379,252,2,0.38639,0.62697,0.0645579,0.119894,1.0,0.03333333333333333,-0.0023599999999999732,0.00288300000000008,-0.0707999999999992,0.0864900000000024,0.11177280572661805,-3.9007104738383096,0.0037257601908872685,129.30347301774458,fast
380,252,2,0.383329,0.632396,0.0622059,0.114773,1.0,0.03333333333333333,-0.003061000000000036,0.005425999999999931,-0.09183000000000108,0.16277999999999793,0.18689589963399283,2.2536928172212436,0.0062298633211330945,119.42889415845104,fast
381,252,2,0.380003,0.638955,0.0688022,0.128105,1.0,0.03333333333333333,-0.0033259999999999956,0.0065590000000000925,-0.09977999999999987,0.19677000000000278,0.22062293919717657,1.0118111868955122,0.007354097973239219,116.88908734129768,fast
382,252,2,0.377272,0.646327,0.0687122,0.128181,1.0,0.03333333333333333,-0.0027309999999999834,0.007371999999999934,-0.0819299999999995,0.22115999999999802,0.23584798175943555,0.4567512768677695,0.007861599391981186,110.32743994889171,fast
383,252,2,0.373224,0.655515,0.0684275,0.127061,1.0,0.03333333333333333,-0.004047999999999996,0.009187999999999974,-0.12143999999999988,0.2756399999999992,0.30120604774804827,1.9607419796583814,0.01004020159160161,113.77707388779226,fast
384,252,2,0.369419,0.671098,0.077064,0.144648,1.0,0.03333333333333333,-0.003805000000000003,0.015583000000000014,-0.11415000000000008,0.4674900000000004,0.48122460722618954,5.400556784344238,0.016040820240872986,103.7217726101905,fast
385,252,2,0.365252,0.678987,0.0761194,0.142767,1.0,0.03333333333333333,-0.004166999999999976,0.007889000000000035,-0.1250099999999993,0.23667000000000105,0.26765684934258704,-6.407032736508075,0.008921894978086233,117.84318566871917,fast
386,252,2,0.361263,0.694368,0.0814572,0.154067,1.0,0.03333333333333333,-0.00398900000000002,0.015380999999999978,-0.11967000000000061,0.46142999999999934,0.47669545183481615,6.271158074766873,0.015889848394493873,104.53910896483421,fast
387,252,2,0.356842,0.704036,0.0844018,0.160565,1.0,0.03333333333333333,-0.004421000000000008,0.00966800000000001,-0.13263000000000025,0.2900400000000003,0.3189261960077915,-4.73307767481074,0.010630873200259716,114.57375356530764,fast
388,252,2,0.352314,0.712901,0.0900702,0.173113,1.0,0.03333333333333333,-0.0045279999999999765,0.008865000000000012,-0.1358399999999993,0.26595000000000035,0.2986334008445807,-0.6087838548963243,0.009954446694819355,117.05670475262463,fast
389,252,2,0.346323,0.719712,0.0955365,0.185494,1.0,0.03333333333333333,-0.005991000000000024,0.0068110000000000115,-0.17973000000000072,0.20433000000000034,0.272127951155335,-0.7951634906773702,0.009070931705177834,131.3350691447181,fast
390,252,2,0.339495,0.744543,0.0978202,0.190452,1.0,0.03333333333333333,-0.006828000000000001,0.024830999999999936,-0.20484000000000002,0.7449299999999981,0.7725801773926102,15.013566787118258,0.025752672579753676,105.3751250133958,fast
391,252,2,0.334667,0.765678,0.103468,0.203531,1.0,0.03333333333333333,-0.004827999999999999,0.021135000000000015,-0.14483999999999997,0.6340500000000004,0.6503829857091901,-3.665915750502604,0.021679432856973,102.86764036570099,fast
392,252,2,0.327871,0.78511,0.106737,0.211369,1.0,0.03333333333333333,-0.006795999999999969,0.019432000000000005,-0.20387999999999906,0.5829600000000001,0.6175835295731257,-0.9839836840819316,0.02058611765243752,109.27638597839643,fast
393,252,2,0.321492,0.803005,0.109172,0.217088,1.0,0.03333333333333333,-0.0063790000000000235,0.017894999999999994,-0.1913700000000007,0.5368499999999998,0.5699389435720287,-1.42933758003291,0.01899796478573429,109.61953890064171,fast
394,252,2,0.313585,0.828138,0.11935,0.239794,1.0,0.03333333333333333,-0.007906999999999997,0.025133000000000072,-0.23720999999999992,0.7539900000000022,0.790423623255279,6.614540390497511,0.026347454108509298,107.46390358413373,fast
395,252,2,0.305333,0.852244,0.127743,0.259053,1.0,0.03333333333333333,-0.008251999999999982,0.02410599999999996,-0.24755999999999945,0.7231799999999988,0.7643790067760876,-0.7813384943757429,0.025479300225869583,108.89717358084692,fast
396,252,2,0.296404,0.867027,0.126651,0.256622,1.0,0.03333333333333333,-0.00892900000000002,0.01478299999999999,-0.2678700000000006,0.4434899999999997,0.5181097538166987,-7.388077588781669,0.017270325127223287,121.13216929342246,fast
397,252,2,0.287149,0.875763,0.125989,0.248474,1.0,0.03333333333333333,-0.009255000000000013,0.008735999999999966,-0.2776500000000004,0.262079999999999,0.3818055118774475,-4.089127258177535,0.012726850395914915,136.65239646736148,fast
398,252,2,0.276561,0.885861,0.12022,0.228279,1.0,0.03333333333333333,-0.010587999999999986,0.010098000000000051,-0.3176399999999996,0.30294000000000154,0.43893941859896873,1.7140172016456374,0.014631313953298957,136.35694106131018,fast
399,252,7,0.265911,0.897679,0.111922,0.204642,1.0,0.03333333333333333,-0.010649999999999993,0.011817999999999995,-0.3194999999999998,0.35453999999999986,0.47726183756927365,1.1496725691091476,0.01590872791897579,132.02415505750014,fast
400,252,7,0.256881,0.912107,0.102092,0.175787,1.0,0.03333333333333333,-0.009029999999999982,0.014427999999999996,-0.2708999999999995,0.4328399999999999,0.5106243977719823,1.00087680608126,0.017020813259066077,122.04106505701662,fast
335,257,2,0.461673,0.469968,0.0478354,0.051692,,,,,0.0,0.0,0.0,0.0,0.0,0.0,stationary
336,257,2,0.461787,0.471744,0.0491914,0.053229,1.0,0.03333333333333333,0.00011400000000000299,0.0017759999999999998,0.0034200000000000896,0.053279999999999994,0.053389650682505875,0.0,0.0017796550227501958,86.32726903118106,fast
337,257,2,0.460951,0.472983,0.049445,0.0535907,1.0,0.03333333333333333,-0.0008360000000000034,0.0012389999999999901,-0.025080000000000102,0.0371699999999997,0.04483988514704273,-0.25649296606389443,0.0014946628382347575,124.00902384989433,fast
338,257,2,0.460184,0.474969,0.0501936,0.0544968,1.0,0.03333333333333333,-0.0007670000000000177,0.0019859999999999878,-0.02301000000000053,0.05957999999999963,0.06386890088298044,0.5708704720781315,0.002128963362766015,111.11673152463186,fast
342,257,2,0.454381,0.483589,0.0528403,0.0581585,4.0,0.13333333333333333,-0.005803000000000003,0.008620000000000017,-0.04352250000000002,0.06465000000000012,0.0779347836735948,0.10549412092960765,0.010391304489812639,123.94851307836097,fast
343,257,2,0.454167,0.485941,0.05117,0.0566574,1.0,0.03333333333333333,-0.00021399999999999197,0.0023520000000000207,-0.006419999999999759,0.07056000000000062,0.0708514643461946,-0.21249957982200585,0.002361715478206487,95.19882174522604,fast
344,257,2,0.45202,0.486833,0.0513326,0.0576691,1.0,0.03333333333333333,-0.00214700000000001,0.0008920000000000039,-0.0644100000000003,0.026760000000000117,0.06974772899528733,-0.0331120605272181,0.002324924299842911,157.4389018777291,fast
345,257,2,0.452829,0.489187,0.0518865,0.0586085,1.0,0.03333333333333333,0.0008090000000000042,0.0023539999999999672,0.024270000000000125,0.07061999999999902,0.0746740738141416,0.14779034456562784,0.00248913579380472,71.03367371734805,fast
346,257,2,0.453295,0.492462,0.0511513,0.0577669,1.0,0.03333333333333333,0.00046600000000002195,0.003275000000000028,0.013980000000000659,0.09825000000000084,0.0992396236389487,0.7369664947442132,0.003307987454631623,81.90174087858202,fast
338,262,2,0.397084,0.489236,0.033601,0.0537777,,,,,0.0,0.0,0.0,0.0,0.0,0.0,stationary
339,262,2,0.396566,0.489917,0.0361915,0.0578799,1.0,0.03333333333333333,-0.0005180000000000184,0.0006809999999999872,-0.015540000000000553,0.020429999999999615,0.025668589754795676,0.0,0.0008556196584931892,127.2582922589956,moving
348,283,2,0.45805,0.443043,0.0295807,0.0608213,,,,,0.0,0.0,0.0,0.0,0.0,0.0,stationary
349,283,2,0.457426,0.44215,0.0287544,0.0590673,1.0,0.03333333333333333,-0.0006240000000000134,-0.0008930000000000327,-0.018720000000000403,-0.02679000000000098,0.032682449418611016,0.0,0.0010894149806203672,235.0553744044568,fast
350,283,2,0.455617,0.443949,0.0281114,0.057693,1.0,0.03333333333333333,-0.001809000000000005,0.001798999999999995,-0.05427000000000015,0.05396999999999985,0.07653753196961606,1.3156524765301514,0.0025512510656538687,135.15880164301802,fast
355,283,7,0.451933,0.457745,0.0291299,0.059775,5.0,0.16666666666666666,-0.0036840000000000206,0.01379600000000003,-0.022104000000000124,0.08277600000000018,0.08567644362367077,0.054833469924328276,0.014279407270611794,104.9510606175374,fast
364,283,2,0.443224,0.478523,0.0347886,0.0720892,9.0,0.3,-0.008708999999999967,0.020777999999999963,-0.02902999999999989,0.06925999999999988,0.07509785949013445,-0.03526194711178775,0.022529357847040337,112.74076298918271,fast
365,283,2,0.442958,0.478871,0.0354161,0.073924,1.0,0.03333333333333333,-0.00026599999999998847,0.00034800000000001496,-0.007979999999999654,0.010440000000000449,0.013140547933781294,-1.8587193466905947,0.00043801826445937647,127.39313222802582,moving
366,283,2,0.441764,0.480256,0.0346223,0.0724575,1.0,0.03333333333333333,-0.0011940000000000284,0.001385000000000025,-0.03582000000000085,0.04155000000000075,0.054858681172628675,1.2515439971654214,0.0018286227057542892,130.7644235367195,fast
367,283,2,0.441008,0.483467,0.0352256,0.0734691,1.0,0.03333333333333333,-0.0007559999999999789,0.003210999999999964,-0.022679999999999367,0.09632999999999892,0.09896388886861592,1.3231562308796172,0.0032987962956205308,103.24847614287194,fast
368,283,2,0.438895,0.485862,0.0356524,0.0743484,1.0,0.03333333333333333,-0.0021130000000000315,0.002395000000000036,-0.06339000000000095,0.07185000000000108,0.09581604562911306,-0.09443529718508578,0.003193868187637102,131.42050054949073,fast
369,283,2,0.437302,0.489101,0.0369961,0.077252,1.0,0.03333333333333333,-0.0015929999999999556,0.003238999999999992,-0.04778999999999867,0.09716999999999976,0.10828616255089948,0.37410350765359285,0.003609538751696649,116.18881122337609,fast
370,283,2,0.436299,0.48972,0.0360881,0.075166,1.0,0.03333333333333333,-0.0010030000000000316,0.0006189999999999807,-0.03009000000000095,0.01856999999999942,0.03535891683861421,-2.1878173713685585,0.0011786305612871404,148.31924989588572,fast
371,283,2,0.435795,0.49155,0.0372164,0.0780538,1.0,0.03333333333333333,-0.0005040000000000044,0.0018299999999999983,-0.015120000000000133,0.05489999999999995,0.05694404622082978,0.6475538814664672,0.0018981348740276594,105.3980798745277,fast
372,283,2,0.435057,0.494002,0.0377931,0.0797435,1.0,0.03333333333333333,-0.0007379999999999609,0.0024520000000000097,-0.022139999999998827,0.07356000000000029,0.07681961468270972,0.596267053856398,0.0025606538227569905,106.75068054501634,fast
373,283,2,0.433879,0.496497,0.0385127,0.0815718,1.0,0.03333333333333333,-0.0011780000000000124,0.002495000000000025,-0.03534000000000037,0.07485000000000075,0.08277341421012026,0.17861398582231625,0.0027591138070040084,115.27407102880852,fast
374,283,2,0.432648,0.498964,0.0383385,0.0809752,1.0,0.03333333333333333,-0.0012310000000000376,0.002466999999999997,-0.03693000000000113,0.07400999999999991,0.08271218169048662,-0.0018369755890090822,0.002757072723016221,116.51858259074407,fast
375,283,2,0.431114,0.502352,0.0405525,0.0865077,1.0,0.03333333333333333,-0.0015339999999999798,0.003388000000000002,-0.046019999999999395,0.10164000000000006,0.11157298060014333,0.8658239672897011,0.0037190993533381105,114.35980509131372,fast
376,283,7,0.429379,0.506143,0.0422772,0.091174,1.0,0.03333333333333333,-0.0017349999999999866,0.003790999999999989,-0.0520499999999996,0.11372999999999966,0.12507483919637827,0.4050557578870483,0.0041691613065459425,114.5918115932347,fast
377,283,2,0.427706,0.509739,0.041169,0.0891449,1.0,0.03333333333333333,-0.0016730000000000356,0.0035960000000000436,-0.05019000000000107,0.10788000000000131,0.1189837404858344,-0.1827329613163159,0.003966124682861147,114.9496930851202,fast
378,283,2,0.426568,0.512221,0.0411849,0.0894203,1.0,0.03333333333333333,-0.0011379999999999724,0.0024819999999999842,-0.03413999999999917,0.07445999999999953,0.08191355931712327,-1.1121054350613342,0.0027304519772374425,114.63151303951975,fast
379,283,2,0.425493,0.514643,0.0425904,0.0930494,1.0,0.03333333333333333,-0.0010749999999999926,0.002421999999999924,-0.03224999999999978,0.07265999999999773,0.07949552251542004,-0.0725411040510969,0.0026498507505140017,113.93394866221513,fast
380,283,2,0.423957,0.519514,0.043275,0.0952833,1.0,0.03333333333333333,-0.0015360000000000373,0.00487100000000007,-0.04608000000000112,0.1461300000000021,0.1532231813401638,2.211829764742313,0.0051074393780054595,107.50192151475466,fast
381,283,2,0.42282,0.523243,0.0436357,0.0963298,1.0,0.03333333333333333,-0.0011369999999999991,0.0037289999999999823,-0.034109999999999974,0.11186999999999947,0.11695464505525156,-1.0880560885473671,0.0038984881685083855,106.95685601248789,fast
382,283,2,0.421255,0.527527,0.0443314,0.0976399,1.0,0.03333333333333333,-0.001564999999999983,0.0042839999999999545,-0.04694999999999949,0.12851999999999864,0.13682723742003855,0.5961777709436096,0.004560907914001286,110.06789528402692,fast
383,283,2,0.418688,0.530873,0.0447596,0.0979434,1.0,0.03333333333333333,-0.002566999999999986,0.003346000000000071,-0.07700999999999958,0.10038000000000213,0.12651752645384892,-0.30929132898568884,0.004217250881794964,127.49486831898366,fast
384,283,2,0.417662,0.535527,0.0462047,0.101047,1.0,0.03333333333333333,-0.0010260000000000269,0.004653999999999936,-0.030780000000000807,0.13961999999999808,0.14297255960497984,0.49365099453392763,0.004765751986832661,102.4323107435377,fast
385,283,2,0.416655,0.538362,0.04679,0.102179,1.0,0.03333333333333333,-0.0010069999999999801,0.002835000000000032,-0.030209999999999404,0.08505000000000096,0.09025600589434549,-1.5814966113190307,0.003008533529811516,109.55518189676366,fast
386,283,2,0.414375,0.543476,0.0487912,0.106675,1.0,0.03333333333333333,-0.0022800000000000042,0.005113999999999952,-0.06840000000000013,0.15341999999999856,0.16797695199044296,2.3316283828829243,0.005599231733014765,114.02898388341174,fast
387,283,2,0.411922,0.547632,0.0499603,0.109351,1.0,0.03333333333333333,-0.002452999999999983,0.0041560000000000485,-0.07358999999999949,0.12468000000000146,0.14477772791420745,-0.6959767222870653,0.004825924263806915,120.55042125113846,fast
388,283,2,0.409445,0.55242,0.0522734,0.114702,1.0,0.03333333333333333,-0.002477000000000007,0.0047880000000000145,-0.07431000000000021,0.14364000000000043,0.16172329980556344,0.5083671567406794,0.005390776660185448,117.35410768637087,fast
389,283,2,0.407496,0.557625,0.0535749,0.118165,1.0,0.03333333333333333,-0.0019489999999999785,0.005205000000000015,-0.058469999999999356,0.15615000000000046,0.1667380082644628,0.1504412537669811,0.005557933608815427,110.52829440723974,fast
390,283,2,0.406238,0.563937,0.0538751,0.119017,1.0,0.03333333333333333,-0.0012580000000000369,0.006311999999999984,-0.037740000000001106,0.18935999999999953,0.1930842230737662,0.7903864442791014,0.00643614076912554,101.27152346187881,fast
391,283,2,0.404262,0.570345,0.0553676,0.122282,1.0,0.03333333333333333,-0.0019759999999999778,0.006407999999999969,-0.05927999999999933,0.19223999999999908,0.20117240367406153,0.24264541800886025,0.006705746789135384,107.13790749779486,fast
392,283,2,0.402426,0.574994,0.0559314,0.123371,1.0,0.03333333333333333,-0.0018360000000000043,0.004649000000000014,-0.05508000000000013,0.13947000000000043,0.14995228341042405,-1.5366036079091245,0.004998409447014135,111.55023518488974,fast
393,283,2,0.399611,0.579396,0.0569268,0.125308,1.0,0.03333333333333333,-0.002815000000000012,0.004402000000000017,-0.08445000000000036,0.1320600000000005,0.15675345642122282,0.20403519032396317,0.00522511521404076,122.59818523841705,fast
394,283,2,0.396655,0.58652,0.0597637,0.132052,1.0,0.03333333333333333,-0.002956000000000014,0.007124000000000019,-0.08868000000000043,0.21372000000000058,0.2313879443704886,2.2390346384779733,0.007712931479016286,112.53529390633594,fast
395,283,2,0.394212,0.592328,0.060764,0.134205,1.0,0.03333333333333333,-0.002442999999999973,0.005807999999999924,-0.07328999999999919,0.17423999999999773,0.18902645767193305,-1.2708446009566665,0.006300881922397768,112.81292296587412,fast
396,283,2,0.391285,0.598726,0.0641362,0.14159,1.0,0.03333333333333333,-0.002927000000000013,0.006398000000000015,-0.08781000000000039,0.19194000000000044,0.21107240392813137,0.6613783876859497,0.007035746797604378,114.58346524258292,fast
397,283,2,0.388932,0.605885,0.0653764,0.144223,1.0,0.03333333333333333,-0.002352999999999994,0.0071590000000000265,-0.07058999999999982,0.2147700000000008,0.22607322043975114,0.45002449534859323,0.007535774014658371,108.19451473481377,fast
398,283,2,0.386144,0.613053,0.0674624,0.14898,1.0,0.03333333333333333,-0.0027880000000000127,0.007167999999999952,-0.08364000000000038,0.21503999999999857,0.23073329018587552,0.1398020923837312,0.007691109672862518,111.2535913172564,fast
399,283,2,0.382669,0.621081,0.069992,0.154954,1.0,0.03333333333333333,-0.003475000000000006,0.008028000000000035,-0.10425000000000018,0.24084000000000105,0.2624346930190453,0.951042084995094,0.008747823100634843,113.40585582985057,fast
400,283,2,0.379325,0.629049,0.072314,0.160376,1.0,0.03333333333333333,-0.003343999999999958,0.007967999999999975,-0.10031999999999874,0.23903999999999925,0.2592377750251676,-0.09590753981633171,0.008641259167505586,112.7667559566857,fast
401,283,2,0.375759,0.636885,0.0748742,0.166219,1.0,0.03333333333333333,-0.0035660000000000136,0.007836000000000065,-0.10698000000000041,0.23508000000000195,0.2582776157548327,-0.028804778110046447,0.008609253858494424,114.46929080877294,fast
402,283,2,0.372082,0.645449,0.0772886,0.171775,1.0,0.03333333333333333,-0.003676999999999986,0.008564000000000016,-0.11030999999999958,0.2569200000000005,0.2796000402360489,0.6396727344364855,0.009320001341201629,113.23652992169178,fast
403,283,2,0.368095,0.654759,0.0801016,0.178407,1.0,0.03333333333333333,-0.003987000000000018,0.00930999999999993,-0.11961000000000055,0.2792999999999979,0.3038339054483534,0.7270159563691359,0.010127796848278447,113.18299093189734,fast
404,283,2,0.363826,0.665422,0.0835213,0.186293,1.0,0.03333333333333333,-0.004269000000000023,0.010662999999999978,-0.12807000000000068,0.31988999999999934,0.3445744288248908,1.2222157012961217,0.011485814294163028,111.81900959914373,fast
405,283,2,0.359284,0.674315,0.0845906,0.188253,1.0,0.03333333333333333,-0.0045419999999999905,0.00889300000000004,-0.13625999999999971,0.2667900000000012,0.2995725149275223,-1.3500574169210555,0.009985750497584076,117.05516345609902,fast
406,283,2,0.355065,0.684605,0.0880439,0.195931,1.0,0.03333333333333333,-0.004218999999999973,0.010290000000000021,-0.12656999999999918,0.30870000000000064,0.3336400079426929,1.0220247904551178,0.011121333598089764,112.29410583840053,fast
407,283,2,0.350525,0.696637,0.0916745,0.203822,1.0,0.03333333333333333,-0.004540000000000044,0.012031999999999932,-0.13620000000000132,0.36095999999999795,0.3858011943993938,1.5648355937010279,0.012860039813313127,110.67285177270406,fast
408,283,2,0.34422,0.706797,0.0944764,0.208566,1.0,0.03333333333333333,-0.0063049999999999495,0.010160000000000058,-0.18914999999999849,0.30480000000000174,0.35872100928158707,-0.8124055535342023,0.011957366976052904,121.82253306314021,fast
409,283,2,0.338859,0.72373,0.100863,0.222694,1.0,0.03333333333333333,-0.005361000000000005,0.016932999999999976,-0.16083000000000014,0.5079899999999993,0.5328415608790283,5.223616547923238,0.017761385362634278,107.56782463689171,fast
410,283,2,0.333035,0.736792,0.104981,0.231913,1.0,0.03333333333333333,-0.005823999999999996,0.013062000000000018,-0.17471999999999988,0.39186000000000054,0.42904701141017215,-3.113836484065686,0.014301567047005737,114.0308270153418,fast
411,283,2,0.326469,0.75239,0.111756,0.247299,1.0,0.03333333333333333,-0.006566000000000016,0.015598,-0.1969800000000005,0.46794,0.5077095271904991,2.359875473409809,0.016923650906349973,112.82872748646423,fast
412,283,2,0.319512,0.767771,0.117693,0.260782,1.0,0.03333333333333333,-0.006956999999999991,0.015380999999999978,-0.20870999999999973,0.46142999999999934,0.5064360857995798,-0.03820324172758016,0.01688120285998599,114.33777670131121,fast
413,283,2,0.311918,0.791635,0.124637,0.276409,1.0,0.03333333333333333,-0.007594000000000045,0.023863999999999996,-0.22782000000000135,0.7159199999999999,0.7512944820774344,7.34575188833564,0.025043149402581146,107.65210620363354,fast
414,283,7,0.303311,0.813801,0.131711,0.292605,1.0,0.03333333333333333,-0.008606999999999976,0.02216600000000002,-0.2582099999999993,0.6649800000000006,0.7133518097685043,-1.1382801692679034,0.023778393658950143,111.2210614449719,fast
415,283,2,0.294523,0.834675,0.13769,0.305604,1.0,0.03333333333333333,-0.008788000000000018,0.020873999999999948,-0.26364000000000054,0.6262199999999984,0.6794538527376222,-1.016938710926465,0.022648461757920738,112.83119992422945,fast
416,283,7,0.284197,0.848954,0.138288,0.302092,1.0,0.03333333333333333,-0.010326000000000002,0.014279000000000042,-0.30978000000000006,0.42837000000000125,0.528644025124659,-4.524294828388894,0.0176214675041553,125.8729447835384,fast
417,283,7,0.273252,0.857047,0.135562,0.285905,1.0,0.03333333333333333,-0.010944999999999983,0.008093000000000017,-0.3283499999999995,0.2427900000000005,0.4083634491479372,-3.6084172793016545,0.013612114971597908,143.51987500274743,fast
418,283,2,0.26161,0.866005,0.131894,0.267991,1.0,0.03333333333333333,-0.011641999999999986,0.008958000000000022,-0.34925999999999957,0.26874000000000065,0.440685528693648,0.9696623863713244,0.014689517623121599,142.4233222664726,fast
419,283,7,0.250135,0.874639,0.129008,0.250721,1.0,0.03333333333333333,-0.011475000000000013,0.00863400000000003,-0.3442500000000004,0.2590200000000009,0.43081251479036764,-0.29619041709841143,0.014360417159678923,143.04152785122307,fast
420,283,7,0.240048,0.877842,0.129984,0.244316,1.0,0.03333333333333333,-0.010086999999999985,0.003202999999999956,-0.30260999999999955,0.09608999999999868,0.31749976409439973,-3.3993825208790374,0.010583325469813323,162.38340882091518,fast
351,284,2,0.551756,0.451807,0.0308082,0.0692956,,,,,0.0,0.0,0.0,0.0,0.0,0.0,stationary
352,284,2,0.551576,0.450667,0.0304652,0.0685128,1.0,0.03333333333333333,-0.000180000000000069,-0.0011400000000000299,-0.00540000000000207,-0.034200000000000896,0.03462369131100963,0.0,0.001154123043700321,261.0273733851004,fast
358,284,2,0.54956,0.443376,0.0275309,0.0620059,6.0,0.2,-0.0020159999999999068,-0.007290999999999992,-0.010079999999999534,-0.03645499999999996,0.03782292195217059,0.015996153205804775,0.007564584390434117,254.5435972267185,fast
354,287,2,0.372207,0.532744,0.0552646,0.0606352,,,,,0.0,0.0,0.0,0.0,0.0,0.0,stationary
355,287,2,0.370643,0.535235,0.0578578,0.0634919,1.0,0.03333333333333333,-0.0015640000000000098,0.002491000000000021,-0.046920000000000295,0.07473000000000063,0.08823864969501811,0.0,0.002941288323167271,122.12308015339693,fast
358,287,2,0.364449,0.549016,0.0561582,0.0614809,3.0,0.1,-0.006193999999999977,0.013780999999999932,-0.06193999999999977,0.13780999999999932,0.15108990601625175,0.6285125632123363,0.015108990601625174,114.20198205143896,fast
357,288,2,0.694877,0.95974,0.155629,0.0766513,,,,,0.0,0.0,0.0,0.0,0.0,0.0,stationary
358,288,2,0.696531,0.94939,0.200876,0.0997331,1.0,0.03333333333333333,0.0016540000000000443,-0.010350000000000081,0.04962000000000133,-0.31050000000000244,0.3144398104566304,0.0,0.010481327015221012,279.07948130668296,fast
359,288,2,0.687492,0.935831,0.252058,0.127325,1.0,0.03333333333333333,-0.00903900000000002,-0.013558999999999988,-0.2711700000000006,-0.40676999999999963,0.4888711505090068,5.232940201571293,0.016295705016966894,236.3109076383382,fast
360,288,2,0.678366,0.920902,0.297338,0.154062,1.0,0.03333333333333333,-0.009125999999999967,-0.01492899999999997,-0.273779999999999,-0.4478699999999991,0.5249219230514178,1.0815231762723305,0.017497397435047263,238.56282822875295,fast
358,291,2,0.932169,0.892903,0.131216,0.203984,,,,,0.0,0.0,0.0,0.0,0.0,0.0,stationary
359,291,7,0.925224,0.883245,0.14161,0.219931,1.0,0.03333333333333333,-0.006944999999999979,-0.009658000000000055,-0.20834999999999937,-0.28974000000000166,0.35687391344843444,0.0,0.011895797114947815,234.2803532471724,fast
360,291,7,0.917263,0.873111,0.152976,0.23705,1.0,0.03333333333333333,-0.007960999999999996,-0.010133999999999976,-0.23882999999999988,-0.3040199999999993,0.3866108240854096,0.8921073191092543,0.012887027469513652,231.84776766222822,fast
361,291,7,0.910573,0.864096,0.16501,0.255009,1.0,0.03333333333333333,-0.006690000000000085,-0.009014999999999995,-0.20070000000000254,-0.27044999999999986,0.3367843412333788,-1.4947944855609236,0.011226144707779294,233.42101909805197,fast
362,291,7,0.903327,0.854317,0.178711,0.275326,1.0,0.03333333333333333,-0.007245999999999975,-0.009778999999999982,-0.21737999999999924,-0.29336999999999946,0.36513014296275154,0.850374051881182,0.01217100476542505,233.46245821109696,fast
363,291,7,0.897336,0.84661,0.188291,0.288748,1.0,0.03333333333333333,-0.005990999999999969,-0.007707000000000019,-0.17972999999999906,-0.23121000000000058,0.2928496832847868,-2.168413790338943,0.009761656109492893,232.14045995486578,fast
364,291,7,0.891702,0.839372,0.198395,0.302616,1.0,0.03333333333333333,-0.005634000000000028,-0.007237999999999967,-0.16902000000000084,-0.217139999999999,0.275168203104937,-0.5304444053954932,0.009172273436831233,232.10310172785768,fast
365,291,7,0.887506,0.832292,0.208742,0.316979,1.0,0.03333333333333333,-0.0041959999999999775,-0.007079999999999975,-0.12587999999999933,-0.21239999999999926,0.24689984690153113,-0.8480506861021762,0.008229994896717704,239.3466701768956,fast
366,291,5,0.883999,0.826211,0.217362,0.328674,1.0,0.03333333333333333,-0.003507000000000038,-0.006081000000000003,-0.10521000000000114,-0.1824300000000001,0.2105940383771589,-1.089174255731167,0.00701980127923863,240.02733387273946,fast
368,291,5,0.875262,0.81478,0.232638,0.349888,2.0,0.06666666666666667,-0.008736999999999995,-0.01143100000000008,-0.13105499999999992,-0.1714650000000012,0.21581394591175146,0.07829861301888841,0.014387596394116766,232.60841335054192,fast
369,291,5,0.871615,0.809208,0.23989,0.359151,1.0,0.03333333333333333,-0.003646999999999956,-0.00557199999999991,-0.10940999999999867,-0.1671599999999973,0.19978241589288787,-0.4809459005659078,0.006659413863096262,236.79434588964855,fast
370,291,5,0.867722,0.804611,0.246262,0.366745,1.0,0.03333333333333333,-0.0038930000000000353,-0.004597000000000073,-0.11679000000000106,-0.1379100000000022,0.18071821214255318,-0.5719261125100406,0.006023940404751772,229.74018362119222,fast
371,291,5,0.864658,0.800082,0.254388,0.377458,1.0,0.03333333333333333,-0.0030639999999999556,-0.004529000000000005,-0.09191999999999867,-0.13587000000000016,0.1640425045529353,-0.5002712276885368,0.005468083485097843,235.9205073545927,fast
372,291,5,0.861273,0.795213,0.260268,0.384354,1.0,0.03333333333333333,-0.0033850000000000824,-0.004869000000000012,-0.10155000000000247,-0.14607000000000037,0.17790122933808133,0.41576174355438145,0.005930040977936044,235.19240848858988,fast
373,291,5,0.857961,0.792237,0.267069,0.392625,1.0,0.03333333333333333,-0.0033119999999999816,-0.0029759999999999787,-0.09935999999999945,-0.08927999999999936,0.13357892049271763,-1.329669265360911,0.0044526306830905875,221.94130242590413,fast
374,291,5,0.855231,0.788357,0.274247,0.401777,1.0,0.03333333333333333,-0.00273000000000001,-0.0038799999999999946,-0.0819000000000003,-0.11639999999999984,0.14232557746238028,0.2623997090898794,0.004744185915412676,234.8694649766305,fast
375,291,5,0.852574,0.783476,0.280822,0.409917,1.0,0.03333333333333333,-0.0026569999999999094,-0.004881000000000024,-0.07970999999999728,-0.14643000000000073,0.16671961192373194,0.7318210338405499,0.005557320397457731,241.43808700274613,fast
376,291,5,0.85048,0.780575,0.286322,0.416692,1.0,0.03333333333333333,-0.0020940000000000403,-0.0029009999999999314,-0.06282000000000121,-0.08702999999999794,0.1073339335904531,-1.7815703499983655,0.003577797786348436,234.17749321064684,fast
377,291,5,0.8477,0.776835,0.291769,0.423152,1.0,0.03333333333333333,-0.0027800000000000047,-0.0037399999999999656,-0.08340000000000014,-0.11219999999999897,0.1398012875477182,0.9740206187179532,0.004660042918257274,233.37600547742636,fast
378,291,5,0.844956,0.773458,0.298315,0.431388,1.0,0.03333333333333333,-0.0027439999999999687,-0.0033770000000000744,-0.08231999999999906,-0.10131000000000223,0.1305384943225572,-0.27788379675482977,0.00435128314408524,230.90422495241324,fast
379,291,5,0.843242,0.771526,0.303154,0.437313,1.0,0.03333333333333333,-0.0017139999999999933,-0.0019319999999999338,-0.0514199999999998,-0.05795999999999801,0.07748146875221035,-1.5917107671104058,0.0025827156250736783,228.4217298869739,fast
380,291,5,0.841478,0.768919,0.307375,0.442336,1.0,0.03333333333333333,-0.0017640000000000988,-0.002607000000000026,-0.052920000000002965,-0.07821000000000078,0.09443161811597023,0.5085044809127964,0.003147720603865674,235.91615324793213,fast
384,291,7,0.816767,0.759012,0.312244,0.453657,4.0,0.13333333333333333,-0.024710999999999927,-0.009907,-0.18533249999999946,-0.0743025,0.19967222406358828,0.7893045446071354,0.026622963208478435,201.84656863333828,fast
385,291,7,0.806215,0.754098,0.307028,0.452441,1.0,0.03333333333333333,-0.010552000000000006,-0.004913999999999974,-0.3165600000000002,-0.14741999999999922,0.34920322163462336,4.485929927131052,0.01164010738782078,204.97109920908042,fast
386,291,7,0.797624,0.750492,0.303801,0.455209,1.0,0.03333333333333333,-0.008591000000000015,-0.003605999999999998,-0.25773000000000046,-0.10817999999999994,0.27951326498039447,-2.090698699626867,0.009317108832679817,202.76981888403802,fast
387,291,7,0.789975,0.735568,0.28575,0.432749,1.0,0.03333333333333333,-0.007649000000000017,-0.014924000000000048,-0.2294700000000005,-0.44772000000000145,0.5031000688729843,6.707604116777695,0.016770002295766143,242.86349214682303,fast
388,291,7,0.780674,0.720701,0.267592,0.408565,1.0,0.03333333333333333,-0.009301000000000004,-0.014866999999999964,-0.2790300000000001,-0.4460099999999989,0.5261013790135881,0.6900393042181141,0.017536712633786273,237.96933532219,fast
389,291,7,0.771602,0.702517,0.252229,0.38811,1.0,0.03333333333333333,-0.009071999999999969,-0.01818400000000009,-0.27215999999999907,-0.5455200000000027,0.6096418095898627,2.5062129172882375,0.02032139365299542,243.48538523552224,fast
390,291,7,0.764062,0.689553,0.238659,0.369183,1.0,0.03333333333333333,-0.007539999999999991,-0.012963999999999976,-0.22619999999999973,-0.38891999999999927,0.44991688832494314,-4.791747637947586,0.014997229610831437,239.81726289810132,fast
391,291,7,0.757138,0.679612,0.2274,0.353634,1.0,0.03333333333333333,-0.006924000000000041,-0.009940999999999978,-0.20772000000000124,-0.29822999999999933,0.36344013441005674,-2.5943026174465924,0.012114671147001892,235.14242575689372,fast
392,291,7,0.749497,0.673083,0.219836,0.344377,1.0,0.03333333333333333,-0.007641000000000009,-0.006529000000000007,-0.22923000000000027,-0.1958700000000002,0.3015152563304222,-1.8577463423890361,0.010050508544347407,220.5128724396985,fast
394,291,7,0.737201,0.656468,0.207747,0.328332,2.0,0.06666666666666667,-0.012295999999999974,-0.016614999999999935,-0.1844399999999996,-0.24922499999999903,0.31005034143667604,0.12802627659380755,0.020670022762445065,233.49655350804903,fast
395,291,7,0.73168,0.646246,0.198425,0.315466,1.0,0.03333333333333333,-0.005520999999999998,-0.010222000000000064,-0.16562999999999994,-0.30666000000000193,0.348530705247043,1.1544109143110088,0.011617690174901434,241.62609347643888,fast
396,291,7,0.727138,0.639244,0.191457,0.306398,1.0,0.03333333333333333,-0.004542000000000046,-0.007001999999999953,-0.13626000000000138,-0.21005999999999858,0.2503836879670874,-2.9444105183986684,0.008346122932236247,237.0296621343305,fast
397,291,7,0.722033,0.630727,0.18319,0.294667,1.0,0.03333333333333333,-0.005104999999999915,-0.008516999999999997,-0.15314999999999745,-0.2555099999999999,0.2978930724270022,1.4252815337974445,0.009929769080900073,239.0619721409357,fast
398,291,7,0.716629,0.623564,0.176474,0.285396,1.0,0.03333333333333333,-0.005404000000000075,-0.0071630000000000305,-0.16212000000000226,-0.2148900000000009,0.26918507852405404,-0.8612398170884444,0.0089728359508018,232.96791118614078,fast
399,291,7,0.71195,0.616601,0.171356,0.278584,1.0,0.03333333333333333,-0.004678999999999989,-0.0069630000000000525,-0.14036999999999966,-0.20889000000000157,0.2516719471852208,-0.5253939401649976,0.008389064906174026,236.09967020086248,fast
400,291,7,0.707715,0.610624,0.16597,0.271129,1.0,0.03333333333333333,-0.004234999999999989,-0.00597700000000001,-0.12704999999999966,-0.1793100000000003,0.2197584551274422,-0.9574047617333581,0.0073252818375814065,234.68054229551427,fast
401,291,7,0.703521,0.605445,0.161108,0.264884,1.0,0.03333333333333333,-0.004194000000000031,-0.005178999999999934,-0.12582000000000093,-0.155369999999998,0.19992625965590316,-0.5949658641461708,0.006664208655196772,230.99914147487257,fast
402,291,7,0.700113,0.598933,0.154922,0.255858,1.0,0.03333333333333333,-0.0034079999999999666,-0.006511999999999962,-0.102239999999999,-0.19535999999999887,0.22049613874170076,0.6170963725739281,0.007349871291390025,242.37506991704612,fast
404,291,7,0.692407,0.589802,0.147982,0.245977,2.0,0.06666666666666667,-0.007705999999999991,-0.009131,-0.11558999999999986,-0.136965,0.17922181598510814,-0.6191148413488894,0.011948121065673877,229.83770103942217,fast
405,291,7,0.688526,0.584055,0.142552,0.238113,1.0,0.03333333333333333,-0.0038810000000000233,-0.005747000000000058,-0.1164300000000007,-0.17241000000000173,0.20804122908693065,0.8645823930546753,0.006934707636231022,235.96849464294473,fast
406,291,7,0.685027,0.579013,0.137709,0.230908,1.0,0.03333333333333333,-0.003498999999999919,-0.005041999999999991,-0.10496999999999757,-0.15125999999999973,0.18411487854054437,-0.7177905163915885,0.006137162618018146,235.2404871281001,fast
407,291,7,0.682032,0.575256,0.134844,0.227188,1.0,0.03333333333333333,-0.002995000000000081,-0.0037570000000000103,-0.08985000000000243,-0.11271000000000031,0.1441407874267395,-1.199222733414146,0.00480469291422465,231.43889720048728,fast
408,291,7,0.679435,0.570068,0.130814,0.220855,1.0,0.03333333333333333,-0.0025969999999999605,-0.00518799999999997,-0.07790999999999881,-0.1556399999999991,0.17405107784785345,0.8973087126334187,0.005801702594928448,243.40844958199364,fast
360,293,2,0.561473,0.487665,0.0332211,0.042495,,,,,0.0,0.0,0.0,0.0,0.0,0.0,stationary
361,293,2,0.55949,0.485916,0.0331338,0.0424848,1.0,0.03333333333333333,-0.001982999999999957,-0.0017490000000000006,-0.05948999999999871,-0.05247000000000002,0.07932314290293753,0.0,0.002644104763431251,221.41219614672326,fast
362,293,2,0.558928,0.482512,0.0330246,0.0425062,1.0,0.03333333333333333,-0.0005620000000000624,-0.003404000000000018,-0.016860000000001873,-0.10212000000000054,0.10350243475397172,0.7253787555310258,0.0034500811584657243,260.62504382282384,fast
363,293,2,0.558848,0.479805,0.0323025,0.0417447,1.0,0.03333333333333333,-7.999999999996898e-05,-0.002707000000000015,-0.0023999999999990695,-0.08121000000000045,0.08124545587292908,-0.6677093664312792,0.0027081818624309696,268.3072299102821,fast
364,293,2,0.557898,0.478061,0.0314181,0.0409107,1.0,0.03333333333333333,-0.0009500000000000064,-0.0017439999999999678,-0.028500000000000192,-0.052319999999999034,0.05957879152852893,-0.6499999303320046,0.001985959717617631,241.42177553852497,fast
365,293,2,0.557285,0.476958,0.0297848,0.0390262,1.0,0.03333333333333333,-0.0006129999999999747,-0.0011030000000000206,-0.01838999999999924,-0.03309000000000062,0.03785683821979872,-0.6516585992619063,0.0012618946073266238,240.9365757378916,fast
366,293,2,0.557267,0.475588,0.0283654,0.0373112,1.0,0.03333333333333333,-1.8000000000073513e-05,-0.0013699999999999823,-0.0005400000000022054,-0.04109999999999947,0.041103547292173685,0.09740127217124903,0.0013701182430724563,269.24725204871777,fast
367,293,2,0.557562,0.474274,0.0277315,0.0364032,1.0,0.03333333333333333,0.0002950000000000452,-0.0013140000000000374,0.008850000000001357,-0.03942000000000112,0.04040122399136086,-0.021069699024384714,0.0013467074663786954,282.65340368276156,fast
369,293,2,0.558586,0.470419,0.0272692,0.0353522,2.0,0.06666666666666667,0.0010240000000000249,-0.0038549999999999973,0.015360000000000373,-0.05782499999999996,0.059830261782813615,0.2914355668717913,0.003988684118854241,284.87589892593155,fast
370,293,2,0.558519,0.468635,0.027069,0.0346821,1.0,0.03333333333333333,-6.700000000003925e-05,-0.0017839999999999523,-0.0020100000000011775,-0.05351999999999857,0.05355773053444154,-0.18817593745116235,0.0017852576844813845,267.84920744163793,fast
371,293,2,0.557571,0.467691,0.0265354,0.0335887,1.0,0.03333333333333333,-0.0009479999999999489,-0.0009440000000000004,-0.028439999999998467,-0.028320000000000012,0.040135470596467576,-0.4026677981392188,0.0013378490198822526,224.87886745423313,fast
372,293,2,0.556782,0.465337,0.0283011,0.0356744,1.0,0.03333333333333333,-0.0007890000000000397,-0.0023540000000000227,-0.02367000000000119,-0.07062000000000068,0.07448122783628203,1.0303727171944335,0.0024827075945427343,251.470178619068,fast
373,293,2,0.555633,0.461899,0.0308311,0.0389286,1.0,0.03333333333333333,-0.0011489999999999556,-0.0034379999999999966,-0.03446999999999867,-0.1031399999999999,0.10874759997351614,1.0279911641170234,0.0036249199991172047,251.52006627699487,fast
378,293,2,0.555189,0.455079,0.0280617,0.0356737,5.0,0.16666666666666666,-0.00044399999999999995,-0.006819999999999993,-0.0026639999999999997,-0.040919999999999956,0.04100662502571988,-0.4064458496867776,0.006834437504286648,266.2751500091223,fast
379,293,2,0.554778,0.454134,0.0271286,0.034619,1.0,0.03333333333333333,-0.0004110000000000502,-0.0009450000000000292,-0.012330000000001506,-0.028350000000000875,0.030915229256793273,-0.30274187306779826,0.0010305076418931091,246.4947836241904,fast
380,293,2,0.553379,0.45329,0.026311,0.033706,1.0,0.03333333333333333,-0.001399000000000039,-0.0008439999999999559,-0.04197000000000117,-0.025319999999998677,0.04901615345985476,0.5430277260918446,0.0016338717819951586,211.10207923267166,fast
382,293,2,0.55245,0.450697,0.0246494,0.0320858,2.0,0.06666666666666667,-0.0009289999999999576,-0.002593000000000012,-0.013934999999999365,-0.03889500000000018,0.04131592005510704,-0.11550350107121574,0.0027543946703404696,250.28880602046456,fast
383,293,2,0.552242,0.448283,0.0244929,0.0324753,1.0,0.03333333333333333,-0.00020799999999998597,-0.0024140000000000272,-0.006239999999999579,-0.07242000000000082,0.07268833468996325,0.9411724390456861,0.0024229444896654412,265.0753272717943,fast
384,293,2,0.552335,0.447266,0.0233834,0.0311973,1.0,0.03333333333333333,9.300000000000974e-05,-0.0010169999999999901,0.0027900000000002922,-0.030509999999999704,0.03063730079494575,-1.2615310168505247,0.001021243359831525,275.2249053833255,fast
385,293,2,0.551834,0.445821,0.0238694,0.0321744,1.0,0.03333333333333333,-0.0005009999999999737,-0.001444999999999974,-0.01502999999999921,-0.04334999999999922,0.04588162377248553,0.4573296893261934,0.0015293874590828508,250.87791389628336,fast
386,293,2,0.550808,0.444488,0.0243674,0.033069,1.0,0.03333333333333333,-0.0010260000000000824,-0.0013330000000000286,-0.030780000000002472,-0.03999000000000086,0.050463932664827266,0.13746926677025206,0.0016821310888275756,232.41479387775473,fast
387,293,2,0.551038,0.44349,0.0240001,0.0327806,1.0,0.03333333333333333,0.0002300000000000635,-0.0009979999999999989,0.006900000000001905,-0.029939999999999967,0.030724804311826368,-0.5921738505900269,0.0010241601437275456,282.97784402322077,fast
388,293,2,0.551403,0.442473,0.023548,0.0324369,1.0,0.03333333333333333,0.0003649999999999487,-0.0010169999999999901,0.010949999999998461,-0.030509999999999704,0.03241546852969965,0.0507199265361984,0.001080515617656655,289.74299752074586,fast
389,293,2,0.550974,0.441645,0.0226811,0.0313085,1.0,0.03333333333333333,-0.0004290000000000127,-0.0008279999999999954,-0.012870000000000381,-0.024839999999999862,0.02797610587626525,-0.133180879603032,0.0009325368625421749,242.61060600207605,moving
390,293,2,0.550313,0.440326,0.0223836,0.0309514,1.0,0.03333333333333333,-0.0006609999999999117,-0.0013190000000000146,-0.01982999999999735,-0.03957000000000044,0.04426074784727354,0.4885392591302487,0.0014753582615757849,243.38284597625704,fast
391,293,2,0.549884,0.43905,0.0226487,0.0313494,1.0,0.03333333333333333,-0.0004290000000000127,-0.0012759999999999994,-0.012870000000000381,-0.03827999999999998,0.04038558282357713,-0.11625495071089217,0.0013461860941192379,251.41700039673313,fast
392,293,2,0.549729,0.438516,0.0219863,0.0301657,1.0,0.03333333333333333,-0.00015500000000001624,-0.0005339999999999789,-0.004650000000000487,-0.016019999999999368,0.01668121398459909,-0.7111310651693413,0.0005560404661533031,253.8139858862353,moving
393,293,2,0.549532,0.436109,0.0236269,0.0324097,1.0,0.03333333333333333,-0.00019700000000000273,-0.0024069999999999925,-0.005910000000000082,-0.07220999999999977,0.0724514471905149,1.6731069961774743,0.00241504823968383,265.3210774290961,fast
394,293,2,0.549179,0.43258,0.0273707,0.0381714,1.0,0.03333333333333333,-0.0003530000000000477,-0.0035290000000000044,-0.010590000000001432,-0.10587000000000013,0.10639833175383935,1.0184065368997337,0.0035466110584613116,264.2877993721229,fast
395,293,2,0.548616,0.428932,0.0296441,0.0423191,1.0,0.03333333333333333,-0.0005629999999999802,-0.00364800000000004,-0.016889999999999405,-0.1094400000000012,0.11073565685902732,0.13011975315563917,0.0036911885619675773,261.22669452775995,fast
397,293,2,0.548532,0.427724,0.0276948,0.0400686,2.0,0.06666666666666667,-8.399999999997299e-05,-0.0012079999999999869,-0.0012599999999995948,-0.018119999999999803,0.01816375511836668,-1.3885785261099097,0.0012109170078911122,266.02225935428896,moving
362,294,2,0.662115,0.873003,0.0965908,0.154678,,,,,0.0,0.0,0.0,0.0,0.0,0.0,stationary
363,294,2,0.656319,0.849524,0.0876342,0.140037,1.0,0.03333333333333333,-0.005796000000000023,-0.023479000000000028,-0.1738800000000007,-0.7043700000000008,0.7255145424455677,0.0,0.024183818081518923,256.1332667780053,fast
364,294,2,0.648516,0.826403,0.0834551,0.133237,1.0,0.03333333333333333,-0.007803000000000004,-0.023120999999999947,-0.23409000000000013,-0.6936299999999984,0.7320660523477358,0.19654529706504387,0.024402201744924527,251.35121207847098,fast
365,294,2,0.64237,0.804673,0.0774216,0.123373,1.0,0.03333333333333333,-0.006145999999999985,-0.021730000000000027,-0.18437999999999954,-0.6519000000000008,0.6774729473565723,-1.6377931497349063,0.022582431578552407,254.20725122046974,fast
366,294,2,0.637049,0.787107,0.0733754,0.116584,1.0,0.03333333333333333,-0.00532100000000002,-0.01756599999999997,-0.1596300000000006,-0.5269799999999991,0.5506266042428384,-3.8053902934120165,0.018354220141427943,253.14766678764113,fast
367,294,2,0.632903,0.770527,0.0721737,0.114373,1.0,0.03333333333333333,-0.004145999999999983,-0.01658000000000004,-0.12437999999999949,-0.4974000000000012,0.5127154614403597,-1.1373342840743594,0.017090515381345324,255.96050413917766,fast
368,294,2,0.62854,0.755951,0.0693341,0.109777,1.0,0.03333333333333333,-0.004363000000000006,-0.014575999999999922,-0.13089000000000017,-0.43727999999999767,0.4564493296084441,-1.6879839549574693,0.015214977653614802,253.3361037107834,fast
369,294,2,0.625052,0.740301,0.0637917,0.100383,1.0,0.03333333333333333,-0.0034879999999999356,-0.015650000000000053,-0.10463999999999807,-0.4695000000000016,0.48101952101759976,0.7371057422746702,0.016033984033919993,257.4355340775801,fast
370,294,2,0.621451,0.725981,0.0620866,0.0971316,1.0,0.03333333333333333,-0.0036010000000000764,-0.01432,-0.10803000000000229,-0.4296,0.4429747632766459,-1.1413427322286152,0.014765825442554862,255.88470325724109,fast
371,294,2,0.618044,0.713707,0.0625198,0.0979291,1.0,0.03333333333333333,-0.003406999999999938,-0.012274000000000007,-0.10220999999999814,-0.3682200000000002,0.3821424505338287,-1.8249693822845159,0.01273808168446096,254.48648296908937,fast
372,294,2,0.615201,0.702604,0.0618912,0.0968383,1.0,0.03333333333333333,-0.00284300000000004,-0.011102999999999974,-0.0852900000000012,-0.3330899999999992,0.34383619966489815,-1.1491875260679174,0.011461206655496603,255.6376027237563,fast
373,294,2,0.612853,0.690871,0.0583489,0.0910667,1.0,0.03333333333333333,-0.0023480000000000167,-0.011732999999999993,-0.0704400000000005,-0.3519899999999998,0.3589690149581158,0.45398445879652916,0.011965633831937193,258.68349400140573,fast
374,294,2,0.610313,0.68117,0.0571329,0.0885561,1.0,0.03333333333333333,-0.0025399999999999867,-0.00970099999999996,-0.0761999999999996,-0.2910299999999988,0.30084032459096843,-1.7438607110144206,0.010028010819698946,255.3276864275341,fast
375,294,2,0.606665,0.671435,0.0551928,0.0854435,1.0,0.03333333333333333,-0.0036479999999999846,-0.00973500000000005,-0.10943999999999954,-0.2920500000000015,0.311881894472893,0.33124709645773687,0.010396063149096434,249.45750079666635,fast
376,294,2,0.603907,0.662962,0.0541362,0.083032,1.0,0.03333333333333333,-0.002758000000000038,-0.008472999999999953,-0.08274000000000115,-0.2541899999999986,0.2673171593818838,-1.3369420527302767,0.008910571979396128,251.9696957651504,fast
377,294,2,0.603154,0.653474,0.0534257,0.081118,1.0,0.03333333333333333,-0.0007530000000000037,-0.009488000000000052,-0.02259000000000011,-0.28464000000000156,0.2855350025828723,0.5465352960296554,0.009517833419429076,265.46232274549686,fast
378,294,2,0.599336,0.644765,0.0521877,0.0795279,1.0,0.03333333333333333,-0.003817999999999988,-0.008708999999999967,-0.11453999999999964,-0.261269999999999,0.28527429694944373,-0.007821169002856787,0.009509143231648124,246.32749605096177,fast
379,294,2,0.597021,0.63458,0.0494679,0.07545,1.0,0.03333333333333333,-0.002314999999999956,-0.010185,-0.06944999999999868,-0.30555,0.31334342980187063,0.8420739855728071,0.010444780993395686,257.194518212345,fast
380,294,2,0.595023,0.626889,0.0503443,0.0770156,1.0,0.03333333333333333,-0.0019980000000000553,-0.007691000000000003,-0.05994000000000166,-0.2307300000000001,0.23838862493835616,-2.248644145905434,0.007946287497945206,255.43736789846872,fast
381,294,2,0.593641,0.620503,0.0472258,0.072152,1.0,0.03333333333333333,-0.0013819999999999943,-0.006386000000000003,-0.04145999999999983,-0.19158000000000008,0.19601486678310914,-1.2712127446574106,0.006533828892770304,257.7888753854236,fast
382,294,2,0.591875,0.613124,0.0461036,0.0707612,1.0,0.03333333333333333,-0.0017659999999999343,-0.007379000000000024,-0.05297999999999803,-0.22137000000000073,0.22762152204921246,0.9481996579830996,0.007587384068307082,256.54068769260766,fast
383,294,2,0.590284,0.607317,0.0429886,0.0657361,1.0,0.03333333333333333,-0.001591000000000009,-0.005807000000000007,-0.04773000000000027,-0.1742100000000002,0.18063022172383028,-1.4097390097614655,0.006021007390794343,254.67811275672102,fast
384,294,2,0.589305,0.603403,0.0442138,0.0678635,1.0,0.03333333333333333,-0.0009790000000000632,-0.003913999999999973,-0.029370000000001895,-0.11741999999999919,0.12103740454917199,-1.787784515239749,0.004034580151639067,255.95686795025867,fast
385,294,2,0.587649,0.596837,0.0402433,0.0611156,1.0,0.03333333333333333,-0.0016559999999999908,-0.006566000000000072,-0.049679999999999724,-0.19698000000000215,0.2031482778661951,2.4633261995106936,0.0067716092622065035,255.84473251948498,fast
386,294,2,0.587283,0.5909,0.0407339,0.0614262,1.0,0.03333333333333333,-0.00036599999999997745,-0.00593699999999997,-0.010979999999999324,-0.1781099999999991,0.17844812271357652,-0.7410046545785576,0.0059482707571192174,266.47233439977117,fast
387,294,2,0.586108,0.585815,0.040392,0.0603912,1.0,0.03333333333333333,-0.0011750000000000371,-0.005085000000000006,-0.035250000000001114,-0.15255000000000019,0.15656968097304197,-0.6563532522160365,0.005218989365768065,256.9889259977033,fast
388,294,2,0.585767,0.580634,0.0404198,0.059693,1.0,0.03333333333333333,-0.0003409999999999247,-0.005180999999999991,-0.010229999999997741,-0.15542999999999974,0.15576629224578684,-0.024101661817653997,0.005192209741526227,266.23437141643643,fast
389,294,2,0.584464,0.57484,0.0387085,0.056499,1.0,0.03333333333333333,-0.0013030000000000541,-0.005793999999999966,-0.03909000000000162,-0.17381999999999898,0.17816122052792457,0.6718478484641321,0.005938707350930819,257.3257346592993,fast
390,294,2,0.582818,0.570285,0.0391306,0.0569961,1.0,0.03333333333333333,-0.0016460000000000363,-0.004554999999999976,-0.04938000000000109,-0.13664999999999927,0.14529833756791544,-0.9858864888002742,0.004843277918930515,250.13211353948242,fast
391,294,2,0.580957,0.566533,0.0403049,0.0590535,1.0,0.03333333333333333,-0.0018610000000000015,-0.0037520000000000886,-0.055830000000000046,-0.11256000000000266,0.1256453043292928,-0.5895909971586791,0.004188176810976427,243.61849046796303,fast
392,294,2,0.579047,0.562188,0.0396889,0.0586258,1.0,0.03333333333333333,-0.0019099999999999673,-0.004344999999999932,-0.05729999999999902,-0.13034999999999797,0.14238824565250938,0.5022882396964973,0.004746274855083646,246.27039450296408,fast
393,294,2,0.578186,0.558242,0.0378614,0.055872,1.0,0.03333333333333333,-0.0008610000000000007,-0.003946000000000005,-0.02583000000000002,-0.11838000000000015,0.12116523139911067,-0.6366904276019612,0.004038841046637023,257.69122817524226,fast
394,294,2,0.577331,0.55407,0.0370662,0.0547547,1.0,0.03333333333333333,-0.0008549999999999391,-0.0041720000000000645,-0.025649999999998174,-0.12516000000000194,0.12776129343428078,0.19788186105510308,0.0042587097811426925,258.4183004970937,fast
395,294,2,0.579087,0.551383,0.0380777,0.0555843,1.0,0.03333333333333333,0.0017559999999999798,-0.002686999999999995,0.052679999999999394,-0.08060999999999985,0.09629721958602913,-0.9439222154475494,0.0032099073195343045,303.16529583307494,fast
396,294,2,0.576792,0.546583,0.0351307,0.05113,1.0,0.03333333333333333,-0.002295000000000047,-0.0047999999999999154,-0.06885000000000141,-0.14399999999999746,0.15961303988083012,1.8994746088440295,0.005320434662694337,244.44637075422636,fast
397,294,2,0.575191,0.540241,0.0337298,0.0490794,1.0,0.03333333333333333,-0.0016009999999999636,-0.00634200000000007,-0.04802999999999891,-0.1902600000000021,0.19622881669112893,1.0984733043089645,0.006540960556370965,255.83203744454127,fast
398,294,2,0.573771,0.535315,0.0327759,0.0476233,1.0,0.03333333333333333,-0.0014199999999999768,-0.004925999999999986,-0.042599999999999305,-0.14777999999999958,0.15379755654755967,-1.272937804307078,0.00512658521825199,253.91950900091894,fast
399,294,2,0.572816,0.532259,0.0321154,0.0464611,1.0,0.03333333333333333,-0.0009550000000000392,-0.0030559999999999476,-0.028650000000001175,-0.09167999999999843,0.09605230293959525,-1.7323576082389323,0.0032017434313198418,252.6459753637377,fast
400,294,2,0.573251,0.528626,0.0317893,0.0455137,1.0,0.03333333333333333,0.0004349999999999632,-0.0036329999999999973,0.013049999999998896,-0.10898999999999992,0.10976849548026042,0.411485776219955,0.003658949849342014,276.82784777844813,fast
401,294,2,0.573902,0.525862,0.0323599,0.0457534,1.0,0.03333333333333333,0.0006510000000000682,-0.0027639999999999887,0.019530000000002046,-0.08291999999999966,0.08518889188151248,-0.7373881079624384,0.0028396297293837493,283.25322869007783,fast
402,294,2,0.573454,0.523441,0.0324628,0.0453671,1.0,0.03333333333333333,-0.00044800000000000395,-0.0024210000000000065,-0.013440000000000119,-0.0726300000000002,0.07386305233335562,-0.3397751864447057,0.0024621017444451877,259.516150334135,fast
403,294,2,0.573538,0.52156,0.0325335,0.0445502,1.0,0.03333333333333333,8.399999999997299e-05,-0.0018810000000000215,0.0025199999999991896,-0.056430000000000646,0.05648623991734685,-0.5213043724802631,0.0018828746639115617,272.55696435547344,fast
404,294,2,0.573736,0.51832,0.033272,0.0447252,1.0,0.03333333333333333,0.00019800000000003148,-0.0032400000000000206,0.0059400000000009445,-0.09720000000000062,0.09738133085966803,1.2268527282696355,0.003246044361988934,273.4970597392988,fast
405,294,2,0.570981,0.515334,0.0322213,0.0433828,1.0,0.03333333333333333,-0.002755000000000063,-0.002986000000000044,-0.08265000000000189,-0.08958000000000133,0.12188354646957296,0.7350664682971478,0.004062784882319099,227.3041611741884,fast
406,294,2,0.569313,0.512189,0.0301845,0.0407038,1.0,0.03333333333333333,-0.0016680000000000028,-0.0031449999999999534,-0.050040000000000084,-0.0943499999999986,0.1067985210571745,-0.45255076237195396,0.0035599507019058165,242.06005647734113,fast
407,294,2,0.568243,0.509494,0.0290427,0.0392539,1.0,0.03333333333333333,-0.0010699999999999044,-0.002695000000000003,-0.03209999999999713,-0.08085000000000009,0.08698926657927304,-0.5942776343370436,0.0028996422193091017,248.34536132169012,fast
408,294,2,0.568687,0.507221,0.0293145,0.0392944,1.0,0.03333333333333333,0.00044399999999999995,-0.0022729999999999695,0.013319999999999999,-0.06818999999999908,0.06947876294235437,-0.5253151091075601,0.002315958764745146,281.0527848810726,fast
409,294,2,0.567577,0.505037,0.0286825,0.038346,1.0,0.03333333333333333,-0.0011100000000000554,-0.0021840000000000748,-0.03330000000000166,-0.06552000000000224,0.073496669312292,0.12053719109812872,0.0024498889770764,243.05842119066432,fast
410,294,2,0.567762,0.503203,0.0279892,0.0367591,1.0,0.03333333333333333,0.00018499999999999073,-0.0018340000000000023,0.005549999999999722,-0.05502000000000007,0.05529921247178846,-0.545923705215106,0.0018433070823929488,275.76007935851186,fast
411,294,2,0.566535,0.500335,0.0280077,0.0366324,1.0,0.03333333333333333,-0.001226999999999978,-0.0028679999999999817,-0.03680999999999934,-0.08603999999999945,0.09358342641728747,1.1485264183649702,0.0031194475472429155,246.83758562721533,fast
412,294,2,0.565854,0.497597,0.0289171,0.0377558,1.0,0.03333333333333333,-0.0006810000000000427,-0.0027379999999999627,-0.02043000000000128,-0.08213999999999888,0.08464256907726672,-0.26822572020062235,0.002821418969242224,256.032710415501,fast
413,294,2,0.564718,0.494707,0.0290884,0.0381605,1.0,0.03333333333333333,-0.0011359999999999149,-0.0028900000000000037,-0.034079999999997446,-0.08670000000000011,0.09315758906283397,0.25545059956701754,0.0031052529687611327,248.54122355109183,fast
414,294,2,0.564535,0.492262,0.0277219,0.0361234,1.0,0.03333333333333333,-0.00018300000000004424,-0.0024450000000000305,-0.005490000000001327,-0.07335000000000091,0.07355516705167726,-0.5880726603347013,0.0024518389017225755,265.71958531301703,fast
415,294,2,0.564338,0.490714,0.0271421,0.0350011,1.0,0.03333333333333333,-0.00019700000000000273,-0.0015479999999999938,-0.005910000000000082,-0.046439999999999815,0.04681454581644453,-0.802218637056982,0.001560484860548151,262.7474676207667,fast
416,294,2,0.564121,0.487963,0.028814,0.0371699,1.0,0.03333333333333333,-0.00021700000000002273,-0.0027510000000000034,-0.006510000000000682,-0.0825300000000001,0.08278635757176436,1.079154352659595,0.0027595452523921453,265.4898243974869,fast
417,294,2,0.564112,0.485169,0.0302864,0.0390622,1.0,0.03333333333333333,-9.000000000036756e-06,-0.002793999999999963,-0.0002700000000011027,-0.0838199999999989,0.08382043485928604,0.03102231862565044,0.0027940144953095348,269.8154401459847,fast
418,294,2,0.563234,0.48371,0.0300002,0.0388723,1.0,0.03333333333333333,-0.0008779999999999344,-0.0014590000000000436,-0.02633999999999803,-0.04377000000000131,0.05108432734215075,-0.9820832255140588,0.0017028109114050251,238.96122637576957,fast
419,294,2,0.5624,0.482032,0.0290185,0.0377455,1.0,0.03333333333333333,-0.0008340000000000014,-0.0016779999999999573,-0.025020000000000042,-0.05033999999999872,0.05621490905444812,0.15391745136892107,0.0018738303018149373,243.57169266713944,fast
420,294,2,0.561697,0.480769,0.0281067,0.0365466,1.0,0.03333333333333333,-0.0007030000000000092,-0.0012630000000000141,-0.021090000000000275,-0.03789000000000042,0.04336404270821672,-0.385525990386942,0.0014454680902738907,240.8991958468209,fast
421,294,2,0.561292,0.47907,0.0275207,0.0357847,1.0,0.03333333333333333,-0.0004049999999999887,-0.001699000000000006,-0.012149999999999661,-0.05097000000000018,0.05239812401222023,0.27102243912010526,0.0017466041337406743,256.5923060394358,fast
422,294,2,0.561199,0.477047,0.0271767,0.0352345,1.0,0.03333333333333333,-9.300000000000974e-05,-0.002022999999999997,-0.0027900000000002922,-0.06068999999999991,0.06075409615820147,0.2506791643794373,0.0020251365386067155,267.36788998674234,fast
423,294,2,0.560189,0.475083,0.0268132,0.0351508,1.0,0.03333333333333333,-0.0010099999999999554,-0.0019640000000000213,-0.03029999999999866,-0.05892000000000064,0.06625448211253329,0.16501157862995455,0.002208482737084443,242.78520679933217,fast
424,294,2,0.560266,0.472487,0.0251817,0.0328042,1.0,0.03333333333333333,7.699999999999374e-05,-0.002595999999999987,0.002309999999999812,-0.07787999999999962,0.0779142509429433,0.34979306491230017,0.0025971416980981096,271.6989529714458,fast
425,294,2,0.559934,0.47061,0.0240167,0.0309737,1.0,0.03333333333333333,-0.00033199999999999896,-0.0018770000000000175,-0.009959999999999969,-0.056310000000000526,0.05718406858557774,-0.6219054707209668,0.001906135619519258,259.9693839701766,fast
426,294,2,0.559382,0.469233,0.0247713,0.0318966,1.0,0.03333333333333333,-0.0005519999999999969,-0.0013769999999999616,-0.016559999999999908,-0.04130999999999885,0.04450561425258505,-0.3803536299897806,0.0014835204750861684,248.15555951947536,fast
427,294,2,0.559332,0.467517,0.0257445,0.0330983,1.0,0.03333333333333333,-4.999999999999449e-05,-0.0017159999999999953,-0.0014999999999998348,-0.05147999999999986,0.05150184851051451,0.20988702773788379,0.0017167282836838167,268.3310147684701,fast
428,294,2,0.558794,0.465686,0.0261283,0.0337734,1.0,0.03333333333333333,-0.0005380000000000384,-0.001831000000000027,-0.016140000000001153,-0.05493000000000081,0.057252113498107,0.17250794962777477,0.0019084037832702335,253.6257082688399,fast
429,294,2,0.558056,0.463553,0.0253892,0.0330224,1.0,0.03333333333333333,-0.0007380000000000164,-0.002132999999999996,-0.022140000000000493,-0.06398999999999988,0.06771188743492539,0.3137932181045516,0.0022570629144975127,250.91481173561715,fast
430,294,2,0.557011,0.46206,0.0242735,0.0318638,1.0,0.03333333333333333,-0.0010449999999999626,-0.0014929999999999666,-0.03134999999999888,-0.044789999999999,0.05467144227107823,-0.3912133549154147,0.001822381409035941,235.01055547145629,fast
431,294,2,0.55671,0.460905,0.0241591,0.0319375,1.0,0.03333333333333333,-0.0003009999999999957,-0.0011550000000000171,-0.009029999999999871,-0.034650000000000514,0.035807309309693086,-0.5659239888415544,0.0011935769769897697,255.39326264555342,fast
432,294,2,0.556437,0.460161,0.0234183,0.0310822,1.0,0.03333333333333333,-0.00027300000000007874,-0.0007440000000000224,-0.008190000000002362,-0.022320000000000673,0.023775165614566576,-0.3609643108537953,0.0007925055204855524,249.85012098154664,moving
433,294,2,0.556524,0.459453,0.0233019,0.0309953,1.0,0.03333333333333333,8.700000000005925e-05,-0.0007079999999999864,0.0026100000000017776,-0.021239999999999593,0.02139975934444105,-0.07126218810376579,0.0007133253114813683,277.0054635135171,moving
434,294,2,0.556181,0.458032,0.0228994,0.030541,1.0,0.03333333333333333,-0.0003429999999999822,-0.0014210000000000056,-0.010289999999999466,-0.04263000000000017,0.043854315637118356,0.6736366887803192,0.0014618105212372784,256.42956561483925,fast
435,294,2,0.55635,0.456832,0.0228628,0.0303706,1.0,0.03333333333333333,0.00016899999999997473,-0.0011999999999999789,0.005069999999999242,-0.035999999999999366,0.036355259591975775,-0.22497168135427745,0.0012118419863991925,278.0164336677444,fast
436,294,2,0.556526,0.455418,0.0226112,0.0297798,1.0,0.03333333333333333,0.00017599999999995397,-0.0014140000000000263,0.005279999999998619,-0.04242000000000079,0.042747336759148546,0.19176231501518315,0.0014249112253049516,277.09509167569126,fast
437,294,2,0.555956,0.453101,0.0223009,0.0294801,1.0,0.03333333333333333,-0.0005699999999999594,-0.0023170000000000135,-0.017099999999998783,-0.0695100000000004,0.07158247061955891,0.865054015812311,0.002386082353985297,256.1792407612711,fast
438,294,2,0.555768,0.451084,0.0214448,0.0282038,1.0,0.03333333333333333,-0.00018799999999996597,-0.002016999999999991,-0.005639999999998979,-0.06050999999999973,0.060772277396852224,-0.3243057966812007,0.0020257425798950743,264.67497535171765,fast
439,294,2,0.555398,0.449196,0.0212305,0.0278631,1.0,0.03333333333333333,-0.0003700000000000925,-0.0018880000000000008,-0.011100000000002774,-0.056640000000000024,0.057717411584374295,-0.09164597437433787,0.0019239137194791431,258.9120072540035,fast
382,303,7,0.421394,0.527246,0.0434852,0.0980266,,,,,0.0,0.0,0.0,0.0,0.0,0.0,stationary
388,312,2,0.437426,0.478761,0.0318121,0.0603998,,,,,0.0,0.0,0.0,0.0,0.0,0.0,stationary
389,312,2,0.436783,0.479121,0.0337772,0.0642161,1.0,0.03333333333333333,-0.0006430000000000047,0.00036000000000002697,-0.01929000000000014,0.010800000000000809,0.022107557531306412,0.0,0.0007369185843768804,150.75660068493767,moving
390,312,2,0.436481,0.486698,0.0297521,0.0563376,1.0,0.03333333333333333,-0.00030199999999996896,0.007577,-0.009059999999999069,0.22731,0.22749048265806635,6.161487753802798,0.007583016088602212,92.28245629522013,fast
391,312,2,0.435507,0.49214,0.0286217,0.0539035,1.0,0.03333333333333333,-0.0009740000000000304,0.005442000000000002,-0.029220000000000912,0.16326000000000007,0.16585426132602105,-1.849086639961359,0.005528475377534034,100.14726261571332,fast
392,312,2,0.434855,0.496954,0.0271576,0.0509293,1.0,0.03333333333333333,-0.0006519999999999859,0.004813999999999985,-0.019559999999999578,0.14441999999999955,0.14573856730460832,-0.6034708206423817,0.004857952243486945,97.7131098657951,fast
393,312,2,0.434034,0.500602,0.0274228,0.0512134,1.0,0.03333333333333333,-0.0008210000000000162,0.0036479999999999846,-0.024630000000000485,0.10943999999999954,0.11217731722589876,-1.006837502361287,0.0037392439075299585,102.68337331130681,fast
394,312,2,0.433073,0.50353,0.028488,0.0529666,1.0,0.03333333333333333,-0.0009609999999999896,0.0029280000000000417,-0.02882999999999969,0.08784000000000125,0.09245017306636154,-0.5918143247861166,0.0030816724355453846,108.17037296330079,fast
395,312,2,0.432185,0.506587,0.0274282,0.0503152,1.0,0.03333333333333333,-0.0008879999999999999,0.0030569999999999764,-0.026639999999999997,0.09170999999999929,0.0955008570642163,0.09152051993564267,0.003183361902140543,106.19756987176243,fast
396,312,2,0.430382,0.509668,0.0265682,0.0477412,1.0,0.03333333333333333,-0.001802999999999999,0.0030810000000000004,-0.05408999999999997,0.09243000000000001,0.10709357123562552,0.3477814251422767,0.0035697857078541844,120.33615418479076,fast
397,312,2,0.428904,0.511846,0.027933,0.0494423,1.0,0.03333333333333333,-0.0014779999999999793,0.0021780000000000133,-0.04433999999999938,0.0653400000000004,0.0789642400077402,-0.8438799368365595,0.0026321413335913396,124.16098113717419,fast
398,312,2,0.428159,0.513721,0.0298339,0.0523984,1.0,0.03333333333333333,-0.0007449999999999957,0.00187499999999996,-0.02234999999999987,0.0562499999999988,0.06052755570812239,-0.5531005289885343,0.0020175851902707463,111.66957405515808,fast
399,312,2,0.425821,0.516465,0.0314023,0.0551685,1.0,0.03333333333333333,-0.0023380000000000067,0.0027439999999999687,-0.0701400000000002,0.08231999999999906,0.10814898057771916,1.428642746087903,0.0036049660192573048,130.43235222956457,fast
400,312,2,0.424195,0.520014,0.0311557,0.0545136,1.0,0.03333333333333333,-0.0016260000000000163,0.0035490000000000244,-0.04878000000000049,0.10647000000000073,0.11711254971180587,0.26890707402260156,0.0039037516570601958,114.61522576027028,fast
401,312,2,0.422806,0.523242,0.031291,0.0544428,1.0,0.03333333333333333,-0.0013889999999999736,0.0032280000000000086,-0.04166999999999921,0.09684000000000026,0.10542473381517253,-0.35063447689900024,0.0035141577938390847,113.28208391197029,fast
402,312,2,0.42118,0.525999,0.0314072,0.0544939,1.0,0.03333333333333333,-0.0016260000000000163,0.0027570000000000094,-0.04878000000000049,0.08271000000000028,0.09602308316233182,-0.2820495195852213,0.003200769438744394,120.5308919760621,fast
403,312,2,0.419475,0.530539,0.0332848,0.0577423,1.0,0.03333333333333333,-0.001705000000000012,0.0045399999999999885,-0.05115000000000036,0.13619999999999965,0.14548801497030586,1.483947954239221,0.004849600499010195,110.58370095751701,fast
404,312,2,0.417408,0.534426,0.0339659,0.0584788,1.0,0.03333333333333333,-0.0020669999999999855,0.003886999999999974,-0.062009999999999565,0.11660999999999921,0.13207245057164557,-0.4024669319598087,0.004402415019054853,118.00282039790977,fast
405,312,2,0.415647,0.53837,0.0338994,0.05787,1.0,0.03333333333333333,-0.0017610000000000126,0.003944000000000059,-0.05283000000000038,0.11832000000000176,0.1295786683833433,-0.07481346564906788,0.004319288946111444,114.06081026745244,fast
406,312,2,0.414315,0.54189,0.0353066,0.05985,1.0,0.03333333333333333,-0.0013319999999999999,0.0035199999999999676,-0.039959999999999996,0.10559999999999903,0.11290775704086851,-0.5001273402742439,0.003763591901362284,110.72709816434906,fast
407,312,2,0.412763,0.544766,0.0357024,0.0600803,1.0,0.03333333333333333,-0.0015519999999999978,0.0028759999999999897,-0.046559999999999935,0.08627999999999969,0.09804117502355804,-0.44599746051931427,0.0032680391674519346,118.35300258685976,fast
408,312,2,0.410865,0.548211,0.0371532,0.0623106,1.0,0.03333333333333333,-0.0018980000000000108,0.0034450000000000314,-0.056940000000000324,0.10335000000000094,0.11799739870014182,0.5986867102975135,0.0039332466233380605,118.85227634469743,fast
409,312,2,0.408799,0.552033,0.0395802,0.0666397,1.0,0.03333333333333333,-0.0020659999999999568,0.003821999999999992,-0.0619799999999987,0.11465999999999976,0.1303396946444167,0.3702688783282461,0.004344656488147223,118.39364651628017,fast
410,312,2,0.40668,0.556398,0.0401919,0.0678975,1.0,0.03333333333333333,-0.0021190000000000375,0.004364999999999952,-0.06357000000000113,0.13094999999999857,0.145564581543725,0.45674660697924946,0.004852152718124167,115.89436893476733,fast
411,312,2,0.404489,0.561605,0.0408493,0.0693512,1.0,0.03333333333333333,-0.0021909999999999985,0.005207000000000073,-0.06572999999999996,0.15621000000000218,0.1694756531186727,0.7173321472484304,0.00564918843728909,112.8203708811987,fast
412,312,2,0.402436,0.56677,0.0412663,0.0701036,1.0,0.03333333333333333,-0.0020529999999999715,0.005164999999999975,-0.061589999999999145,0.15494999999999925,0.16674180819458467,-0.08201534772264041,0.0055580602731528225,111.67698264415651,fast
413,312,2,0.400311,0.572066,0.0417199,0.0708522,1.0,0.03333333333333333,-0.0021250000000000435,0.005295999999999967,-0.0637500000000013,0.15887999999999902,0.1711926309745833,0.13352468339995843,0.00570642103248611,111.86293763464806,fast
414,312,2,0.39827,0.57625,0.0419458,0.0709925,1.0,0.03333333333333333,-0.0020409999999999595,0.0041840000000000765,-0.061229999999998785,0.1255200000000023,0.13965809428744339,-0.9460361006141971,0.004655269809581446,116.0036156443802,fast
415,312,2,0.396457,0.580954,0.0434687,0.0736427,1.0,0.03333333333333333,-0.001813000000000009,0.0047039999999999305,-0.05439000000000027,0.1411199999999979,0.15123864089576924,0.34741639824977577,0.005041288029858974,111.07749411698711,fast
416,312,2,0.394604,0.585663,0.0447576,0.0758624,1.0,0.03333333333333333,-0.0018529999999999935,0.004709000000000074,-0.055589999999999806,0.14127000000000223,0.15181390252542948,0.017257848889807026,0.005060463417514316,111.47972726711566,fast
417,312,2,0.39247,0.592655,0.0453439,0.0769814,1.0,0.03333333333333333,-0.0021340000000000248,0.006991999999999998,-0.06402000000000074,0.20975999999999995,0.2193121474063853,2.0249473464286747,0.007310404913546177,106.97250103567507,fast
418,312,2,0.38969,0.598253,0.0461068,0.078536,1.0,0.03333333333333333,-0.0027800000000000047,0.005597999999999992,-0.08340000000000014,0.16793999999999976,0.18750840941141797,-0.9541121398490199,0.006250280313713932,116.40926738655753,fast
419,312,2,0.386384,0.604801,0.0490386,0.0838376,1.0,0.03333333333333333,-0.0033059999999999756,0.006547999999999998,-0.09917999999999927,0.19643999999999995,0.22005759700587443,0.9764756278336939,0.007335253233529148,116.78861606422277,fast
420,312,2,0.382954,0.611719,0.0513468,0.0882008,1.0,0.03333333333333333,-0.0034299999999999886,0.00691799999999998,-0.10289999999999966,0.2075399999999994,0.23164900517809195,0.34774224516652547,0.007721633505936399,116.37258374327297,fast
421,312,2,0.3807,0.619552,0.0524452,0.0901904,1.0,0.03333333333333333,-0.0022540000000000338,0.007832999999999979,-0.06762000000000101,0.23498999999999937,0.24452559068531016,0.38629756521654623,0.008150853022843671,106.05353927518172,fast
422,312,2,0.377072,0.627245,0.052762,0.0905461,1.0,0.03333333333333333,-0.0036279999999999646,0.007693000000000061,-0.10883999999999894,0.23079000000000183,0.2551669447636206,0.31924062234931383,0.00850556482545402,115.24845033222209,fast
423,312,2,0.374366,0.635975,0.0544086,0.0932321,1.0,0.03333333333333333,-0.0027060000000000417,0.008729999999999905,-0.08118000000000125,0.26189999999999714,0.2741930020988842,0.5707817200579074,0.009139766736629473,107.22163987120996,fast
424,312,2,0.370943,0.64376,0.057101,0.0979838,1.0,0.03333333333333333,-0.003422999999999954,0.007785000000000042,-0.10268999999999862,0.23355000000000126,0.2551290626330139,-0.5719181839761095,0.008504302087767129,113.73469435383328,fast
425,312,2,0.367897,0.652409,0.0597175,0.102643,1.0,0.03333333333333333,-0.0030460000000000487,0.008649000000000018,-0.09138000000000146,0.25947000000000053,0.27509086735113647,0.5988541415436777,0.009169695578371214,109.40121585084563,fast
426,312,2,0.363991,0.661761,0.0612965,0.105274,1.0,0.03333333333333333,-0.003905999999999965,0.009352000000000027,-0.11717999999999895,0.2805600000000008,0.30404780216275235,0.8687080443484763,0.010134926738758413,112.66857030620582,fast
427,312,2,0.359877,0.669597,0.0634052,0.109351,1.0,0.03333333333333333,-0.0041140000000000065,0.007835999999999954,-0.1234200000000002,0.23507999999999862,0.2655091388257651,-1.1561599001096174,0.008850304627525504,117.70004600372647,fast
428,312,2,0.356511,0.679188,0.0661197,0.114387,1.0,0.03333333333333333,-0.00336599999999998,0.009591000000000016,-0.1009799999999994,0.2877300000000005,0.3049352608341649,1.1827836602519937,0.010164508694472163,109.33872774841473,fast
429,312,2,0.352395,0.688615,0.0712227,0.124112,1.0,0.03333333333333333,-0.0041160000000000085,0.009426999999999963,-0.12348000000000026,0.2828099999999989,0.3085916500814619,0.10969167741890995,0.010286388336048731,113.58695862797083,fast
430,312,2,0.34756,0.69867,0.073772,0.129343,1.0,0.03333333333333333,-0.004835000000000034,0.010055000000000036,-0.145050000000001,0.3016500000000011,0.33471215245341923,0.7836150711587203,0.011157071748447307,115.6808209170265,fast
431,312,2,0.342921,0.710079,0.0759996,0.134149,1.0,0.03333333333333333,-0.004639000000000004,0.011409000000000002,-0.13917000000000013,0.3422700000000001,0.3694821264959918,1.043099221277178,0.012316070883199727,112.12709252593288,fast
432,312,2,0.338039,0.725386,0.079941,0.142021,1.0,0.03333333333333333,-0.0048819999999999975,0.01530699999999996,-0.14645999999999992,0.4592099999999988,0.4820003689832601,3.3755472746180484,0.01606667896610867,107.68951305408171,fast
433,312,2,0.332209,0.739144,0.080778,0.143242,1.0,0.03333333333333333,-0.005830000000000002,0.013758000000000048,-0.17490000000000006,0.41274000000000144,0.44826813136782456,-1.011967128463066,0.014942271045594152,112.96496987353686,fast
434,312,2,0.325868,0.753797,0.0835606,0.148395,1.0,0.03333333333333333,-0.0063409999999999855,0.014653000000000027,-0.19022999999999957,0.4395900000000008,0.47898519914502635,0.9215120333160537,0.015966173304834214,113.40026569791638,fast
435,312,2,0.319652,0.769707,0.086442,0.153299,1.0,0.03333333333333333,-0.006215999999999999,0.01590999999999998,-0.18647999999999998,0.4772999999999994,0.5124354402263757,1.0035072324404792,0.01708118134087919,111.34047188823928,fast
436,312,2,0.312834,0.788545,0.0917958,0.163131,1.0,0.03333333333333333,-0.006817999999999991,0.01883800000000002,-0.20453999999999972,0.5651400000000006,0.6010156663515525,2.657406783755304,0.020033855545051747,109.89660948348006,fast
437,312,2,0.305336,0.806323,0.0965893,0.171901,1.0,0.03333333333333333,-0.007498000000000005,0.01777799999999996,-0.22494000000000014,0.5333399999999988,0.5788346561843017,-0.6654303050175214,0.019294488539476726,112.86793663015533,fast
438,312,2,0.29694,0.827677,0.103133,0.184094,1.0,0.03333333333333333,-0.008396000000000015,0.021353999999999984,-0.25188000000000044,0.6406199999999995,0.6883585684801197,3.285717368874538,0.022945285616003987,111.46383932033825,fast
439,312,2,0.288146,0.850717,0.11415,0.205976,1.0,0.03333333333333333,-0.008793999999999969,0.02303999999999995,-0.26381999999999906,0.6911999999999985,0.7398367606438581,1.5443457649121517,0.02466122535479527,110.89105673315208,fast
440,312,2,0.278845,0.866168,0.126354,0.231162,1.0,0.03333333333333333,-0.009301000000000004,0.015451000000000104,-0.2790300000000001,0.4635300000000031,0.5410340116850353,-5.964082468764683,0.018034467056167843,121.0465743150358,fast
441,312,2,0.267827,0.875581,0.133226,0.246416,1.0,0.03333333333333333,-0.011018000000000028,0.009413000000000005,-0.33054000000000083,0.28239000000000014,0.43474222672751794,-3.1887535487255203,0.014491407557583933,139.49176524258354,fast
442,312,2,0.256926,0.897345,0.116824,0.205311,1.0,0.03333333333333333,-0.010900999999999994,0.021763999999999895,-0.3270299999999998,0.6529199999999968,0.7302418416524732,8.864988447748658,0.024341394721749107,116.60505263342952,fast
443,312,2,0.247519,0.915686,0.100992,0.168629,1.0,0.03333333333333333,-0.009406999999999999,0.01834100000000005,-0.28220999999999996,0.5502300000000016,0.6183813847456937,-3.3558137072033847,0.020612712824856456,117.15304293889699,fast
444,312,2,0.236467,0.930148,0.0900092,0.139704,1.0,0.03333333333333333,-0.011051999999999979,0.014461999999999975,-0.33155999999999936,0.43385999999999925,0.5460462738633045,-2.170053326471676,0.01820154246211015,127.38741171093505,fast
445,312,2,0.227841,0.946405,0.0761582,0.10719,1.0,0.03333333333333333,-0.008626000000000023,0.016257000000000077,-0.2587800000000007,0.4877100000000023,0.552112427409493,0.1819846063856534,0.018403747580316432,117.95052003175442,fast
446,312,2,0.216532,0.963537,0.0584627,0.072926,1.0,0.03333333333333333,-0.011308999999999986,0.017131999999999925,-0.33926999999999957,0.5139599999999978,0.6158400884158138,1.9118298301896264,0.020528002947193796,123.42919060722738,fast
388,313,2,0.43233,0.4474,0.0265477,0.0309068,,,,,0.0,0.0,0.0,0.0,0.0,0.0,stationary
389,313,2,0.431364,0.448568,0.0269803,0.0314147,1.0,0.03333333333333333,-0.0009659999999999669,0.0011680000000000024,-0.028979999999999007,0.03504000000000007,0.04547133162774043,0.0,0.0015157110542580144,129.59261259509742,fast
390,313,2,0.429852,0.449796,0.0243608,0.0283089,1.0,0.03333333333333333,-0.0015120000000000133,0.0012279999999999514,-0.0453600000000004,0.03683999999999854,0.05843556451340167,0.38892698656983715,0.0019478521504467225,140.91755575243212,fast
391,313,2,0.428728,0.451418,0.0261884,0.0304086,1.0,0.03333333333333333,-0.0011240000000000139,0.0016220000000000123,-0.033720000000000416,0.04866000000000037,0.05920163849083963,0.02298221932313868,0.001973387949694654,124.7208615262137,fast
397,313,2,0.425082,0.45884,0.0286859,0.033236,6.0,0.2,-0.0036459999999999826,0.00742200000000004,-0.018229999999999913,0.0371100000000002,0.04134591878287398,-0.08927859853982821,0.008269183756574797,116.1622210738654,fast
398,313,2,0.423277,0.459744,0.0295101,0.0344016,1.0,0.03333333333333333,-0.001805000000000001,0.0009039999999999604,-0.05415000000000003,0.02711999999999881,0.06056167847739971,0.5764727908357719,0.0020187226159133235,153.3968701093138,fast
399,313,2,0.421152,0.460663,0.0290145,0.0342418,1.0,0.03333333333333333,-0.002124999999999988,0.0009190000000000031,-0.06374999999999964,0.027570000000000094,0.06945622650274026,0.26683644076021656,0.002315207550091342,156.61293720722176,fast
400,313,2,0.420124,0.462434,0.0282174,0.0335704,1.0,0.03333333333333333,-0.0010280000000000289,0.0017710000000000226,-0.030840000000000867,0.05313000000000068,0.061432096659646294,-0.24072389529281904,0.002047736555321543,120.13358011931791,fast
401,313,2,0.41937,0.463193,0.0278458,0.0335068,1.0,0.03333333333333333,-0.0007539999999999769,0.0007590000000000097,-0.022619999999999307,0.02277000000000029,0.032095752055373024,-0.8800903381281981,0.0010698584018457675,134.81065574706145,fast
402,313,2,0.4188,0.464579,0.0283266,0.0345731,1.0,0.03333333333333333,-0.0005700000000000149,0.0013859999999999983,-0.017100000000000448,0.04157999999999995,0.04495894126867326,0.38589567639900707,0.0014986313756224418,112.35518044573621,fast
403,313,2,0.417917,0.465816,0.03047,0.0380192,1.0,0.03333333333333333,-0.0008830000000000227,0.0012369999999999881,-0.02649000000000068,0.03710999999999964,0.04559465100206393,0.019071292001720183,0.0015198217000687976,125.52014810627077,fast
404,313,2,0.417325,0.466069,0.0313818,0.0395758,1.0,0.03333333333333333,-0.0005919999999999814,0.0002530000000000032,-0.017759999999999443,0.007590000000000097,0.019313873252146542,-0.7884233324975217,0.0006437957750715514,156.8598387741863,moving
405,313,2,0.415403,0.466258,0.0309525,0.0396422,1.0,0.03333333333333333,-0.0019219999999999793,0.00018899999999999473,-0.05765999999999938,0.005669999999999842,0.057938109220097324,1.1587270790385236,0.0019312703073365775,174.3838714553766,fast
406,313,2,0.41363,0.466947,0.0308446,0.0402462,1.0,0.03333333333333333,-0.0017730000000000246,0.0006889999999999952,-0.05319000000000074,0.020669999999999855,0.057065094409806005,-0.026190444308739555,0.0019021698136602002,158.76353107738146,fast
407,313,2,0.412974,0.467138,0.0301261,0.0398368,1.0,0.03333333333333333,-0.0006559999999999899,0.00019099999999999673,-0.019679999999999698,0.005729999999999902,0.020497202248111496,-1.0970367648508352,0.0006832400749370499,163.76663014928363,moving
408,313,2,0.41193,0.468715,0.0306511,0.0410978,1.0,0.03333333333333333,-0.0010439999999999894,0.001576999999999995,-0.03131999999999968,0.04730999999999985,0.0567378048570789,1.087218078269022,0.00189126016190263,123.5052159677121,fast
409,313,2,0.411237,0.469731,0.0316707,0.0431188,1.0,0.03333333333333333,-0.0006929999999999992,0.0010160000000000169,-0.020789999999999975,0.030480000000000507,0.03689518261236865,-0.5952786673413075,0.0012298394204122882,124.29737487543525,fast
410,313,2,0.410177,0.470886,0.0324001,0.0448479,1.0,0.03333333333333333,-0.0010600000000000054,0.0011550000000000171,-0.03180000000000016,0.034650000000000514,0.04703044226881187,0.3040577896932966,0.0015676814089603955,132.54412406051324,fast
411,313,2,0.40879,0.473467,0.0322583,0.0451671,1.0,0.03333333333333333,-0.001387000000000027,0.002581,-0.04161000000000081,0.07743,0.08790220133762333,1.226152772064344,0.0029300733779207776,118.25307772092401,fast
412,313,2,0.407184,0.475777,0.0316985,0.0450472,1.0,0.03333333333333333,-0.0016059999999999963,0.0023099999999999787,-0.04817999999999989,0.06929999999999936,0.08440262081238889,-0.10498741575703324,0.0028134206937462957,124.80849814997248,fast
413,313,2,0.406268,0.476379,0.0317081,0.0457801,1.0,0.03333333333333333,-0.0009159999999999724,0.0006019999999999914,-0.027479999999999172,0.018059999999999743,0.032883339246492976,-1.5455784469768774,0.0010961113082164325,146.6868729536169,fast
414,313,2,0.404991,0.478694,0.0314079,0.0456483,1.0,0.03333333333333333,-0.0012770000000000281,0.0023150000000000115,-0.03831000000000084,0.06945000000000034,0.07931556341601637,1.3929667250857016,0.002643852113867212,118.88200161165014,fast
415,313,2,0.404022,0.480646,0.0322859,0.0474958,1.0,0.03333333333333333,-0.0009689999999999976,0.0019520000000000093,-0.02906999999999993,0.05856000000000028,0.06537842534047474,-0.41811414226624893,0.002179280844682491,116.4004423721849,fast
416,313,2,0.403143,0.482509,0.0320348,0.0477202,1.0,0.03333333333333333,-0.0008790000000000187,0.0018630000000000035,-0.02637000000000056,0.055890000000000106,0.06179861648936844,-0.1073942655331888,0.0020599538829789484,115.25885908315968,fast
417,313,2,0.402091,0.483883,0.0315516,0.047587,1.0,0.03333333333333333,-0.0010519999999999974,0.0013739999999999863,-0.03155999999999992,0.04121999999999959,0.05191456443041742,-0.2965215617685307,0.001730485481013914,127.43939311142748,fast
418,313,2,0.401005,0.484888,0.0304924,0.0464656,1.0,0.03333333333333333,-0.0010859999999999759,0.0010049999999999781,-0.032579999999999276,0.030149999999999344,0.04439007659376038,-0.22573463509971117,0.0014796692197920128,137.21838299235247,fast
419,313,2,0.399708,0.485905,0.0295762,0.0453345,1.0,0.03333333333333333,-0.0012969999999999926,0.0010169999999999901,-0.03890999999999978,0.030509999999999704,0.049445406257810895,0.1516598899215154,0.0016481802085936965,141.8993955651261,fast
420,313,2,0.398737,0.487434,0.0302954,0.0469101,1.0,0.03333333333333333,-0.0009709999999999996,0.0015290000000000026,-0.02912999999999999,0.04587000000000008,0.054337959107791364,0.14677658549941408,0.0018112653035930455,122.41781717293458,fast
421,313,2,0.397737,0.490241,0.0323157,0.0504023,1.0,0.03333333333333333,-0.0010000000000000009,0.002807000000000004,-0.030000000000000027,0.08421000000000012,0.08939420618809713,1.0516874124091729,0.002979806872936571,109.60855447780887,fast
422,313,2,0.395759,0.493494,0.0317694,0.0500244,1.0,0.03333333333333333,-0.0019779999999999798,0.003253000000000006,-0.05933999999999939,0.09759000000000018,0.11421490139206864,0.7446208561191453,0.003807163379735621,121.30186455459227,fast
423,313,2,0.393572,0.496121,0.0311371,0.0495284,1.0,0.03333333333333333,-0.00218700000000005,0.0026269999999999905,-0.0656100000000015,0.07880999999999971,0.10254602966473228,-0.35006615182009065,0.0034182009888244092,129.77767113815878,fast
424,313,2,0.391628,0.498806,0.0318185,0.0508993,1.0,0.03333333333333333,-0.0019440000000000013,0.0026850000000000485,-0.05832000000000004,0.08055000000000145,0.09944609042089206,-0.09299817731520665,0.003314869680696402,125.90537843043444,fast
425,313,2,0.390276,0.501002,0.0320832,0.0514851,1.0,0.03333333333333333,-0.0013519999999999643,0.0021959999999999202,-0.04055999999999893,0.06587999999999761,0.07736464308713378,-0.6624434200127483,0.002578821436237793,121.61914654636587,fast
426,313,2,0.38957,0.502878,0.0327679,0.0527011,1.0,0.03333333333333333,-0.0007059999999999844,0.0018760000000000998,-0.021179999999999533,0.056280000000002994,0.06013344161113945,-0.5169360442798301,0.002004448053704648,110.62295606095375,fast
427,313,2,0.388687,0.504168,0.0335594,0.0540526,1.0,0.03333333333333333,-0.0008830000000000227,0.0012899999999999023,-0.02649000000000068,0.03869999999999707,0.04689786882151266,-0.39706718368880367,0.001563262294050422,124.39148897491134,fast
428,313,2,0.386862,0.506017,0.0339018,0.0550211,1.0,0.03333333333333333,-0.001825000000000021,0.0018490000000001006,-0.05475000000000063,0.05547000000000302,0.07793897227960093,0.9312331037426483,0.002597965742653365,134.62572695989059,fast
429,313,2,0.385169,0.507904,0.033971,0.055379,1.0,0.03333333333333333,-0.001693,0.001886999999999972,-0.05079,0.05660999999999916,0.07605469216294222,-0.056528403499761376,0.0025351564054314074,131.89817875289134,fast
430,313,2,0.383858,0.509545,0.0344007,0.0565714,1.0,0.03333333333333333,-0.0013110000000000066,0.0016410000000000036,-0.0393300000000002,0.04923000000000011,0.06301144181813352,-0.3912975103442611,0.002100381393937784,128.62146622578746,fast
431,313,2,0.381755,0.5109,0.03476,0.0576254,1.0,0.03333333333333333,-0.002102999999999966,0.001354999999999995,-0.06308999999999898,0.04064999999999985,0.07505178612131666,0.3612103290954942,0.0025017262040438887,147.20560237445216,fast
432,313,2,0.379653,0.514711,0.0343245,0.0572231,1.0,0.03333333333333333,-0.0021019999999999928,0.003811000000000009,-0.06305999999999978,0.11433000000000026,0.13056765487669614,1.6654760626613843,0.004352255162556538,118.87942729676558,fast
433,313,2,0.378191,0.517375,0.0350783,0.0591586,1.0,0.03333333333333333,-0.0014620000000000188,0.0026639999999999997,-0.043860000000000565,0.07991999999999999,0.09116417059349605,-1.1821045284960028,0.003038805686449868,118.75792720440467,fast
434,313,2,0.37665,0.520137,0.0354501,0.0603034,1.0,0.03333333333333333,-0.0015410000000000146,0.002761999999999931,-0.04623000000000044,0.08285999999999794,0.09488410035406195,0.11159789281697696,0.003162803345135398,119.15841662532165,fast
435,313,2,0.375295,0.522025,0.0361685,0.0617202,1.0,0.03333333333333333,-0.001354999999999995,0.0018880000000000008,-0.04064999999999985,0.056640000000000024,0.06971737301419204,-0.7550018201960973,0.002323912433806401,125.6666511161344,fast
436,313,2,0.374309,0.523787,0.0370462,0.063379,1.0,0.03333333333333333,-0.0009859999999999869,0.0017620000000000413,-0.029579999999999607,0.05286000000000124,0.06057355858788641,-0.27431443278916867,0.0020191186195962136,119.23100001515161,fast
437,313,2,0.37236,0.526662,0.0376174,0.0646247,1.0,0.03333333333333333,-0.0019489999999999785,0.002874999999999961,-0.058469999999999356,0.08624999999999883,0.10420078406614665,1.308816764347807,0.003473359468871555,124.13385731031582,fast
438,313,2,0.370512,0.528663,0.0388742,0.0670702,1.0,0.03333333333333333,-0.0018480000000000163,0.0020010000000000305,-0.05544000000000049,0.060030000000000916,0.08171410221008467,-0.6746004556818594,0.0027238034070028224,132.72365772261776,fast
439,313,2,0.367669,0.533876,0.0375121,0.0647875,1.0,0.03333333333333333,-0.0028429999999999844,0.005213000000000023,-0.08528999999999953,0.1563900000000007,0.1781353872760832,2.892638551979956,0.005937846242536106,118.60660919490766,fast
440,313,2,0.365577,0.537701,0.036982,0.0639056,1.0,0.03333333333333333,-0.0020920000000000383,0.0038249999999999673,-0.06276000000000115,0.11474999999999902,0.13079136095323696,-1.420320789685387,0.004359712031774566,118.67548862242495,fast
441,313,2,0.363472,0.540218,0.0373448,0.064662,1.0,0.03333333333333333,-0.002104999999999968,0.0025169999999999915,-0.06314999999999904,0.07550999999999974,0.09843618541979285,-0.9706552660033233,0.003281206180659762,129.90618011509662,fast
442,313,2,0.361942,0.542785,0.0385122,0.0668692,1.0,0.03333333333333333,-0.0015300000000000313,0.002566999999999986,-0.04590000000000094,0.07700999999999958,0.08965126937193929,-0.26354748143560675,0.00298837564573131,120.79606204648661,fast
443,313,2,0.359602,0.545621,0.0385195,0.0668249,1.0,0.03333333333333333,-0.0023400000000000087,0.0028360000000000607,-0.07020000000000026,0.08508000000000182,0.1103025221833134,0.6195375843412235,0.0036767507394437804,129.52623742533638,fast
444,313,2,0.356975,0.549008,0.0400096,0.0694046,1.0,0.03333333333333333,-0.0026269999999999905,0.003387000000000029,-0.07880999999999971,0.10161000000000087,0.1285908558179785,0.5486500090399526,0.004286361860599283,127.79760766589152,fast
445,313,2,0.354301,0.553597,0.0410441,0.0717231,1.0,0.03333333333333333,-0.0026740000000000097,0.004588999999999954,-0.08022000000000029,0.13766999999999863,0.15933699287986974,0.9223841118567375,0.005311233095995659,120.2292592146971,fast
446,313,2,0.35232,0.555939,0.0434177,0.0764689,1.0,0.03333333333333333,-0.001980999999999955,0.0023419999999999552,-0.05942999999999865,0.07025999999999866,0.09202386918620435,-2.019393710809962,0.003067462306206812,130.22648672379762,fast
447,313,2,0.350373,0.559302,0.0447588,0.0791844,1.0,0.03333333333333333,-0.001947000000000032,0.003363000000000005,-0.05841000000000096,0.10089000000000015,0.1165783865045324,0.7366355195498413,0.0038859462168177464,120.06858282186283,fast
448,313,2,0.347188,0.563367,0.0442198,0.0779611,1.0,0.03333333333333333,-0.0031849999999999934,0.004064999999999985,-0.0955499999999998,0.12194999999999956,0.1549245138769196,1.1503838211716164,0.005164150462563986,128.07933254172508,fast
449,313,2,0.344836,0.56854,0.0438943,0.0769661,1.0,0.03333333333333333,-0.0023520000000000207,0.005173000000000094,-0.07056000000000062,0.15519000000000283,0.170477710273223,0.46659589188910194,0.005682590342440767,114.44979592419395,fast
450,313,2,0.342829,0.571949,0.0451234,0.0790045,1.0,0.03333333333333333,-0.002006999999999981,0.0034089999999999954,-0.06020999999999943,0.10226999999999986,0.1186777022022246,-1.5540002421299524,0.00395592340674082,120.48684091588848,fast
451,313,2,0.339979,0.575347,0.0458106,0.0800647,1.0,0.03333333333333333,-0.002850000000000019,0.003398000000000012,-0.08550000000000058,0.10194000000000036,0.13304891431349664,0.43113636333816124,0.004434963810449888,129.98752485863042,fast
452,313,2,0.337097,0.57925,0.0485252,0.0849834,1.0,0.03333333333333333,-0.0028819999999999957,0.00390299999999999,-0.08645999999999987,0.1170899999999997,0.145552051514226,0.37509411602188125,0.004851735050474201,126.44239564055846,fast
453,313,2,0.334142,0.582329,0.0504617,0.0883966,1.0,0.03333333333333333,-0.0029549999999999854,0.003078999999999943,-0.08864999999999956,0.09236999999999829,0.12802749470328476,-0.5257367043282377,0.004267583156776158,133.82272509373206,fast
454,313,2,0.331175,0.588212,0.0516333,0.0908593,1.0,0.03333333333333333,-0.0029669999999999974,0.005882999999999972,-0.08900999999999992,0.17648999999999915,0.19766512135427355,2.089128799529664,0.006588837378475785,116.76338641658629,fast
455,313,2,0.327315,0.594667,0.0514543,0.0898325,1.0,0.03333333333333333,-0.0038599999999999746,0.0064549999999999885,-0.11579999999999924,0.19364999999999966,0.22563236137575585,0.8390172006444688,0.007521078712525196,120.87883524735696,fast
456,313,2,0.323226,0.600599,0.0531654,0.0926447,1.0,0.03333333333333333,-0.004089000000000009,0.005932000000000048,-0.12267000000000028,0.17796000000000145,0.21614275490980628,-0.28468819397848705,0.007204758496993542,124.57896975772672,fast
457,313,2,0.320485,0.604916,0.0558805,0.097863,1.0,0.03333333333333333,-0.0027409999999999934,0.004317000000000015,-0.0822299999999998,0.12951000000000046,0.1534099507854692,-1.8819841237301123,0.005113665026182307,122.41275704388528,fast
458,313,2,0.316219,0.609556,0.0578249,0.101253,1.0,0.03333333333333333,-0.0042660000000000475,0.0046399999999999775,-0.12798000000000143,0.13919999999999932,0.18909130175658578,1.0704405291334973,0.006303043391886192,132.5953246886216,fast
459,313,2,0.312362,0.615006,0.0613796,0.107685,1.0,0.03333333333333333,-0.0038569999999999993,0.005450000000000066,-0.11570999999999998,0.16350000000000198,0.20030240662558363,0.33633314606993536,0.006676746887519454,125.28728780143649,fast
460,313,2,0.307712,0.621233,0.0628724,0.110385,1.0,0.03333333333333333,-0.0046499999999999875,0.0062269999999999825,-0.13949999999999962,0.18680999999999948,0.2331485065360696,0.9853829973145795,0.007771616884535654,126.75046403066506,fast
461,313,2,0.303506,0.627574,0.0634302,0.111359,1.0,0.03333333333333333,-0.0042059999999999875,0.00634099999999993,-0.12617999999999963,0.1902299999999979,0.22827361936938553,-0.14624661500052233,0.0076091206456461846,123.55640894252167,fast
462,313,2,0.29959,0.634819,0.0651348,0.114844,1.0,0.03333333333333333,-0.003915999999999975,0.007245000000000057,-0.11747999999999925,0.2173500000000017,0.2470679519889226,0.5638299785861117,0.008235598399630754,118.39169613591696,fast
463,313,2,0.295094,0.642333,0.0672614,0.118899,1.0,0.03333333333333333,-0.004496,0.007514000000000021,-0.13488,0.22542000000000062,0.2626914364801416,0.4687045347365701,0.00875638121600472,120.89418199754812,fast
464,313,2,0.290535,0.648717,0.0701912,0.124808,1.0,0.03333333333333333,-0.004559000000000035,0.006383999999999945,-0.13677000000000106,0.19151999999999836,0.23534218342660046,-0.820477591606234,0.007844739447553348,125.53173451062764,fast
465,313,2,0.285214,0.657265,0.0714208,0.12704,1.0,0.03333333333333333,-0.005320999999999965,0.008548,-0.15962999999999894,0.25644,0.3020649110704513,2.001681829315525,0.010068830369015043,121.90163579200708,fast
466,313,2,0.27986,0.662527,0.0721492,0.128142,1.0,0.03333333333333333,-0.005354000000000025,0.005261999999999989,-0.16062000000000076,0.15785999999999967,0.22520782402039266,-2.305712611501759,0.007506927467346421,135.49652220807548,fast
467,313,2,0.274479,0.672709,0.0751863,0.133819,1.0,0.03333333333333333,-0.005381000000000025,0.010182000000000024,-0.16143000000000074,0.30546000000000073,0.3454930628826007,3.6085571658662405,0.011516435429420024,117.85562922004135,fast
468,313,2,0.26897,0.681821,0.0779808,0.13894,1.0,0.03333333333333333,-0.005508999999999986,0.009112000000000009,-0.16526999999999958,0.27336000000000027,0.3194367895218082,-0.7816882008237741,0.010647892984060273,121.15662738567016,fast
469,313,2,0.262956,0.689529,0.0815481,0.145667,1.0,0.03333333333333333,-0.006013999999999964,0.007707999999999937,-0.18041999999999891,0.2312399999999981,0.293297313318753,-0.784184286091657,0.009776577110625097,127.96236388762605,fast
470,313,2,0.256994,0.699134,0.0828423,0.147842,1.0,0.03333333333333333,-0.005962000000000023,0.009605000000000086,-0.17886000000000069,0.28815000000000257,0.33914793542052074,1.3755186630530332,0.011304931180684024,121.82863448173737,fast
471,313,2,0.250175,0.708806,0.0856415,0.152995,1.0,0.03333333333333333,-0.0068190000000000195,0.009672000000000014,-0.20457000000000058,0.2901600000000004,0.3550235351353491,0.47626799144485144,0.01183411783784497,125.18478631473016,fast
472,313,2,0.242743,0.720006,0.0885644,0.158123,1.0,0.03333333333333333,-0.007431999999999994,0.011199999999999988,-0.22295999999999982,0.33599999999999963,0.40324578311496284,1.4466674393884116,0.013441526103832096,123.56711539815876,fast
473,313,2,0.235425,0.731867,0.0906505,0.161511,1.0,0.03333333333333333,-0.007317999999999991,0.01186100000000001,-0.21953999999999974,0.3558300000000003,0.4181062072009935,0.44581272258092,0.01393687357336645,121.67375661421443,fast
474,313,2,0.226944,0.744636,0.0940675,0.167278,1.0,0.03333333333333333,-0.008480999999999989,0.01276899999999992,-0.25442999999999966,0.3830699999999976,0.45986655651395003,1.2528104793886958,0.015328885217131667,123.59158386075694,fast
475,313,2,0.218793,0.757668,0.0974659,0.172614,1.0,0.03333333333333333,-0.00815100000000002,0.013032000000000044,-0.24453000000000058,0.3909600000000013,0.46113408299539227,0.03802579444326715,0.015371136099846408,122.02434864736864,fast
476,313,2,0.209847,0.770669,0.101606,0.179196,1.0,0.03333333333333333,-0.008945999999999982,0.01300100000000004,-0.26837999999999945,0.3900300000000012,0.4734461165750551,0.36936100738988453,0.015781537219168505,124.53189589183921,fast
477,313,2,0.199799,0.786637,0.1074,0.189345,1.0,0.03333333333333333,-0.010048000000000001,0.015967999999999982,-0.30144000000000004,0.47903999999999947,0.5659906317245892,2.776335454486023,0.01886635439081964,122.18050460661703,fast
478,313,2,0.189989,0.801948,0.109924,0.192653,1.0,0.03333333333333333,-0.009810000000000013,0.015310999999999964,-0.2943000000000004,0.4593299999999989,0.5455240956181489,-0.6139960831932101,0.018184136520604962,122.64832964560065,fast
479,313,2,0.17858,0.818841,0.11702,0.204814,1.0,0.03333333333333333,-0.011409000000000002,0.016893000000000047,-0.3422700000000001,0.5067900000000014,0.6115430132051232,1.9805675276092294,0.02038476710683744,124.03385210953826,fast
480,313,2,0.16629,0.835903,0.123565,0.216077,1.0,0.03333333333333333,-0.012289999999999995,0.01706199999999991,-0.36869999999999986,0.5118599999999973,0.6308251339317396,0.5784636217984918,0.02102750446439132,125.76573966246019,fast
481,313,2,0.152775,0.855356,0.130179,0.22683,1.0,0.03333333333333333,-0.013515,0.019453000000000054,-0.40545,0.5835900000000016,0.7106102944652588,2.3935548160055777,0.023687009815508628,124.78969689721839,fast
482,313,2,0.139013,0.874448,0.134734,0.23365,1.0,0.03333333333333333,-0.013761999999999996,0.019091999999999998,-0.4128599999999999,0.5727599999999999,0.7060505627786156,-0.1367919505992976,0.023535018759287187,125.78502385680952,fast
483,313,2,0.124014,0.886471,0.133833,0.227057,1.0,0.03333333333333333,-0.014998999999999998,0.012023000000000006,-0.44997,0.3606900000000002,0.5766890644012596,-3.88084495132068,0.01922296881337532,141.28479844167998,fast
484,313,2,0.101941,0.895665,0.130413,0.208671,1.0,0.03333333333333333,-0.022072999999999995,0.009194000000000035,-0.6621899999999998,0.27582000000000106,0.7173369281585887,4.2194359127198755,0.023911230938619625,157.38695496867695,fast
485,313,2,0.0894491,0.89918,0.130003,0.20164,1.0,0.03333333333333333,-0.0124919,0.003514999999999935,-0.374757,0.10544999999999805,0.3893103023925768,-9.840798772980358,0.01297701007975256,164.2843359383562,fast
486,313,2,0.0803874,0.900036,0.132442,0.199927,1.0,0.03333333333333333,-0.009061700000000006,0.0008559999999999679,-0.2718510000000002,0.025679999999999037,0.27306121768021185,-3.4874725413709484,0.009102040589340396,174.6036526437822,fast
487,313,2,0.0710484,0.921198,0.110756,0.157603,1.0,0.03333333333333333,-0.009339,0.021162000000000014,-0.28017000000000003,0.6348600000000004,0.6939325965106414,12.626141364912888,0.023131086550354712,113.8123423546632,fast
391,319,2,0.548532,0.423935,0.0239223,0.0629202,,,,,0.0,0.0,0.0,0.0,0.0,0.0,stationary
392,319,2,0.548953,0.423295,0.0236548,0.0621666,1.0,0.03333333333333333,0.0004210000000000047,-0.0006400000000000294,0.012630000000000141,-0.019200000000000883,0.022981664430585472,0.0,0.0007660554810195157,303.33741873809896,moving
393,319,2,0.54901,0.422649,0.0231686,0.0607392,1.0,0.03333333333333333,5.699999999997374e-05,-0.0006459999999999799,0.0017099999999992122,-0.019379999999999398,0.019455294909097982,-0.10579108564462471,0.0006485098303032662,275.04245106916875,moving
394,319,2,0.54898,0.42251,0.0226884,0.0592639,1.0,0.03333333333333333,-2.999999999997449e-05,-0.00013900000000000023,-0.0008999999999992347,-0.004170000000000007,0.00426601687760359,-0.4556783409448318,0.00014220056258678633,257.8208189474859,slow
396,319,2,0.547711,0.422366,0.0207834,0.0536622,2.0,0.06666666666666667,-0.0012690000000000756,-0.00014399999999997748,-0.019035000000001134,-0.002159999999999662,0.019157161193664413,0.22336716474091237,0.0012771440795776275,186.47395596867094,moving
397,319,2,0.547708,0.420615,0.021384,0.0549457,1.0,0.03333333333333333,-2.9999999999752447e-06,-0.0017510000000000026,-8.999999999925734e-05,-0.05253000000000008,0.05253007709874418,1.001187477152393,0.0017510025699581395,269.9018348541685,fast
406,319,2,0.546588,0.41411,0.019635,0.0504518,9.0,0.3,-0.0011200000000000099,-0.0065050000000000385,-0.0037333333333333663,-0.021683333333333464,0.022002379921777282,-0.10175899058988967,0.006600713976533184,260.2308664631705,moving
407,319,2,0.546959,0.415281,0.0182964,0.0464776,1.0,0.03333333333333333,0.0003710000000000102,0.0011710000000000331,0.011130000000000306,0.035130000000000994,0.03685096742285169,0.44545762503223224,0.0012283655807617231,72.42058882583245,fast
416,319,2,0.546223,0.408524,0.0177561,0.0443431,9.0,0.3,-0.0007359999999999589,-0.006757000000000013,-0.0024533333333331964,-0.022523333333333378,0.022656552890695666,-0.047314715107186746,0.0067969658672087,263.78361736251566,moving
402,342,2,0.577601,0.527124,0.0462717,0.0544105,,,,,0.0,0.0,0.0,0.0,0.0,0.0,stationary
405,342,2,0.575373,0.519032,0.0407435,0.047757,3.0,0.1,-0.0022280000000000078,-0.008091999999999988,-0.022280000000000078,-0.08091999999999988,0.08393119086489828,0.0,0.008393119086489828,254.60597690381263,fast
406,342,2,0.575196,0.515591,0.0392495,0.0457516,1.0,0.03333333333333333,-0.00017699999999998273,-0.0034410000000000274,-0.005309999999999482,-0.10323000000000082,0.10336647909259637,0.5830586468309428,0.003445549303086546,267.05538426793703,fast
407,342,2,0.573878,0.510843,0.0372562,0.0431878,1.0,0.03333333333333333,-0.0013180000000000414,-0.0047479999999999745,-0.03954000000000124,-0.14243999999999923,0.1478261316547243,1.333789576863838,0.004927537721824143,254.4858476412509,fast
408,342,2,0.573724,0.511607,0.0316129,0.0356964,1.0,0.03333333333333333,-0.00015399999999998748,0.0007639999999999869,-0.004619999999999624,0.022919999999999607,0.023380992280054722,-3.7333541812400877,0.0007793664093351574,101.396438366285,moving
423,342,2,0.563149,0.47622,0.0337467,0.0385987,15.0,0.5,-0.010575000000000001,-0.03538700000000006,-0.021150000000000002,-0.07077400000000011,0.0738666472502984,0.10097130994048736,0.0369333236251492,253.36182646573525,fast
406,347,2,0.479948,0.413702,0.0188757,0.0328746,,,,,0.0,0.0,0.0,0.0,0.0,0.0,stationary
407,347,2,0.480074,0.414423,0.0193673,0.0337392,1.0,0.03333333333333333,0.000126000000000015,0.0007209999999999717,0.0037800000000004497,0.02162999999999915,0.021957807267574934,0.0,0.0007319269089191646,80.0872485532746,moving
408,347,2,0.479606,0.414758,0.0200265,0.0348598,1.0,0.03333333333333333,-0.00046800000000002395,0.0003350000000000297,-0.014040000000000719,0.010050000000000892,0.017266270587478875,-0.14074610040288177,0.0005755423529159625,144.40445939239686,moving
409,347,2,0.479056,0.415369,0.0203983,0.0354862,1.0,0.03333333333333333,-0.0005499999999999949,0.0006109999999999727,-0.016499999999999848,0.01832999999999918,0.024662499873288696,0.22188687857429462,0.0008220833291096233,131.9923929460308,moving
410,347,2,0.478609,0.416101,0.0209365,0.0364103,1.0,0.03333333333333333,-0.0004469999999999752,0.0007320000000000104,-0.013409999999999256,0.021960000000000313,0.025730715108601115,0.03204645705937259,0.0008576905036200372,121.41056519122117,moving
411,347,2,0.47804,0.416694,0.0215927,0.037658,1.0,0.03333333333333333,-0.0005689999999999862,0.0005930000000000102,-0.017069999999999586,0.017790000000000306,0.024654999493003378,-0.03227146846793212,0.0008218333164334459,133.8167786367515,moving
412,347,2,0.477513,0.417129,0.0222559,0.0390352,1.0,0.03333333333333333,-0.0005269999999999997,0.0004350000000000187,-0.01580999999999999,0.013050000000000561,0.02050020975502481,-0.1246436921393571,0.0006833403251674937,140.46281639343806,moving
413,347,2,0.476859,0.417837,0.0226936,0.0402151,1.0,0.03333333333333333,-0.0006540000000000434,0.0007079999999999864,-0.019620000000001303,0.021239999999999593,0.028915082569483243,0.25244618443375305,0.0009638360856494416,132.72955032933737,moving
414,347,2,0.476541,0.419658,0.0227212,0.0406078,1.0,0.03333333333333333,-0.00031799999999998496,0.0018209999999999615,-0.009539999999999549,0.054629999999998846,0.055456726372910485,0.7962493141028173,0.0018485575457636827,99.90563716225932,fast
415,347,2,0.476275,0.420256,0.0235528,0.0425351,1.0,0.03333333333333333,-0.00026599999999998847,0.0005980000000000429,-0.007979999999999654,0.017940000000001288,0.019634765086449103,-1.0746588385938414,0.0006544921695483035,113.9802661317816,moving
416,347,2,0.475932,0.421729,0.0233725,0.042643,1.0,0.03333333333333333,-0.0003429999999999822,0.001473000000000002,-0.010289999999999466,0.04419000000000006,0.045372240411952265,0.7721242597650949,0.0015124080137317423,103.10819733401269,fast
422,347,2,0.47254,0.43021,0.0193308,0.0347396,6.0,0.2,-0.003392000000000006,0.00848099999999996,-0.01696000000000003,0.042404999999999804,0.045670839985706244,0.0014929978687698922,0.009134167997141248,111.7990798687756,fast
423,347,2,0.472054,0.430611,0.0197209,0.0354605,1.0,0.03333333333333333,-0.00048600000000004195,0.0004010000000000402,-0.014580000000001259,0.012030000000001206,0.018902309382720032,-0.8030559180895863,0.000630076979424001,140.47386150393686,moving
424,347,2,0.471435,0.430371,0.020962,0.0381281,1.0,0.03333333333333333,-0.0006189999999999807,-0.00024000000000001798,-0.01856999999999942,-0.007200000000000539,0.019916950067718354,0.03043922054994968,0.0006638983355906118,201.19241434519117,moving
425,347,2,0.471188,0.43142,0.0215855,0.0397698,1.0,0.03333333333333333,-0.0002469999999999972,0.0010490000000000221,-0.007409999999999917,0.031470000000000664,0.032330620161080126,0.3724101028008531,0.0010776873387026709,103.24965265718157,fast
427,347,2,0.470152,0.432369,0.0230845,0.0435328,2.0,0.06666666666666667,-0.0010359999999999814,0.0009489999999999776,-0.01553999999999972,0.014234999999999665,0.02107431671490162,-0.1688445516926776,0.001404954447660108,137.5095942939293,moving
428,347,2,0.469694,0.432723,0.023543,0.0453841,1.0,0.03333333333333333,-0.00045800000000001395,0.00035400000000002096,-0.013740000000000419,0.010620000000000629,0.017365828514644063,-0.11125464600772669,0.0005788609504881354,142.29863939173947,moving
429,347,2,0.469292,0.43366,0.0233196,0.0456393,1.0,0.03333333333333333,-0.00040200000000001346,0.0009369999999999656,-0.012060000000000404,0.02810999999999897,0.030587835817526415,0.3966602190864706,0.0010195945272508805,113.22072667977807,fast
430,347,2,0.468668,0.434798,0.0228993,0.0453253,1.0,0.03333333333333333,-0.0006240000000000134,0.0011380000000000279,-0.018720000000000403,0.034140000000000836,0.038935562150816214,0.250431789998694,0.0012978520716938739,118.73729798185593,fast
431,347,2,0.468096,0.437147,0.0223331,0.0444436,1.0,0.03333333333333333,-0.0005719999999999614,0.00234899999999999,-0.017159999999998843,0.0704699999999997,0.07252921135652805,1.0078094761713552,0.002417640378550935,103.68562158567022,fast
432,347,2,0.467293,0.438916,0.0224961,0.0448858,1.0,0.03333333333333333,-0.0008029999999999982,0.001768999999999965,-0.024089999999999945,0.05306999999999895,0.0582816695025107,-0.42742625562052056,0.0019427223167503569,114.41466495787859,fast
433,347,2,0.46666,0.441802,0.02173,0.0430216,1.0,0.03333333333333333,-0.0006329999999999947,0.0028859999999999997,-0.01898999999999984,0.08657999999999999,0.08863812103152904,0.9106935458705503,0.0029546040343843014,102.37105541087675,fast
434,347,2,0.465996,0.442062,0.0226325,0.0448132,1.0,0.03333333333333333,-0.0006639999999999979,0.000260000000000038,-0.019919999999999938,0.007800000000001139,0.021392671642410988,-2.0173634816735415,0.000713089054747033,158.61636483523534,moving
435,347,2,0.465496,0.44413,0.0227767,0.0447978,1.0,0.03333333333333333,-0.0005000000000000004,0.0020680000000000143,-0.015000000000000013,0.06204000000000043,0.06382759277929925,1.273047634106648,0.0021275864259766414,103.59209903481451,fast
436,347,7,0.464976,0.445089,0.0240947,0.0473117,1.0,0.03333333333333333,-0.0005200000000000204,0.0009589999999999876,-0.015600000000000613,0.02876999999999963,0.032727250113628516,-0.9330102799701221,0.0010909083371209505,118.46794357218647,fast
437,347,7,0.464663,0.446451,0.0241429,0.0469301,1.0,0.03333333333333333,-0.0003130000000000077,0.0013619999999999743,-0.009390000000000231,0.04085999999999923,0.04192507245074171,0.2759346701133958,0.0013975024150247237,102.94237608492807,fast
438,347,2,0.46406,0.451702,0.0213278,0.0398557,1.0,0.03333333333333333,-0.0006030000000000202,0.005251000000000006,-0.018090000000000606,0.15753000000000017,0.15856528308554832,3.4992063190441987,0.005285509436184944,96.55088105563766,fast
439,347,2,0.462562,0.451468,0.0243173,0.0455526,1.0,0.03333333333333333,-0.0014979999999999993,-0.00023400000000001198,-0.04493999999999998,-0.007020000000000359,0.04548498653402024,-3.392408896545842,0.0015161662178006748,188.87832559537543,fast
440,347,2,0.462079,0.454207,0.0237805,0.044,1.0,0.03333333333333333,-0.0004829999999999557,0.002739000000000047,-0.01448999999999867,0.08217000000000141,0.08343781516794524,1.1385848590177499,0.0027812605055981747,100.00081961908404,fast
441,347,2,0.461305,0.456524,0.0227732,0.041551,1.0,0.03333333333333333,-0.0007739999999999969,0.002316999999999958,-0.023219999999999907,0.06950999999999874,0.07328580012526179,-0.30456045128050363,0.002442860004175393,108.47203346467768,fast
442,347,2,0.46064,0.458511,0.0228928,0.0416414,1.0,0.03333333333333333,-0.0006650000000000267,0.0019870000000000165,-0.0199500000000008,0.059610000000000496,0.06285980114508867,-0.3127799694051935,0.002095326704836289,108.50412570390358,fast
443,347,2,0.459529,0.461091,0.0217372,0.0391551,1.0,0.03333333333333333,-0.0011109999999999731,0.002579999999999971,-0.033329999999999194,0.07739999999999914,0.08427128158512728,0.6423444132011584,0.0028090427195042425,113.2976856255159,fast
444,347,2,0.458732,0.463519,0.0220186,0.0395095,1.0,0.03333333333333333,-0.0007970000000000477,0.0024280000000000412,-0.02391000000000143,0.07284000000000124,0.0766639008921425,-0.22822142078954333,0.002555463363071417,108.17261383615948,fast
445,347,2,0.458012,0.465761,0.0228689,0.04092,1.0,0.03333333333333333,-0.0007199999999999984,0.0022419999999999662,-0.021599999999999953,0.06725999999999899,0.0706432417149713,-0.18061977531513618,0.002354774723832377,107.80399743930047,fast
446,347,2,0.456857,0.46764,0.022498,0.0396275,1.0,0.03333333333333333,-0.0011549999999999616,0.0018790000000000195,-0.03464999999999885,0.056370000000000586,0.0661679635473239,-0.13425834502942185,0.002205598784910797,121.57857100292529,fast
447,347,2,0.456394,0.468006,0.0230031,0.0403187,1.0,0.03333333333333333,-0.0004629999999999912,0.00036599999999997745,-0.013889999999999736,0.010979999999999324,0.017705719414922903,-1.4538673239720301,0.0005901906471640967,141.67374371981748,moving
448,347,2,0.455897,0.468737,0.0242249,0.0425847,1.0,0.03333333333333333,-0.0004970000000000252,0.0007310000000000372,-0.014910000000000756,0.021930000000001115,0.02651854068383235,0.26438463806728335,0.0008839513561277449,124.21141416810525,moving
449,347,2,0.455296,0.470841,0.0245184,0.0429132,1.0,0.03333333333333333,-0.0006010000000000182,0.0021039999999999948,-0.018030000000000546,0.06311999999999984,0.06564461364041989,1.1737821886976263,0.002188153788013996,105.94179917905029,fast
450,347,2,0.454296,0.474087,0.0250418,0.0435247,1.0,0.03333333333333333,-0.0010000000000000009,0.003245999999999971,-0.030000000000000027,0.09737999999999913,0.10189634144560751,1.0875518341556287,0.003396544714853584,107.12257252149107,fast
451,347,2,0.453056,0.476559,0.0253331,0.0435525,1.0,0.03333333333333333,-0.0012399999999999634,0.0024720000000000297,-0.0371999999999989,0.07416000000000089,0.08296713566226117,-0.5678761735003901,0.0027655711887420394,116.63917245463267,fast
452,347,2,0.451831,0.479391,0.0250227,0.0426335,1.0,0.03333333333333333,-0.0012250000000000316,0.002832000000000001,-0.03675000000000095,0.08496000000000004,0.0925676190684414,0.28801450218540664,0.00308558730228138,113.39120932846265,fast
453,347,2,0.450833,0.482099,0.0257003,0.0438373,1.0,0.03333333333333333,-0.0009979999999999989,0.002707999999999988,-0.029939999999999967,0.08123999999999965,0.08658141370987159,-0.17958616075709422,0.0028860471236623864,110.23074215603674,fast
454,347,2,0.450446,0.484617,0.026231,0.0445223,1.0,0.03333333333333333,-0.0003869999999999707,0.0025180000000000202,-0.011609999999999121,0.0755400000000006,0.07642698280057948,-0.3046329272787632,0.002547566093352649,98.73761269542308,fast
455,347,2,0.449815,0.486452,0.0272044,0.0459753,1.0,0.03333333333333333,-0.0006309999999999927,0.0018349999999999755,-0.01892999999999978,0.055049999999999266,0.05821380764045512,-0.5463952548037309,0.0019404602546818374,108.9765160074947,fast
456,347,2,0.448832,0.488204,0.0279927,0.0472264,1.0,0.03333333333333333,-0.0009830000000000116,0.0017520000000000313,-0.02949000000000035,0.05256000000000094,0.06026784963809576,0.061621259929219296,0.0020089283212698585,119.29560895422293,fast
457,347,2,0.447886,0.49008,0.0283015,0.0475121,1.0,0.03333333333333333,-0.0009460000000000024,0.0018759999999999888,-0.028380000000000072,0.056279999999999664,0.06303064968727488,0.08288400147537366,0.0021010216562424963,116.76018291992506,fast
458,347,2,0.446214,0.492271,0.0288469,0.0490111,1.0,0.03333333333333333,-0.0016720000000000068,0.0021909999999999985,-0.050160000000000204,0.06572999999999996,0.08268287912258507,0.5895668830593055,0.002756095970752836,127.3480443572991,fast
459,347,2,0.444814,0.494083,0.0287544,0.0495436,1.0,0.03333333333333333,-0.0014000000000000123,0.0018119999999999803,-0.04200000000000037,0.05435999999999941,0.06869504785645009,-0.41963493798404944,0.002289834928548336,127.6906405810754,fast
460,347,2,0.443718,0.496643,0.0282355,0.0493004,1.0,0.03333333333333333,-0.0010959999999999859,0.0025600000000000067,-0.032879999999999576,0.0768000000000002,0.08354241078637846,0.4454208878978512,0.002784747026212615,113.17697762160884,fast
461,347,2,0.442978,0.50123,0.02828,0.0493553,1.0,0.03333333333333333,-0.0007400000000000184,0.004586999999999952,-0.022200000000000553,0.13760999999999857,0.13938921084502787,1.6754040017594822,0.0046463070281675956,99.1643106152091,fast
462,347,2,0.441428,0.504887,0.0281609,0.048592,1.0,0.03333333333333333,-0.0015499999999999958,0.0036570000000000213,-0.046499999999999875,0.10971000000000064,0.11915760193961662,-0.6069482671623373,0.003971920064653888,112.96940104146324,fast
463,347,2,0.440417,0.507749,0.0272724,0.046152,1.0,0.03333333333333333,-0.0010109999999999841,0.002862000000000031,-0.030329999999999524,0.08586000000000094,0.09105958763359372,-0.8429404291806872,0.003035319587786457,109.4557409076927,fast
464,347,2,0.438362,0.511089,0.0285613,0.0478045,1.0,0.03333333333333333,-0.002055000000000029,0.0033400000000000096,-0.06165000000000087,0.10020000000000029,0.11764677003641096,0.7976154720845172,0.003921559001213699,121.60271643106546,fast
465,347,2,0.436553,0.515169,0.0304629,0.0505968,1.0,0.03333333333333333,-0.0018089999999999495,0.0040799999999999725,-0.054269999999998486,0.12239999999999918,0.13389172080453532,0.48734852304373094,0.004463057360151177,113.91165325670858,fast
466,347,2,0.435115,0.518694,0.0324423,0.0537635,1.0,0.03333333333333333,-0.0014380000000000503,0.0035250000000000004,-0.04314000000000151,0.10575000000000001,0.1142108668209822,-0.5904256195065938,0.00380702889403274,112.19267256836014,fast
467,347,2,0.434578,0.521182,0.0346466,0.057808,1.0,0.03333333333333333,-0.0005369999999999542,0.0024880000000000457,-0.016109999999998625,0.07464000000000137,0.07635876963388136,-1.1355629156130251,0.0025452923211293785,102.17965595551436,fast
468,347,2,0.432966,0.523502,0.0347573,0.0586439,1.0,0.03333333333333333,-0.0016120000000000023,0.0023199999999999887,-0.04836000000000007,0.06959999999999966,0.08475169378838372,0.251787724635071,0.002825056459612791,124.79263886841215,fast
469,347,2,0.431605,0.527899,0.0347286,0.0588866,1.0,0.03333333333333333,-0.001361000000000001,0.004396999999999984,-0.04083000000000003,0.13190999999999953,0.13808452845992514,1.5999850401462425,0.004602817615330839,107.1988243481427,fast
470,347,2,0.430005,0.531903,0.0357147,0.0608603,1.0,0.03333333333333333,-0.0015999999999999903,0.0040040000000000076,-0.04799999999999971,0.12012000000000023,0.12935538025146084,-0.2618744462539288,0.004311846008382028,111.78166933915236,fast
471,347,2,0.428425,0.53647,0.0361675,0.0621105,1.0,0.03333333333333333,-0.0015800000000000258,0.004566999999999988,-0.047400000000000775,0.13700999999999963,0.14497758481917117,0.4686661370313097,0.004832586160639039,109.0835808761372,fast
472,347,2,0.427108,0.541201,0.0357571,0.0615798,1.0,0.03333333333333333,-0.0013170000000000126,0.004731000000000041,-0.03951000000000038,0.14193000000000122,0.14732672873582844,0.07047431749971828,0.004910890957860948,105.55596175871068,fast
473,347,2,0.424848,0.545109,0.0350124,0.0604994,1.0,0.03333333333333333,-0.0022599999999999842,0.0039079999999999115,-0.06779999999999953,0.11723999999999735,0.13543285273521824,-0.3568162800183061,0.004514428424507276,120.04083444425356,fast
474,347,2,0.423068,0.548037,0.0356202,0.0618974,1.0,0.03333333333333333,-0.0017800000000000038,0.0029280000000000417,-0.053400000000000114,0.08784000000000125,0.10279798441603917,-0.9790460495753721,0.003426599480534639,121.29640096392785,fast
475,347,2,0.421196,0.553504,0.0377647,0.0661628,1.0,0.03333333333333333,-0.0018719999999999848,0.005467,-0.056159999999999544,0.16401,0.17335866202760086,2.1168203283468507,0.0057786220675866955,108.90213439434257,fast
476,347,2,0.418398,0.557911,0.0411848,0.072435,1.0,0.03333333333333333,-0.0027980000000000227,0.00440700000000005,-0.08394000000000068,0.1322100000000015,0.15660589931417176,-0.502582881402873,0.0052201966438057265,122.41142415147931,fast
477,347,2,0.415788,0.563145,0.0424681,0.0750495,1.0,0.03333333333333333,-0.002610000000000001,0.005233999999999961,-0.07830000000000004,0.15701999999999883,0.1754598825942832,0.5656194984033428,0.005848662753142773,116.50371606415774,fast
478,347,2,0.414752,0.56835,0.0447045,0.0795937,1.0,0.03333333333333333,-0.0010359999999999814,0.005205000000000015,-0.03107999999999944,0.15615000000000046,0.15921302993159858,-0.48740557988053823,0.005307100997719953,101.25700042862917,fast
479,347,2,0.412741,0.575106,0.0449621,0.0805461,1.0,0.03333333333333333,-0.002010999999999985,0.006755999999999984,-0.06032999999999955,0.20267999999999953,0.21146841679078168,1.567661605775493,0.007048947226359389,106.57623363170819,fast
480,347,2,0.410932,0.580924,0.0451907,0.0812517,1.0,0.03333333333333333,-0.001809000000000005,0.00581799999999999,-0.05427000000000015,0.1745399999999997,0.18278250600098445,-0.8605773236939172,0.006092750200032815,107.27211988352872,fast
481,347,2,0.408196,0.585127,0.0444309,0.0799611,1.0,0.03333333333333333,-0.002736000000000016,0.004202999999999957,-0.08208000000000049,0.1260899999999987,0.15045203388455655,-0.9699141634928369,0.0050150677961518855,123.06266246527747,fast
482,347,2,0.406127,0.59338,0.0466048,0.084381,1.0,0.03333333333333333,-0.0020689999999999875,0.008253000000000066,-0.062069999999999625,0.24759000000000198,0.2552518227163147,3.143993664952744,0.008508394090543823,104.07380803963133,fast
483,347,2,0.403741,0.601262,0.0470885,0.0854748,1.0,0.03333333333333333,-0.0023859999999999992,0.007881999999999945,-0.07157999999999998,0.23645999999999834,0.24705673032726555,-0.24585277167147424,0.008235224344242184,106.84185363983761,fast
484,347,2,0.400506,0.608364,0.0513786,0.0948738,1.0,0.03333333333333333,-0.0032350000000000434,0.007102000000000053,-0.0970500000000013,0.21306000000000158,0.23412233148506129,-0.38803196526612793,0.007804077716168711,114.4895255043777,fast
485,347,2,0.397587,0.615156,0.0537144,0.100644,1.0,0.03333333333333333,-0.0029189999999999494,0.00679200000000002,-0.08756999999999848,0.2037600000000006,0.22178061795386897,-0.3702514059357695,0.007392687265128965,113.25659762393758,fast
486,347,2,0.394792,0.620516,0.0551328,0.104259,1.0,0.03333333333333333,-0.0027950000000000474,0.00535999999999992,-0.08385000000000142,0.1607999999999976,0.18134900744145105,-1.2129483153725376,0.006044966914715035,117.54002397150452,fast
487,347,2,0.39088,0.628712,0.0570305,0.107688,1.0,0.03333333333333333,-0.003911999999999971,0.008196000000000092,-0.11735999999999913,0.24588000000000276,0.27245246190849726,2.7331036340113863,0.009081748730283242,115.51542324284901,fast
488,347,2,0.388108,0.640794,0.0589219,0.111343,1.0,0.03333333333333333,-0.0027719999999999967,0.012081999999999926,-0.0831599999999999,0.3624599999999978,0.3718774491684033,2.982749617797182,0.01239591497228011,102.92186336511645,fast
489,347,2,0.38474,0.650433,0.0602643,0.114656,1.0,0.03333333333333333,-0.003367999999999982,0.009639000000000064,-0.10103999999999946,0.2891700000000019,0.3063141696036946,-1.966898386941261,0.010210472320123155,109.26012136156373,fast
490,347,2,0.381072,0.659859,0.0617342,0.118248,1.0,0.03333333333333333,-0.0036680000000000046,0.009425999999999934,-0.11004000000000014,0.28277999999999803,0.30343587460944516,-0.08634884982748392,0.010114529153648171,111.26282440457828,fast
491,347,2,0.377585,0.671528,0.0646545,0.124361,1.0,0.03333333333333333,-0.003487000000000018,0.01166900000000004,-0.10461000000000054,0.3500700000000012,0.36536592205623253,1.8579014234036213,0.012178864068541084,106.63751039976705,fast
492,347,2,0.373393,0.683229,0.0652579,0.125505,1.0,0.03333333333333333,-0.004192000000000029,0.011700999999999961,-0.12576000000000087,0.35102999999999884,0.3728775113894634,0.22534767999692618,0.012429250379648779,109.71056972693896,fast
493,347,2,0.368386,0.694541,0.0695686,0.134639,1.0,0.03333333333333333,-0.005006999999999984,0.011311999999999989,-0.1502099999999995,0.33935999999999966,0.3711175739573641,-0.0527981229629787,0.012370585798578804,113.87548914641945,fast
494,347,2,0.363846,0.707324,0.0766202,0.150307,1.0,0.03333333333333333,-0.0045399999999999885,0.012782999999999989,-0.13619999999999965,0.38348999999999966,0.40695825351011083,1.0752203865824017,0.013565275117003695,109.55296231555053,fast
495,347,2,0.358968,0.716363,0.0852844,0.170297,1.0,0.03333333333333333,-0.0048779999999999935,0.00903900000000002,-0.1463399999999998,0.2711700000000006,0.3081372494522534,-2.964630121735723,0.010271241648408447,118.35402673712781,fast
496,347,2,0.35347,0.731372,0.0886061,0.179604,1.0,0.03333333333333333,-0.005498000000000003,0.01500900000000005,-0.1649400000000001,0.4502700000000015,0.4795292238227003,5.141759231113407,0.015984307460756676,110.11846678738357,fast
497,347,2,0.347439,0.754272,0.0858846,0.17426,1.0,0.03333333333333333,-0.006031000000000009,0.02290000000000003,-0.18093000000000026,0.6870000000000009,0.7104256927364053,6.92689406741115,0.023680856424546842,104.75452311484383,fast
498,347,2,0.338221,0.774885,0.0889267,0.178847,1.0,0.03333333333333333,-0.009218000000000004,0.020612999999999992,-0.2765400000000001,0.6183899999999998,0.6774072362323861,-0.9905536951205773,0.022580241207746207,114.09388394612103,fast
499,347,2,0.332462,0.797262,0.0925568,0.186151,1.0,0.03333333333333333,-0.005759000000000014,0.02237699999999998,-0.17277000000000042,0.6713099999999994,0.6931858257350617,0.473357685080269,0.023106194191168723,104.43257500426324,fast
500,347,2,0.32597,0.81729,0.0968316,0.195026,1.0,0.03333333333333333,-0.006491999999999998,0.020027999999999935,-0.19475999999999993,0.600839999999998,0.6316171017317356,-1.847061720099784,0.02105390339105785,107.95990457905827,fast
501,347,2,0.317581,0.840479,0.102298,0.20616,1.0,0.03333333333333333,-0.00838899999999998,0.023189000000000015,-0.2516699999999994,0.6956700000000005,0.7397935778310056,3.2452942829781017,0.02465978592770019,109.88841924576462,fast
502,347,2,0.308302,0.863766,0.114257,0.232163,1.0,0.03333333333333333,-0.009278999999999982,0.023287000000000058,-0.27836999999999945,0.6986100000000017,0.7520277847260712,0.3670262068519681,0.025067592824202373,111.72543563198917,fast
503,347,2,0.29822,0.873003,0.118733,0.241872,1.0,0.03333333333333333,-0.010082000000000035,0.00923699999999994,-0.30246000000000106,0.2771099999999982,0.41020970697924697,-10.254542332404728,0.013673656899308231,137.50448234473686,fast
504,347,2,0.287294,0.882146,0.117953,0.235708,1.0,0.03333333333333333,-0.010925999999999991,0.009143000000000012,-0.32777999999999974,0.27429000000000037,0.42740464726064925,0.5158482084420685,0.014246821575354975,140.0770270739572,fast
506,347,2,0.268599,0.924891,0.0850329,0.150218,2.0,0.06666666666666667,-0.018695000000000017,0.04274500000000003,-0.28042500000000026,0.6411750000000005,0.6998168054926952,4.086182373480689,0.046654453699513015,113.62269731922424,fast
410,352,7,0.332954,0.737467,0.105338,0.230234,,,,,0.0,0.0,0.0,0.0,0.0,0.0,stationary
413,352,7,0.310632,0.795785,0.126522,0.276614,3.0,0.1,-0.02232200000000001,0.05831799999999998,-0.22322000000000009,0.5831799999999998,0.6244406143101198,0.0,0.062444061431011985,110.94502035625737,fast
414,352,2,0.302734,0.81632,0.134823,0.29518,1.0,0.03333333333333333,-0.007898000000000016,0.02053500000000008,-0.23694000000000048,0.6160500000000024,0.660044063756355,1.0681034833870584,0.0220014687918785,111.0373240562119,fast
415,352,7,0.293248,0.837133,0.141057,0.308836,1.0,0.03333333333333333,-0.009485999999999994,0.02081299999999997,-0.28457999999999983,0.6243899999999991,0.6861841214280601,0.7842017301511506,0.022872804047602002,114.50220977817423,fast
416,352,2,0.282635,0.849697,0.139877,0.300606,1.0,0.03333333333333333,-0.010612999999999984,0.01256400000000002,-0.3183899999999995,0.3769200000000006,0.4933972826232428,-5.783605164144519,0.016446576087441427,130.18828366846037,fast
417,352,2,0.271854,0.857609,0.135686,0.284782,1.0,0.03333333333333333,-0.01078100000000004,0.007911999999999919,-0.3234300000000012,0.23735999999999757,0.40118167268707533,-2.7664682980850235,0.013372722422902512,143.72566221970453,fast
418,352,7,0.260773,0.866599,0.130994,0.266801,1.0,0.03333333333333333,-0.011081000000000008,0.008990000000000054,-0.3324300000000002,0.2697000000000016,0.4280745202648728,0.8067854273339242,0.014269150675495761,140.94762788961617,fast
421,360,5,0.647733,0.525428,0.0947615,0.173756,,,,,0.0,0.0,0.0,0.0,0.0,0.0,stationary
422,360,7,0.645139,0.523932,0.0936613,0.171825,1.0,0.03333333333333333,-0.002593999999999985,-0.0014960000000000528,-0.07781999999999956,-0.044880000000001585,0.08983410710860365,0.0,0.002994470236953455,209.9727151898341,fast
423,360,7,0.642539,0.519794,0.0923872,0.169624,1.0,0.03333333333333333,-0.0026000000000000467,-0.004137999999999975,-0.0780000000000014,-0.12413999999999925,0.14661084407369065,1.7033021089526101,0.004887028135789688,237.857914471352,fast
424,360,7,0.640947,0.518024,0.0922832,0.169662,1.0,0.03333333333333333,-0.0015919999999999268,-0.0017699999999999383,-0.047759999999997804,-0.05309999999999815,0.07141867822915511,-2.2557649753360662,0.0023806226076385035,228.03067678158195,fast
425,360,7,0.639591,0.517568,0.0913368,0.168314,1.0,0.03333333333333333,-0.0013560000000000239,-0.00045600000000001195,-0.040680000000000716,-0.013680000000000359,0.04291858338761973,-0.8550028452460614,0.001430619446253991,198.58692666148605,fast
426,360,7,0.63792,0.51548,0.0899063,0.166161,1.0,0.03333333333333333,-0.001670999999999978,-0.0020879999999999788,-0.05012999999999934,-0.06263999999999936,0.08022958618863651,1.1193300840305036,0.002674319539621217,231.3301539430146,fast
427,360,7,0.636186,0.511889,0.0879447,0.163083,1.0,0.03333333333333333,-0.0017340000000000133,-0.003591000000000011,-0.0520200000000004,-0.10773000000000033,0.11963207471242865,1.182074655713764,0.003987735823747622,244.2253182554092,fast
428,360,5,0.635,0.509711,0.0861621,0.160591,1.0,0.03333333333333333,-0.0011860000000000204,-0.0021780000000000133,-0.03558000000000061,-0.0653400000000004,0.0743992741900087,-1.3569840156725983,0.0024799758063336237,241.43010501636314,fast
430,360,7,0.632139,0.505869,0.082694,0.154737,2.0,0.06666666666666667,-0.0028610000000000024,-0.003842000000000012,-0.042915000000000036,-0.05763000000000018,0.07185342110853195,-0.03818779622215135,0.00479022807390213,233.32626266326457,fast
431,360,7,0.63063,0.504322,0.0815818,0.153259,1.0,0.03333333333333333,-0.0015089999999999826,-0.001546999999999965,-0.04526999999999948,-0.04640999999999895,0.06483256126361087,-0.21062579534763246,0.002161085375453695,225.71241080442158,fast
432,360,7,0.629024,0.5003,0.0782065,0.14711,1.0,0.03333333333333333,-0.0016059999999999963,-0.004022000000000081,-0.04817999999999989,-0.12066000000000243,0.12992362371793892,1.9527318736298416,0.004330787457264631,248.23298468296656,fast
433,360,7,0.626449,0.496553,0.077547,0.146424,1.0,0.03333333333333333,-0.002574999999999994,-0.003746999999999945,-0.07724999999999982,-0.11240999999999834,0.1363949067964035,0.1941384923539377,0.00454649689321345,235.5025107837517,fast
434,360,7,0.62462,0.494236,0.0763471,0.144699,1.0,0.03333333333333333,-0.0018290000000000806,-0.0023170000000000135,-0.05487000000000242,-0.0695100000000004,0.08855708328530429,-1.4351347053329766,0.0029519027761768096,231.71304405002144,fast
436,360,7,0.621926,0.491013,0.0744853,0.141849,2.0,0.06666666666666667,-0.002693999999999974,-0.0032230000000000314,-0.04040999999999961,-0.04834500000000047,0.06300957962881529,-0.383212554847335,0.004200638641921019,230.10885553817224,fast
437,360,7,0.620948,0.489744,0.0733864,0.140516,1.0,0.03333333333333333,-0.0009779999999999234,-0.0012689999999999646,-0.0293399999999977,-0.03806999999999894,0.048064129036109494,-0.4483635177811738,0.0016021376345369833,232.37907709908256,fast
438,360,7,0.620153,0.489327,0.0730695,0.141106,1.0,0.03333333333333333,-0.0007950000000001012,-0.0004170000000000007,-0.023850000000003035,-0.012510000000000021,0.02693181390103803,-0.6339694540521439,0.000897727130034601,207.6782819740774,moving
440,360,7,0.617682,0.484459,0.0693515,0.134519,2.0,0.06666666666666667,-0.002471000000000001,-0.004868000000000039,-0.037065000000000015,-0.07302000000000058,0.08188855002379812,0.8243510418414013,0.005459236668253208,243.08762058929398,fast
441,360,7,0.616787,0.48299,0.0682782,0.132994,1.0,0.03333333333333333,-0.0008949999999999791,-0.001468999999999998,-0.026849999999999374,-0.04406999999999994,0.051605110212070676,-0.9085031943518234,0.001720170340402356,238.64780345644698,fast
442,360,7,0.616111,0.481379,0.067072,0.13114,1.0,0.03333333333333333,-0.0006760000000000099,-0.0016109999999999736,-0.020280000000000298,-0.04832999999999921,0.052412472752198354,0.02422087620383033,0.0017470824250732785,247.2363409089697,fast
443,360,7,0.615122,0.481226,0.0657881,0.128812,1.0,0.03333333333333333,-0.0009890000000000176,-0.00015300000000001424,-0.02967000000000053,-0.004590000000000427,0.03002294122833463,-0.6716859457159118,0.0010007647076111543,188.79404294537363,fast
445,360,7,0.613033,0.479592,0.065475,0.129002,2.0,0.06666666666666667,-0.0020889999999998965,-0.0016339999999999688,-0.03133499999999845,-0.024509999999999532,0.03978218602590712,0.14638867196358737,0.0026521457350604746,218.03224869812396,fast
425,365,5,0.640322,0.518446,0.0867697,0.170304,,,,,0.0,0.0,0.0,0.0,0.0,0.0,stationary
426,365,5,0.638382,0.516425,0.0854744,0.167846,1.0,0.03333333333333333,-0.0019399999999999418,-0.0020209999999999395,-0.05819999999999825,-0.060629999999998185,0.08404306574607792,0.0,0.002801435524869264,226.1714999718578,fast
427,365,5,0.636377,0.51272,0.0839862,0.165102,1.0,0.03333333333333333,-0.0020050000000000345,-0.0037050000000000693,-0.060150000000001036,-0.11115000000000208,0.12638174314354342,1.270160321923965,0.004212724771451448,241.57949438686822,fast
428,365,7,0.634867,0.509294,0.0810012,0.159186,1.0,0.03333333333333333,-0.0015100000000000113,-0.003425999999999929,-0.04530000000000034,-0.10277999999999787,0.11232016025629413,-0.42184748661747873,0.0037440053418764706,246.21464662379543,fast
442,372,2,0.370263,0.540844,0.0540748,0.0693388,,,,,0.0,0.0,0.0,0.0,0.0,0.0,stationary
459,375,7,0.312796,0.614061,0.0612457,0.109969,,,,,0.0,0.0,0.0,0.0,0.0,0.0,stationary
467,376,2,0.447684,0.428603,0.0238427,0.0304203,,,,,0.0,0.0,0.0,0.0,0.0,0.0,stationary
468,376,2,0.447253,0.429098,0.0240243,0.0306361,1.0,0.03333333333333333,-0.0004310000000000147,0.0004949999999999677,-0.012930000000000441,0.01484999999999903,0.01969028694559789,0.0,0.0006563428981865963,131.0463198447784,moving
469,376,2,0.446647,0.429242,0.0238189,0.0303251,1.0,0.03333333333333333,-0.0006059999999999954,0.000144000000000033,-0.018179999999999863,0.00432000000000099,0.018686219521347906,-0.030122022727499496,0.0006228739840449302,166.63306930368014,moving
470,376,2,0.446124,0.429186,0.0232807,0.0295603,1.0,0.03333333333333333,-0.0005229999999999957,-5.6000000000000494e-05,-0.01568999999999987,-0.0016800000000000148,0.015779686308669005,-0.08719599638036706,0.0005259895436223001,186.11163536621623,moving
471,376,2,0.445426,0.429499,0.0237559,0.0302066,1.0,0.03333333333333333,-0.0006980000000000319,0.0003130000000000077,-0.020940000000000958,0.009390000000000231,0.022948980369507585,0.21507882182515742,0.0007649660123169195,155.84738768715943,moving
472,376,2,0.445495,0.429128,0.0251996,0.0321414,1.0,0.03333333333333333,6.899999999998574e-05,-0.0003710000000000102,0.002069999999999572,-0.011130000000000306,0.011320856858030007,-0.34884370534432735,0.0003773618952676669,280.5357123090897,moving
475,376,2,0.443436,0.432871,0.0230233,0.0292547,3.0,0.1,-0.0020589999999999775,0.0037429999999999963,-0.020589999999999775,0.03742999999999996,0.04271946862965395,0.3139861177162394,0.004271946862965396,118.81490690643363,fast
476,376,2,0.443719,0.434104,0.0230497,0.0291898,1.0,0.03333333333333333,0.0002829999999999777,0.0012329999999999841,0.008489999999999331,0.03698999999999952,0.037951814185885155,-0.14302963331306387,0.0012650604728628382,77.07327721530737,fast
477,376,2,0.442783,0.436536,0.0213278,0.0268797,1.0,0.03333333333333333,-0.0009359999999999924,0.0024319999999999897,-0.028079999999999772,0.07295999999999969,0.07817702987450945,1.2067564706587288,0.0026059009958169814,111.05013958583288,fast
478,376,2,0.441827,0.437427,0.0209616,0.0263404,1.0,0.03333333333333333,-0.0009559999999999569,0.0008910000000000307,-0.028679999999998707,0.02673000000000092,0.03920504176760911,-1.1691596432070102,0.0013068347255869705,137.0155329378788,fast
479,376,2,0.441105,0.438986,0.0211963,0.0265987,1.0,0.03333333333333333,-0.0007220000000000004,0.001558999999999977,-0.021660000000000013,0.04676999999999931,0.051542104147967574,0.3701118714107539,0.0017180701382655858,114.84967465193284,fast
480,376,2,0.440661,0.440699,0.0213487,0.0266798,1.0,0.03333333333333333,-0.00044399999999999995,0.00171300000000002,-0.013319999999999999,0.0513900000000006,0.0530881766497971,0.046382175054885746,0.00176960588832657,104.53097268952052,fast
481,376,2,0.439833,0.441503,0.0221416,0.0275923,1.0,0.03333333333333333,-0.0008280000000000509,0.0008039999999999714,-0.024840000000001528,0.024119999999999142,0.03462369131100892,-0.5539345601636454,0.0011541230437002972,135.84252426074318,fast
482,376,2,0.439882,0.442739,0.0221948,0.0273806,1.0,0.03333333333333333,4.900000000002125e-05,0.0012360000000000149,0.0014700000000006375,0.037080000000000446,0.0371091269096975,0.07456306796065737,0.0012369708969899166,87.72975421947251,fast
483,376,2,0.439756,0.444344,0.0219315,0.0267191,1.0,0.03333333333333333,-0.000126000000000015,0.001605000000000023,-0.0037800000000004497,0.04815000000000069,0.048298145927147866,0.33567057052351107,0.0016099381975715956,94.48878010923636,fast
484,376,2,0.439431,0.445129,0.0229318,0.0278152,1.0,0.03333333333333333,-0.0003249999999999642,0.0007849999999999802,-0.009749999999998926,0.023549999999999405,0.0254885268307125,-0.684288572893061,0.00084961756102375,112.49017802711109,moving
485,376,2,0.438939,0.446431,0.02327,0.0280954,1.0,0.03333333333333333,-0.0004919999999999924,0.0013020000000000254,-0.014759999999999773,0.03906000000000076,0.04175573254057523,0.4880161712958818,0.0013918577513525074,110.70058522455099,fast
486,376,2,0.43824,0.447324,0.0231124,0.0279422,1.0,0.03333333333333333,-0.0006990000000000052,0.0008929999999999771,-0.020970000000000155,0.026789999999999314,0.034021243363521705,-0.23203467531160565,0.0011340414454507235,128.05223221022044,fast
487,376,2,0.43764,0.447836,0.0232504,0.0281372,1.0,0.03333333333333333,-0.0006000000000000449,0.0005120000000000124,-0.018000000000001348,0.015360000000000373,0.023662831614159368,-0.31075235248087013,0.0007887610538053122,139.5247684728356,moving
488,376,2,0.435687,0.448795,0.0224959,0.0270539,1.0,0.03333333333333333,-0.0019529999999999825,0.0009589999999999876,-0.058589999999999476,0.02876999999999963,0.06527251335746094,1.248290452299047,0.0021757504452486983,153.84714156432437,fast
489,376,2,0.434438,0.449416,0.0223594,0.0265035,1.0,0.03333333333333333,-0.0012490000000000001,0.0006209999999999827,-0.03747,0.01862999999999948,0.041845881517778794,-0.7027989551904644,0.0013948627172592932,153.5635380448548,fast
490,376,2,0.434054,0.450744,0.0226494,0.0262538,1.0,0.03333333333333333,-0.00038399999999999546,0.0013279999999999959,-0.011519999999999864,0.039839999999999876,0.041472111110962114,-0.0112131122045004,0.001382403703698737,106.1275758259597,fast
491,376,2,0.433444,0.452089,0.023287,0.0261047,1.0,0.03333333333333333,-0.0006099999999999994,0.0013450000000000406,-0.018299999999999983,0.04035000000000122,0.04430589689872103,0.08501357363276757,0.0014768632299573677,114.3957935873488,fast
492,376,2,0.430827,0.453593,0.0247788,0.0272388,1.0,0.03333333333333333,-0.0026169999999999805,0.0015040000000000053,-0.07850999999999941,0.04512000000000016,0.09055183322274554,1.3873780897207353,0.0030183944407581845,150.11385140062617,fast
493,376,2,0.429418,0.453845,0.0268874,0.0293905,1.0,0.03333333333333333,-0.0014089999999999936,0.00025199999999997447,-0.04226999999999981,0.007559999999999234,0.04294073241107995,-1.428333024349968,0.0014313577470359985,169.85984756352366,fast
494,376,2,0.427836,0.456235,0.0255567,0.0270752,1.0,0.03333333333333333,-0.0015820000000000278,0.0023900000000000032,-0.047460000000000835,0.0717000000000001,0.08598454279694748,1.291314311576026,0.002866151426564916,123.5015587709612,fast
495,376,2,0.427368,0.457829,0.0251768,0.0258005,1.0,0.03333333333333333,-0.00046799999999996844,0.0015939999999999843,-0.014039999999999053,0.04781999999999953,0.04983847911002029,-1.0843819106078156,0.0016612826370006762,106.36229185068896,fast
496,376,2,0.427191,0.45955,0.0248969,0.024593,1.0,0.03333333333333333,-0.00017700000000003824,0.001721000000000028,-0.005310000000001147,0.05163000000000084,0.0519023409876674,0.06191585632941324,0.0017300780329222467,95.87206353282977,fast
497,376,2,0.425536,0.460111,0.0268727,0.0263174,1.0,0.03333333333333333,-0.001654999999999962,0.0005609999999999782,-0.04964999999999886,0.016829999999999345,0.05242491201709227,0.01567713088274615,0.0017474970672364087,161.27473845592192,fast
498,376,2,0.424358,0.461713,0.0283143,0.0281093,1.0,0.03333333333333333,-0.0011780000000000124,0.0016019999999999923,-0.03534000000000037,0.04805999999999977,0.059654666204748845,0.21689262562969727,0.001988488873491628,126.3281914703528,fast
499,376,2,0.423608,0.462573,0.0287463,0.0289898,1.0,0.03333333333333333,-0.0007500000000000284,0.0008600000000000274,-0.022500000000000853,0.025800000000000822,0.03423287893239598,-0.762653618170586,0.0011410959644131994,131.09145570554074,fast
500,376,2,0.423052,0.463131,0.0291812,0.0298543,1.0,0.03333333333333333,-0.0005560000000000009,0.0005580000000000029,-0.016680000000000028,0.016740000000000088,0.023631546711969657,-0.3180399666127897,0.0007877182237323218,134.8971351562759,moving
501,376,2,0.422433,0.463979,0.0308198,0.032152,1.0,0.03333333333333333,-0.0006189999999999807,0.0008479999999999599,-0.01856999999999942,0.025439999999998797,0.031496642678227105,0.23595287898772344,0.0010498880892742368,126.12768101986757,fast
502,376,2,0.42214,0.465155,0.0324806,0.0346569,1.0,0.03333333333333333,-0.0002929999999999877,0.0011760000000000104,-0.008789999999999631,0.03528000000000031,0.036358527197894244,0.14585653559001419,0.0012119509065964748,103.99037933562619,fast
503,376,2,0.421524,0.465709,0.033205,0.0361656,1.0,0.03333333333333333,-0.0006160000000000054,0.0005539999999999989,-0.018480000000000163,0.016619999999999968,0.024854271262702614,-0.3451276780557489,0.0008284757087567538,138.03334941950874,moving
504,376,2,0.420289,0.467373,0.0332605,0.0372002,1.0,0.03333333333333333,-0.0012349999999999861,0.0016639999999999988,-0.03704999999999958,0.049919999999999964,0.062166782931079564,1.1193753500513086,0.0020722260977026523,126.58234282298656,fast
505,376,2,0.419456,0.468203,0.0318853,0.0363012,1.0,0.03333333333333333,-0.0008330000000000282,0.0008299999999999974,-0.024990000000000845,0.024899999999999922,0.03527761471528423,-0.8066750464738599,0.0011759204905094744,135.10335968255174,fast
506,376,2,0.418419,0.468455,0.0322289,0.0374399,1.0,0.03333333333333333,-0.0010370000000000101,0.00025200000000003,-0.031110000000000304,0.007560000000000899,0.032015397857906316,-0.09786650572133751,0.0010671799285968773,166.3413823381668,fast
507,376,2,0.416777,0.469187,0.032437,0.0384923,1.0,0.03333333333333333,-0.0016419999999999768,0.0007320000000000104,-0.049259999999999304,0.021960000000000313,0.053933192006406824,0.6575338244550153,0.0017977730668802276,155.97279199780905,fast
508,376,2,0.416168,0.469436,0.0321181,0.0388735,1.0,0.03333333333333333,-0.0006090000000000262,0.0002489999999999992,-0.018270000000000786,0.007469999999999977,0.019738130610572734,-1.0258518418750227,0.0006579376870190911,157.76196728443642,moving
509,376,2,0.414859,0.471232,0.0329955,0.0405004,1.0,0.03333333333333333,-0.0013090000000000046,0.0017959999999999643,-0.03927000000000014,0.05387999999999893,0.06667223785054688,1.4080232171992242,0.0022224079283515628,126.08613243440362,fast
510,376,2,0.413844,0.472485,0.0337654,0.0419776,1.0,0.03333333333333333,-0.0010149999999999881,0.0012530000000000041,-0.030449999999999644,0.03759000000000012,0.0483757232504072,-0.5488954380041904,0.0016125241083469067,129.0094052820748,fast
511,376,2,0.413449,0.472967,0.0337865,0.0425093,1.0,0.03333333333333333,-0.0003949999999999787,0.00048200000000003795,-0.011849999999999361,0.014460000000001139,0.01869529619984711,-0.8904128115168026,0.0006231765399949036,129.33468973176218,moving
512,376,2,0.411562,0.477659,0.0313475,0.0393883,1.0,0.03333333333333333,-0.0018870000000000275,0.004691999999999974,-0.056610000000000826,0.14075999999999922,0.15171707122140168,3.9906532506466372,0.005057235707380057,111.9087048281823,fast
513,376,2,0.410519,0.481311,0.029392,0.0365966,1.0,0.03333333333333333,-0.0010429999999999606,0.0036519999999999886,-0.03128999999999882,0.10955999999999966,0.11394058846609426,-1.1332944826592228,0.0037980196155364752,105.93917936067407,fast
514,376,2,0.410128,0.482637,0.0286931,0.035442,1.0,0.03333333333333333,-0.0003910000000000302,0.0013259999999999939,-0.011730000000000906,0.039779999999999816,0.04147338061938051,-2.1740162354014125,0.0013824460206460169,106.42930145153468,fast
515,376,2,0.408694,0.486432,0.0301856,0.0374515,1.0,0.03333333333333333,-0.0014339999999999908,0.003794999999999993,-0.043019999999999725,0.11384999999999978,0.12170679068975537,2.407002302111246,0.004056893022991846,110.69985464633203,fast
516,376,2,0.407561,0.488878,0.0305584,0.0378479,1.0,0.03333333333333333,-0.0011329999999999951,0.0024460000000000037,-0.033989999999999854,0.07338000000000011,0.08086992333370922,-1.2251060206813844,0.0026956641111236406,114.85381904342671,fast
517,376,2,0.408309,0.490506,0.0325943,0.0401303,1.0,0.03333333333333333,0.0007479999999999709,0.0016280000000000183,0.022439999999999127,0.04884000000000055,0.05374848090876629,-0.813643272748288,0.0017916160302922097,65.32313682966401,fast
518,376,2,0.406653,0.492451,0.0331761,0.0407223,1.0,0.03333333333333333,-0.0016559999999999908,0.00194500000000003,-0.049679999999999724,0.0583500000000009,0.07663435848234183,0.6865763272072662,0.002554478616078061,130.41153393583716,fast
519,376,2,0.405998,0.493115,0.0334481,0.0409559,1.0,0.03333333333333333,-0.0006549999999999612,0.0006639999999999979,-0.019649999999998835,0.019919999999999938,0.02798086667706974,-1.4596047541581627,0.0009326955559023246,134.60905685133264,moving
520,376,2,0.405395,0.495626,0.0340992,0.0414897,1.0,0.03333333333333333,-0.0006030000000000202,0.0025109999999999855,-0.018090000000000606,0.07532999999999956,0.07747165288026296,1.4847235860957966,0.002582388429342099,103.5035000937504,fast
521,376,2,0.402316,0.499026,0.0343239,0.0416239,1.0,0.03333333333333333,-0.0030789999999999984,0.003400000000000014,-0.09236999999999995,0.10200000000000042,0.13760892739935182,1.8041182355726657,0.00458696424664506,132.16361805899612,fast
522,376,2,0.401301,0.500335,0.0344501,0.041593,1.0,0.03333333333333333,-0.0010149999999999881,0.001308999999999949,-0.030449999999999644,0.03926999999999847,0.049692407870819244,-2.6374955858559774,0.0016564135956939749,127.79003815438494,fast
523,376,2,0.398866,0.501847,0.033679,0.0407933,1.0,0.03333333333333333,-0.0024350000000000205,0.0015120000000000688,-0.07305000000000061,0.045360000000002065,0.08598739500647916,1.0888496140697974,0.002866246500215972,148.16201152945183,fast
524,376,2,0.395185,0.506265,0.0335177,0.0408913,1.0,0.03333333333333333,-0.00368099999999999,0.004417999999999922,-0.1104299999999997,0.13253999999999766,0.17251561233696883,2.5958465199146903,0.005750520411232294,129.8004682686411,fast
525,376,2,0.394059,0.507812,0.0333326,0.0408311,1.0,0.03333333333333333,-0.0011260000000000159,0.001547000000000076,-0.033780000000000476,0.04641000000000228,0.05740188585752427,-3.453411794383337,0.0019133961952508087,126.04938905338054,fast
526,376,2,0.393209,0.50998,0.0351857,0.0431048,1.0,0.03333333333333333,-0.0008500000000000174,0.0021679999999999477,-0.025500000000000522,0.06503999999999843,0.06986022902911085,0.37375029514759744,0.0023286743009703617,111.40847808366203,fast
527,376,2,0.392458,0.511509,0.0357916,0.0438589,1.0,0.03333333333333333,-0.0007510000000000017,0.0015290000000000026,-0.02253000000000005,0.04587000000000008,0.051104381416861015,-0.562675428367495,0.0017034793805620339,116.15891829772994,fast
528,376,2,0.390209,0.512147,0.0365178,0.045325,1.0,0.03333333333333333,-0.002249000000000001,0.0006380000000000274,-0.06747000000000003,0.019140000000000823,0.07013230710592684,0.5708377706719748,0.002337743570197561,164.16233444655745,fast
529,376,2,0.389119,0.513751,0.0380067,0.0473907,1.0,0.03333333333333333,-0.0010899999999999799,0.0016039999999999388,-0.032699999999999396,0.048119999999998164,0.058179243721449184,-0.35859190153432974,0.001939308124048306,124.19811175210646,fast
530,376,2,0.388556,0.517126,0.0383865,0.047678,1.0,0.03333333333333333,-0.0005629999999999802,0.003375000000000017,-0.016889999999999405,0.1012500000000005,0.10264908474993863,1.3340952308546834,0.0034216361583312874,99.47058086066295,fast
531,376,2,0.385526,0.52003,0.0373759,0.0469307,1.0,0.03333333333333333,-0.0030300000000000327,0.0029040000000000177,-0.09090000000000098,0.08712000000000053,0.1259075232065196,0.6977531536974292,0.00419691744021732,136.21641111249778,fast
532,376,2,0.382112,0.522631,0.0375963,0.0475772,1.0,0.03333333333333333,-0.0034139999999999726,0.0026009999999999645,-0.10241999999999918,0.07802999999999893,0.1287576688978162,0.08550437073889805,0.004291922296593873,142.69756868731986,fast
533,376,2,0.379898,0.525345,0.0385998,0.0495095,1.0,0.03333333333333333,-0.0022139999999999938,0.002713999999999994,-0.06641999999999981,0.08141999999999983,0.10507536723704537,-0.7104690498231249,0.0035025122412348456,129.20653636735608,fast
534,376,2,0.378492,0.528838,0.0375013,0.0481751,1.0,0.03333333333333333,-0.0014060000000000183,0.0034930000000000794,-0.04218000000000055,0.10479000000000238,0.1129605971124469,0.23655689626204568,0.003765353237081563,111.92573805279216,fast
535,376,2,0.379579,0.534667,0.0367464,0.0454206,1.0,0.03333333333333333,0.0010870000000000046,0.005828999999999973,0.03261000000000014,0.1748699999999992,0.17788459461122463,1.9477199249633321,0.005929486487040821,79.43673526822454,fast
536,376,2,0.379534,0.537657,0.0393416,0.0475529,1.0,0.03333333333333333,-4.500000000001725e-05,0.002990000000000048,-0.0013500000000005175,0.08970000000000145,0.0897101582876781,-2.645233089706396,0.00299033860958927,90.86224596510249,fast
537,376,2,0.378572,0.540506,0.0416118,0.0494279,1.0,0.03333333333333333,-0.0009619999999999629,0.0028489999999999904,-0.028859999999998887,0.08546999999999971,0.09021097771335751,0.015024582770382239,0.0030070325904452506,108.65788847411892,fast
538,376,2,0.376235,0.5431,0.0423334,0.0495434,1.0,0.03333333333333333,-0.0023370000000000335,0.002593999999999985,-0.070110000000001,0.07781999999999956,0.10474428146681837,0.43599911260382584,0.003491476048893946,132.01648672971027,fast
539,376,2,0.372242,0.546505,0.0444486,0.0522205,1.0,0.03333333333333333,-0.003992999999999969,0.0034049999999999914,-0.11978999999999906,0.10214999999999974,0.15743019595998642,1.5805774347950414,0.005247673198666214,139.5443692663829,fast
540,376,2,0.367351,0.548886,0.0454116,0.0540541,1.0,0.03333333333333333,-0.004891000000000034,0.0023809999999999665,-0.14673000000000103,0.071429999999999,0.16319294653875258,0.1728825173629847,0.0054397648846250864,154.0426014121149,fast
541,376,2,0.365166,0.551167,0.0469175,0.0564766,1.0,0.03333333333333333,-0.0021849999999999925,0.0022809999999999775,-0.06554999999999978,0.06842999999999932,0.09476005170956735,-2.052986844875557,0.0031586683903189116,133.76857414145604,fast
542,376,2,0.361364,0.555819,0.0462847,0.0566658,1.0,0.03333333333333333,-0.003801999999999972,0.0046519999999999895,-0.11405999999999916,0.13955999999999968,0.1802406091867194,2.564416724314562,0.00600802030622398,129.2585413559696,fast
543,376,2,0.357696,0.559462,0.0470059,0.0585654,1.0,0.03333333333333333,-0.0036680000000000046,0.003643000000000063,-0.11004000000000014,0.10929000000000189,0.1550906370481482,-0.7544991641571361,0.00516968790160494,135.1959224326166,fast
544,376,2,0.353976,0.563609,0.0482864,0.0617494,1.0,0.03333333333333333,-0.003720000000000001,0.004147000000000012,-0.11160000000000003,0.12441000000000035,0.1671299138395042,0.3611783037406799,0.005570997127983473,131.89318481665077,fast
545,376,2,0.351049,0.568162,0.0469725,0.0610472,1.0,0.03333333333333333,-0.002927000000000013,0.004552999999999918,-0.08781000000000039,0.13658999999999755,0.1623804920549245,-0.1424826535373913,0.0054126830684974835,122.73586229119582,fast
546,376,2,0.349406,0.572931,0.0452335,0.0591337,1.0,0.03333333333333333,-0.0016430000000000056,0.004769000000000023,-0.04929000000000017,0.1430700000000007,0.15132259910535575,-0.3317367884870623,0.005044086636845192,109.00968344639017,fast
547,376,2,0.346746,0.57691,0.0471124,0.0620201,1.0,0.03333333333333333,-0.0026599999999999957,0.003979000000000066,-0.07979999999999987,0.11937000000000197,0.1435870359747023,-0.23206689391960383,0.004786234532490077,123.76311072389421,fast
548,376,2,0.344483,0.580198,0.0478691,0.0635398,1.0,0.03333333333333333,-0.002263000000000015,0.0032879999999999576,-0.06789000000000045,0.09863999999999873,0.11974515313781936,-0.715256485106488,0.003991505104593979,124.53809461870622,fast
549,376,2,0.340373,0.584951,0.047832,0.0643675,1.0,0.03333333333333333,-0.0041100000000000025,0.004753000000000007,-0.12330000000000008,0.14259000000000022,0.18850675876477238,2.0628481688085905,0.006283558625492412,130.85052986219654,fast
550,376,2,0.337581,0.58926,0.0479658,0.0653981,1.0,0.03333333333333333,-0.002791999999999961,0.004309000000000007,-0.08375999999999884,0.12927000000000022,0.15403399137852614,-1.0341830215873873,0.005134466379284204,122.94106483596875,fast
551,376,2,0.33414,0.595453,0.0496512,0.0683005,1.0,0.03333333333333333,-0.0034410000000000274,0.006193000000000004,-0.10323000000000082,0.18579000000000012,0.21254260043577197,1.755258271717375,0.007084753347859065,119.05774609021853,fast
552,376,2,0.3315,0.60246,0.0511525,0.0707478,1.0,0.03333333333333333,-0.0026399999999999757,0.0070069999999999855,-0.07919999999999927,0.21020999999999956,0.22463500194760322,0.3627720453549374,0.007487833398253441,110.64470780624322,fast
553,376,2,0.327114,0.607789,0.0526053,0.0735324,1.0,0.03333333333333333,-0.004386000000000001,0.005329000000000028,-0.13158000000000003,0.15987000000000084,0.20705485577498606,-0.5274043851785148,0.006901828525832868,129.45587390106738,fast
554,376,2,0.322267,0.61353,0.0547479,0.0769316,1.0,0.03333333333333333,-0.00484699999999999,0.005740999999999996,-0.1454099999999997,0.17222999999999988,0.2254046161905294,0.5504928124663003,0.007513487206350981,130.1736665864861,fast
555,376,2,0.318784,0.618674,0.0567685,0.080505,1.0,0.03333333333333333,-0.003483000000000014,0.005143999999999926,-0.10449000000000042,0.1543199999999978,0.18636743948447487,-1.1711153011816358,0.006212247982815829,124.10191062044032,fast
556,376,2,0.316208,0.626899,0.0557526,0.0791547,1.0,0.03333333333333333,-0.0025760000000000227,0.008225000000000038,-0.07728000000000068,0.24675000000000114,0.25856867733737715,2.1660371355870685,0.008618955911245906,107.39011208951604,fast
557,376,2,0.310471,0.634347,0.0576037,0.0820162,1.0,0.03333333333333333,-0.005736999999999992,0.00744800000000001,-0.17210999999999976,0.2234400000000003,0.28204128368024434,0.7041781902860156,0.00940137612267481,127.60612184777762,fast
558,376,2,0.305678,0.641319,0.0599862,0.085641,1.0,0.03333333333333333,-0.004792999999999992,0.006971999999999978,-0.14378999999999975,0.20915999999999935,0.25381778838371366,-0.8467048588959203,0.00846059294612379,124.5071278690076,fast
559,376,2,0.301372,0.649527,0.0616234,0.0878562,1.0,0.03333333333333333,-0.004306000000000032,0.008207999999999993,-0.12918000000000096,0.2462399999999998,0.27806763565722664,0.7274954182053894,0.009268921188574222,117.68195894631259,fast
560,376,2,0.296211,0.657514,0.0629016,0.0897094,1.0,0.03333333333333333,-0.005160999999999971,0.007987000000000077,-0.15482999999999913,0.23961000000000232,0.2852810561534026,0.2164026148852788,0.009509368538446753,122.86953535273858,fast
561,376,2,0.291443,0.666009,0.0681878,0.0980635,1.0,0.03333333333333333,-0.0047679999999999945,0.00849499999999992,-0.14303999999999983,0.2548499999999976,0.29224812078095336,0.2090119388265227,0.00974160402603178,119.3042486197503,fast
562,376,2,0.286671,0.674397,0.0686285,0.0987325,1.0,0.03333333333333333,-0.0047719999999999985,0.008388000000000062,-0.14315999999999995,0.25164000000000186,0.2895124784875445,-0.08206926880226506,0.009650415949584818,119.63589248993793,fast
563,376,2,0.280946,0.684144,0.0701989,0.100886,1.0,0.03333333333333333,-0.005725000000000036,0.00974699999999995,-0.17175000000000107,0.2924099999999985,0.33911896231263666,1.4881945147527642,0.011303965410421222,120.42828129926886,fast
564,376,2,0.274669,0.693691,0.072113,0.103502,1.0,0.03333333333333333,-0.006276999999999977,0.009546999999999972,-0.1883099999999993,0.28640999999999917,0.34277010400558455,0.1095342507884367,0.011425670133519486,123.32428077302836,fast
565,376,2,0.268379,0.703606,0.0763754,0.110226,1.0,0.03333333333333333,-0.006290000000000018,0.009915000000000007,-0.18870000000000053,0.2974500000000002,0.35225586226491723,0.2845727477799803,0.01174186207549724,122.39072862778312,fast
566,376,2,0.261979,0.713542,0.0785379,0.113249,1.0,0.03333333333333333,-0.006399999999999961,0.009936000000000056,-0.19199999999999884,0.2980800000000017,0.35456407939891565,0.06924651401995274,0.011818802646630521,122.7864913938298,fast
567,376,2,0.255023,0.724672,0.0812499,0.117334,1.0,0.03333333333333333,-0.006956000000000018,0.011129999999999973,-0.20868000000000053,0.3338999999999992,0.3937468125585269,1.1754819947883373,0.013124893751950896,122.00445773918511,fast
568,376,2,0.247696,0.737169,0.0841531,0.121591,1.0,0.03333333333333333,-0.007327,0.01249699999999998,-0.21981,0.3749099999999994,0.43459630026036755,1.2254846310552199,0.014486543342012253,120.38312635738475,fast
569,376,2,0.239273,0.749891,0.0879086,0.127275,1.0,0.03333333333333333,-0.008422999999999986,0.012722000000000011,-0.2526899999999996,0.38166000000000033,0.4577298239136271,0.6940057095977864,0.015257660797120903,123.5078031546991,fast
570,376,2,0.230789,0.763722,0.0911325,0.132102,1.0,0.03333333333333333,-0.00848400000000002,0.013831000000000038,-0.2545200000000006,0.41493000000000113,0.4867723649715555,0.8712762317378525,0.01622574549905185,121.5251472105789,fast
571,376,2,0.222004,0.778513,0.0954719,0.138419,1.0,0.03333333333333333,-0.008784999999999987,0.014790999999999999,-0.2635499999999996,0.44372999999999996,0.5160958393554436,0.8797042315166415,0.01720319464518145,120.70786640588545,fast
572,376,2,0.21228,0.794715,0.100745,0.146223,1.0,0.03333333333333333,-0.00972400000000001,0.01620199999999994,-0.2917200000000003,0.48605999999999816,0.566881717821274,1.5235763539749114,0.01889605726070913,120.97103667682381,fast
573,376,2,0.201287,0.811423,0.104948,0.152506,1.0,0.03333333333333333,-0.010993000000000003,0.016708000000000056,-0.3297900000000001,0.5012400000000017,0.6000024847448565,0.993623007707477,0.020000082824828548,123.34284870560975,fast
574,376,2,0.190268,0.829896,0.108605,0.157573,1.0,0.03333333333333333,-0.011019000000000001,0.01847299999999996,-0.33057000000000003,0.5541899999999989,0.6452930194880452,1.3587160422956601,0.021509767316268174,120.81574588586949,fast
575,376,2,0.178701,0.848966,0.114375,0.165844,1.0,0.03333333333333333,-0.011566999999999994,0.01907000000000003,-0.3470099999999998,0.5721000000000009,0.6691146016191852,0.7146474639342015,0.022303820053972842,121.23910686781812,fast
576,376,2,0.16503,0.871604,0.121885,0.177176,1.0,0.03333333333333333,-0.013670999999999989,0.022638000000000047,-0.41012999999999966,0.6791400000000014,0.7933711341484523,3.7276959758780115,0.02644570447161508,121.12761436803981,fast
577,376,2,0.150683,0.890345,0.130048,0.189197,1.0,0.03333333333333333,-0.014346999999999999,0.018741000000000008,-0.43040999999999996,0.5622300000000002,0.7080645034175913,-2.5591989219258293,0.023602150113919713,127.4355297348668,fast
578,376,2,0.135054,0.900935,0.134425,0.194908,1.0,0.03333333333333333,-0.015629000000000004,0.010589999999999988,-0.4688700000000001,0.31769999999999965,0.5663676958478475,-4.250904227092314,0.01887892319492825,145.8789617266932,fast
579,376,2,0.121138,0.915481,0.123303,0.169038,1.0,0.03333333333333333,-0.013916000000000012,0.014545999999999948,-0.41748000000000035,0.43637999999999844,0.6039180861673203,1.1265117095841848,0.02013060287224401,133.731977805082,fast
580,376,2,0.108303,0.930071,0.11586,0.139859,1.0,0.03333333333333333,-0.012835,0.014589999999999992,-0.38505,0.43769999999999976,0.5829620849592191,-0.6286800362430378,0.019432069498640635,131.33848055632973,fast
470,379,2,0.55003,0.415777,0.0171774,0.032592,,,,,0.0,0.0,0.0,0.0,0.0,0.0,stationary
471,379,2,0.550111,0.414932,0.0172873,0.0327854,1.0,0.03333333333333333,8.099999999999774e-05,-0.0008449999999999847,0.002429999999999932,-0.02534999999999954,0.025466201130124932,0.0,0.0008488733710041643,275.4755279597132,moving
472,382,7,0.59389,0.441265,0.0445211,0.0831963,,,,,0.0,0.0,0.0,0.0,0.0,0.0,stationary
473,382,7,0.593063,0.442829,0.0467265,0.0874484,1.0,0.03333333333333333,-0.0008270000000000222,0.0015639999999999543,-0.024810000000000665,0.04691999999999863,0.053075630000970354,0.0,0.0017691876666990117,117.86864923991425,fast
474,382,7,0.592235,0.442441,0.0463729,0.0869427,1.0,0.03333333333333333,-0.0008280000000000509,-0.00038799999999999946,-0.024840000000001528,-0.011639999999999984,0.02743201049868703,-0.7693085850684998,0.0009144003499562343,205.10774294664316,moving
475,382,7,0.591735,0.443342,0.0476345,0.0898252,1.0,0.03333333333333333,-0.0004999999999999449,0.0009010000000000407,-0.014999999999998348,0.02703000000000122,0.030913118574482524,0.10443324227386486,0.001030437285816084,119.02760071738288,fast
476,382,7,0.591204,0.44226,0.0463847,0.0880458,1.0,0.03333333333333333,-0.0005310000000000592,-0.0010820000000000274,-0.015930000000001776,-0.03246000000000082,0.036158214834254604,0.1573528877931624,0.0012052738278084869,243.86014160749897,fast
476,385,7,0.921826,0.887212,0.150876,0.215847,,,,,0.0,0.0,0.0,0.0,0.0,0.0,stationary
477,385,7,0.915891,0.878839,0.162368,0.232134,1.0,0.03333333333333333,-0.005935000000000024,-0.008372999999999964,-0.1780500000000007,-0.2511899999999989,0.30789319349410715,0.0,0.010263106449803572,234.66999464933747,fast
478,385,7,0.908976,0.866967,0.181325,0.259308,1.0,0.03333333333333333,-0.0069150000000000045,-0.011871999999999994,-0.20745000000000013,-0.3561599999999998,0.4121716245691835,3.12835293225229,0.013739054152306116,239.7807856209988,fast
480,385,7,0.895654,0.85181,0.201158,0.287234,2.0,0.06666666666666667,-0.013322000000000056,-0.015157000000000087,-0.19983000000000084,-0.2273550000000013,0.3026917985757145,-1.642197389902035,0.020179453238380968,228.68666799180596,fast
481,385,7,0.890056,0.842995,0.209962,0.299331,1.0,0.03333333333333333,-0.005597999999999992,-0.008814999999999906,-0.16793999999999976,-0.2644499999999972,0.31326928687632055,0.3173246490181819,0.010442309562544019,237.58225250124042,fast
482,385,7,0.885381,0.834637,0.218765,0.31134,1.0,0.03333333333333333,-0.004674999999999985,-0.008358000000000088,-0.14024999999999954,-0.2507400000000026,0.28729881673964686,-0.7791141041002109,0.009576627224654896,240.77977979006076,fast
483,385,7,0.880395,0.83101,0.227209,0.32254,1.0,0.03333333333333333,-0.004985999999999935,-0.003626999999999936,-0.14957999999999805,-0.10880999999999807,0.18496970697927537,-3.0698732928111445,0.0061656568993091795,216.03352232042147,fast
484,385,7,0.875641,0.826434,0.234391,0.331375,1.0,0.03333333333333333,-0.004754000000000036,-0.0045760000000000245,-0.14262000000000108,-0.13728000000000073,0.1979552040235379,0.3895649113278757,0.006598506800784595,223.90702983304223,fast
500,385,5,0.786102,0.763933,0.288285,0.426318,16.0,0.5333333333333333,-0.08953900000000004,-0.06250100000000003,-0.16788562500000007,-0.11718937500000005,0.20474113581430403,0.012723622107686516,0.10919527243429548,214.91623609793058,fast
502,385,5,0.771264,0.740541,0.263406,0.40361,2.0,0.06666666666666667,-0.014838000000000018,-0.02339199999999997,-0.22257000000000027,-0.3508799999999995,0.4155167617557682,3.1616343891219625,0.027701117450384543,237.61225010796096,fast
505,385,5,0.749737,0.704625,0.223986,0.354383,3.0,0.1,-0.021526999999999963,-0.03591600000000006,-0.21526999999999963,-0.3591600000000006,0.41873270531450046,0.032159435587322815,0.04187327053145004,239.06276048998464,fast
477,386,2,0.701056,0.948544,0.14711,0.101266,,,,,0.0,0.0,0.0,0.0,0.0,0.0,stationary
478,386,2,0.687404,0.934043,0.185557,0.128987,1.0,0.03333333333333333,-0.013651999999999997,-0.014501000000000097,-0.4095599999999999,-0.4350300000000029,0.5974868153357047,0.0,0.01991622717785682,226.72732493228,fast
479,386,2,0.676518,0.911779,0.212528,0.150134,1.0,0.03333333333333333,-0.010886000000000062,-0.02226399999999995,-0.32658000000000187,-0.6679199999999985,0.7434861281826307,4.379979385407781,0.024782870939421026,243.94364306678267,fast
481,387,2,0.664602,0.852697,0.0930798,0.134388,,,,,0.0,0.0,0.0,0.0,0.0,0.0,stationary
482,387,2,0.654179,0.830845,0.088733,0.128222,1.0,0.03333333333333333,-0.010423000000000071,-0.021852000000000094,-0.31269000000000213,-0.6555600000000028,0.7263153238780007,0.0,0.024210510795933355,244.49972090770075,fast
483,387,2,0.643943,0.804828,0.0806635,0.116832,1.0,0.03333333333333333,-0.010235999999999912,-0.026016999999999957,-0.30707999999999736,-0.7805099999999987,0.8387454837434275,3.3729047959628047,0.027958182791447586,248.52358417677502,fast
484,387,2,0.634981,0.782978,0.0765479,0.111108,1.0,0.03333333333333333,-0.008962000000000026,-0.021850000000000036,-0.26886000000000077,-0.6555000000000011,0.7084955536910601,-3.907497901571022,0.023616518456368668,247.6985142376078,fast
485,387,2,0.6287,0.76266,0.0691668,0.100571,1.0,0.03333333333333333,-0.006280999999999981,-0.020317999999999947,-0.18842999999999943,-0.6095399999999984,0.6380006869118543,-2.114846003376174,0.021266689563728475,252.82180318089596,fast
486,387,2,0.624013,0.744602,0.0687148,0.100103,1.0,0.03333333333333333,-0.004686999999999997,-0.01805800000000002,-0.1406099999999999,-0.5417400000000006,0.5596904498917241,-2.3493071106039056,0.01865634832972414,255.44979993504649,fast
487,387,2,0.619033,0.72719,0.0639779,0.093446,1.0,0.03333333333333333,-0.0049799999999999844,-0.017411999999999983,-0.14939999999999953,-0.5223599999999995,0.5433050060509284,-0.491563315223873,0.01811016686836428,254.03895948869513,fast
488,387,2,0.616026,0.710772,0.0635419,0.0931995,1.0,0.03333333333333333,-0.003007000000000093,-0.016418000000000044,-0.09021000000000279,-0.4925400000000013,0.5007329584718803,-1.2771614273714427,0.016691098615729344,259.6211589586125,fast
489,387,2,0.612787,0.699822,0.0616249,0.0907597,1.0,0.03333333333333333,-0.003238999999999992,-0.010949999999999904,-0.09716999999999976,-0.3284999999999971,0.3425700788159965,-4.744886389676513,0.011419002627199883,253.5218310134959,fast
490,387,2,0.609831,0.68648,0.0566566,0.0829621,1.0,0.03333333333333333,-0.0029559999999999587,-0.013342000000000076,-0.08867999999999876,-0.4002600000000023,0.40996610835531466,2.021880886179545,0.013665536945177156,257.5075734460596,fast
491,387,2,0.611912,0.677211,0.0584519,0.0836788,1.0,0.03333333333333333,0.0020809999999999995,-0.009268999999999972,0.062429999999999986,-0.27806999999999915,0.2849919819924756,-3.7492237908851718,0.009499732733082519,282.6537574886584,fast
492,387,2,0.602923,0.665615,0.0548956,0.079105,1.0,0.03333333333333333,-0.008989000000000025,-0.01159600000000005,-0.26967000000000074,-0.3478800000000015,0.44016179218555695,4.65509430579244,0.014672059739518566,232.21783373856994,fast
493,387,2,0.59824,0.654673,0.0513893,0.0743946,1.0,0.03333333333333333,-0.004682999999999993,-0.010942000000000007,-0.14048999999999978,-0.3282600000000002,0.3570603138126668,-2.4930443511867053,0.011902010460422226,246.82985415241836,fast
494,387,2,0.595978,0.645438,0.0494244,0.0717253,1.0,0.03333333333333333,-0.0022619999999999862,-0.009234999999999993,-0.06785999999999959,-0.2770499999999998,0.2852396923641586,-2.154618643455246,0.009507989745471953,256.2370647689976,fast
495,387,2,0.5926,0.635057,0.0483118,0.070501,1.0,0.03333333333333333,-0.003377999999999992,-0.010380999999999974,-0.10133999999999976,-0.3114299999999992,0.3275033442577334,1.2679095568072452,0.010916778141924448,251.97499920994193,fast
496,387,2,0.590311,0.625651,0.046032,0.0675935,1.0,0.03333333333333333,-0.0022889999999999855,-0.009406000000000025,-0.06866999999999956,-0.28218000000000076,0.29041542882567445,-1.1126374629617692,0.009680514294189148,256.3226310230668,fast
497,387,2,0.587906,0.617067,0.0468652,0.0691479,1.0,0.03333333333333333,-0.0024049999999999905,-0.008583999999999925,-0.07214999999999971,-0.25751999999999775,0.26743629690077375,-0.6893739577470209,0.00891454323002579,254.3485935461445,fast
498,387,2,0.585814,0.609462,0.0454678,0.067266,1.0,0.03333333333333333,-0.002092000000000094,-0.007605000000000084,-0.06276000000000281,-0.22815000000000252,0.2366246819332284,-0.9243484490263609,0.00788748939777428,254.61937117796379,fast
499,387,2,0.584799,0.602724,0.0437147,0.0647553,1.0,0.03333333333333333,-0.0010149999999999881,-0.006737999999999911,-0.030449999999999644,-0.20213999999999732,0.204420600967708,-0.9661224289656115,0.006814020032256933,261.43347780358226,fast
500,387,2,0.584347,0.596271,0.0409071,0.0597419,1.0,0.03333333333333333,-0.00045200000000000795,-0.006453000000000042,-0.013560000000000239,-0.19359000000000126,0.1940643236146214,-0.3106883205925984,0.006468810787154046,265.9932647310738,fast
501,387,2,0.58758,0.590956,0.0426547,0.0600906,1.0,0.03333333333333333,0.0032330000000000414,-0.005314999999999959,0.09699000000000124,-0.15944999999999876,0.18663162272240963,-0.2229810267663529,0.006221054090746988,301.31124831524943,fast
502,387,2,0.588304,0.584792,0.0429791,0.0582729,1.0,0.03333333333333333,0.0007240000000000579,-0.006164000000000058,0.021720000000001738,-0.18492000000000175,0.1861912049480338,-0.013212533231275192,0.006206373498267793,276.6990502986953,fast
503,387,2,0.58441,0.578238,0.0413746,0.0548587,1.0,0.03333333333333333,-0.003894000000000064,-0.006553999999999949,-0.11682000000000192,-0.19661999999999846,0.22870578654682053,1.2754374479636021,0.007623526218227351,239.28371762559766,fast
504,387,2,0.582689,0.572853,0.0413219,0.0537716,1.0,0.03333333333333333,-0.0017209999999999726,-0.005385000000000084,-0.05162999999999918,-0.16155000000000252,0.16959970341955416,-1.773182493817991,0.005653323447318472,252.27656433438182,fast
505,387,2,0.576486,0.565384,0.040001,0.052722,1.0,0.03333333333333333,-0.0062029999999999585,-0.007468999999999948,-0.18608999999999876,-0.22406999999999844,0.29126766555867273,3.650038864173557,0.009708922185289091,230.2903889915355,fast
506,387,2,0.573162,0.559877,0.0401634,0.0536388,1.0,0.03333333333333333,-0.0033240000000001046,-0.00550700000000004,-0.09972000000000314,-0.1652100000000012,0.19297259520460677,-2.9488521106219787,0.006432419840153559,238.88501119131288,fast
507,387,2,0.571326,0.554317,0.0372206,0.0501044,1.0,0.03333333333333333,-0.0018359999999999488,-0.005560000000000009,-0.055079999999998464,-0.16680000000000028,0.17565889217457772,-0.5194110909008715,0.005855296405819258,251.7259591864713,fast
508,387,2,0.570778,0.552696,0.0361628,0.0490391,1.0,0.03333333333333333,-0.0005479999999999929,-0.0016209999999999836,-0.016439999999999788,-0.04862999999999951,0.05133371698990776,-3.729755255540099,0.0017111238996635923,251.32151116739917,fast
510,387,2,0.568437,0.541508,0.0346666,0.0470062,2.0,0.06666666666666667,-0.0023410000000000375,-0.011187999999999976,-0.03511500000000056,-0.16781999999999964,0.17145441267287326,1.8018104352444824,0.01143029417819155,258.18182056644685,fast
511,387,2,0.568156,0.539906,0.0346017,0.0469218,1.0,0.03333333333333333,-0.0002809999999999757,-0.0016019999999999923,-0.008429999999999271,-0.04805999999999977,0.04879373422889424,-3.6798203533193705,0.001626457807629808,260.05119949175344,fast
513,387,2,0.56584,0.529499,0.0326554,0.0442623,2.0,0.06666666666666667,-0.0023159999999999847,-0.010406999999999944,-0.03473999999999977,-0.15610499999999916,0.15992385258303315,1.6669517753120837,0.01066159017220221,257.4537054061441,fast
514,387,2,0.565581,0.527986,0.0322045,0.0436299,1.0,0.03333333333333333,-0.0002590000000000092,-0.0015130000000000976,-0.007770000000000277,-0.04539000000000293,0.04605024429902919,-3.4162082485201193,0.001535008143300973,260.28608607498234,fast
518,387,2,0.564601,0.509924,0.033981,0.0454705,4.0,0.13333333333333333,-0.0009799999999999809,-0.01806199999999991,-0.007349999999999857,-0.13546499999999934,0.13566424998871227,0.6721050426726232,0.018088566665161638,266.89431616054776,fast
519,387,2,0.564676,0.508559,0.0344942,0.0456853,1.0,0.03333333333333333,7.499999999993623e-05,-0.0013650000000000606,0.002249999999998087,-0.04095000000000182,0.041011766604233724,-2.839574501534356,0.0013670588868077908,273.1449574646952,fast
520,387,2,0.563579,0.506879,0.0326042,0.0429101,1.0,0.03333333333333333,-0.0010969999999999036,-0.0016800000000000148,-0.03290999999999711,-0.050400000000000444,0.06019325626679333,0.5754446898767882,0.0020064418755597778,236.85641974255336,fast
521,387,2,0.559579,0.501683,0.0294795,0.0391277,1.0,0.03333333333333333,-0.0040000000000000036,-0.005195999999999978,-0.1200000000000001,-0.15587999999999935,0.1967195323296592,4.095788281885976,0.006557317744321973,232.4100981274296,fast
522,387,2,0.558171,0.500052,0.0282435,0.0377629,1.0,0.03333333333333333,-0.0014080000000000759,-0.001630999999999938,-0.042240000000002276,-0.04892999999999814,0.06464025448588526,-3.9623783353132183,0.002154675149529509,229.1968081505808,fast
523,387,2,0.558186,0.49789,0.0275611,0.036651,1.0,0.03333333333333333,1.4999999999987246e-05,-0.0021620000000000528,0.00044999999999961737,-0.06486000000000158,0.06486156103579534,0.006639196497302408,0.0021620520345265117,270.397512906156,fast
524,387,2,0.556875,0.493896,0.0258769,0.0345175,1.0,0.03333333333333333,-0.001310999999999951,-0.0039939999999999976,-0.03932999999999853,-0.11981999999999993,0.12610979858837246,1.8374471265773136,0.004203659952945749,251.8279728665343,fast
525,387,2,0.556448,0.492625,0.0251958,0.0336956,1.0,0.03333333333333333,-0.0004269999999999552,-0.0012710000000000221,-0.012809999999998656,-0.03813000000000066,0.04022428371021684,-2.5765654463446683,0.0013408094570072282,251.4299198721793,fast
526,387,2,0.557017,0.490711,0.0256388,0.034024,1.0,0.03333333333333333,0.0005689999999999307,-0.0019139999999999713,0.01706999999999792,-0.05741999999999914,0.05990360005875966,0.5903794904562845,0.001996786668625322,286.55632801796,fast
527,387,2,0.557662,0.488512,0.0268161,0.035457,1.0,0.03333333333333333,0.0006450000000000067,-0.0021990000000000065,0.0193500000000002,-0.0659700000000002,0.06874927926894968,0.2653703763057006,0.0022916426422983226,286.34721189942394,fast
528,387,2,0.557277,0.486939,0.0269559,0.0355614,1.0,0.03333333333333333,-0.0003849999999999687,-0.001572999999999991,-0.011549999999999061,-0.04718999999999973,0.04858290440062176,-0.6049912460498376,0.001619430146687392,256.2469294134779,fast
529,387,2,0.556863,0.484828,0.025919,0.0340688,1.0,0.03333333333333333,-0.00041400000000002546,-0.0021110000000000295,-0.012420000000000764,-0.06333000000000089,0.0645363874105154,0.4786044902968092,0.002151212913683847,258.90422706833397,fast
530,387,2,0.556313,0.482883,0.0253618,0.0332754,1.0,0.03333333333333333,-0.0005500000000000504,-0.0019449999999999745,-0.016500000000001513,-0.058349999999999236,0.06063804498827415,-0.11695027266723744,0.0020212681662758053,254.2103516720004,fast
531,387,2,0.555898,0.481299,0.0254559,0.0332506,1.0,0.03333333333333333,-0.0004149999999999432,-0.0015840000000000298,-0.012449999999998296,-0.047520000000000895,0.04912385265835776,-0.3454257698974918,0.0016374617552785918,255.3187712996098,fast
532,387,2,0.555553,0.478192,0.0258312,0.0335688,1.0,0.03333333333333333,-0.0003450000000000397,-0.003106999999999971,-0.010350000000001192,-0.09320999999999913,0.09378286943786622,1.3397705033852538,0.003126095647928874,263.6638562814609,fast
533,387,2,0.555729,0.47566,0.0262465,0.0337116,1.0,0.03333333333333333,0.000176000000000065,-0.0025319999999999787,0.00528000000000195,-0.07595999999999936,0.07614328598110226,-0.5291875037029188,0.0025381095327034085,273.9762492672063,fast
534,387,2,0.554991,0.472922,0.024683,0.0315118,1.0,0.03333333333333333,-0.0007380000000000164,-0.002738000000000018,-0.022140000000000493,-0.08214000000000055,0.08507149463833412,0.2678462597169558,0.0028357164879444707,254.91500311647994,fast
535,387,2,0.554506,0.470971,0.0243364,0.030737,1.0,0.03333333333333333,-0.0004849999999999577,-0.001951000000000036,-0.01454999999999873,-0.05853000000000108,0.06031138698454952,-0.742803229613538,0.002010379566151651,256.0397914222507,fast
536,387,2,0.553659,0.468684,0.0255235,0.0320644,1.0,0.03333333333333333,-0.0008470000000000422,-0.0022869999999999835,-0.025410000000001265,-0.0686099999999995,0.07316420026215004,0.3855843983280155,0.0024388066754050014,249.67767912868786,fast
538,387,2,0.552282,0.464778,0.0256763,0.0321426,2.0,0.06666666666666667,-0.0013769999999999616,-0.003905999999999965,-0.020654999999999424,-0.058589999999999476,0.06212420723840196,-0.16559989535622116,0.0041416138158934645,250.5806844740236,fast
539,387,2,0.550482,0.462983,0.0252028,0.0319057,1.0,0.03333333333333333,-0.0018000000000000238,-0.0017950000000000466,-0.054000000000000714,-0.0538500000000014,0.07626154011033495,0.4241199861579898,0.002542051337011165,224.92031190185133,fast
540,387,2,0.549737,0.461356,0.0245956,0.0314032,1.0,0.03333333333333333,-0.0007449999999999957,-0.0016269999999999896,-0.02234999999999987,-0.04880999999999969,0.053683690260636546,-0.6773354954909522,0.0017894563420212182,245.39705262191126,fast
541,387,2,0.549902,0.459666,0.0242864,0.0308328,1.0,0.03333333333333333,0.00016499999999997073,-0.0016899999999999693,0.004949999999999122,-0.05069999999999908,0.05094106889337814,-0.08227864101775215,0.0016980356297792714,275.57629328497904,fast
514,396,2,0.571176,0.530398,0.042135,0.0478259,,,,,0.0,0.0,0.0,0.0,0.0,0.0,stationary
517,401,2,0.481496,0.414345,0.0187707,0.0286853,,,,,0.0,0.0,0.0,0.0,0.0,0.0,stationary
518,401,2,0.481052,0.416284,0.0187737,0.0286995,1.0,0.03333333333333333,-0.00044399999999999995,0.0019389999999999685,-0.013319999999999999,0.058169999999999056,0.05967555026977037,0.0,0.0019891850089923456,102.89746514313151,fast
519,401,2,0.480903,0.416923,0.0187676,0.0287037,1.0,0.03333333333333333,-0.00014899999999995472,0.0006390000000000007,-0.004469999999998642,0.01917000000000002,0.019684252589315873,-1.1997389304136348,0.0006561417529771957,103.1255185050133,moving
520,401,2,0.481072,0.416739,0.0191418,0.0292636,1.0,0.03333333333333333,0.00016899999999997473,-0.00018399999999996197,0.005069999999999242,-0.005519999999998859,0.007495018345539904,-0.36567702731327906,0.00024983394485133013,312.5667989452644,slow
521,401,2,0.479863,0.417131,0.0189607,0.0290745,1.0,0.03333333333333333,-0.0012090000000000156,0.00039199999999994795,-0.03627000000000047,0.011759999999998438,0.03812886701699904,0.919015460143774,0.001270962233899968,162.03549612200436,fast
522,401,2,0.479449,0.417242,0.0188811,0.0290524,1.0,0.03333333333333333,-0.00041399999999996995,0.00011100000000002774,-0.012419999999999098,0.0033300000000008323,0.012858666338309862,-0.7581060203606752,0.0004286222112769954,164.99108632333673,moving
523,401,2,0.479159,0.417514,0.018995,0.0293315,1.0,0.03333333333333333,-0.00029000000000001247,0.00027199999999999447,-0.008700000000000374,0.008159999999999834,0.01192793360142501,-0.027921982106545555,0.000397597786714167,136.8344690323936,moving
524,401,2,0.478143,0.418026,0.0205487,0.0320658,1.0,0.03333333333333333,-0.0010160000000000169,0.0005120000000000124,-0.030480000000000507,0.015360000000000373,0.03413151036798756,0.6661073029968766,0.0011377170122662521,153.25477400955367,fast
525,401,2,0.477784,0.418188,0.0209881,0.033111,1.0,0.03333333333333333,-0.0003589999999999982,0.00016199999999999548,-0.010769999999999946,0.004859999999999864,0.011815773355984683,-0.6694721103600864,0.0003938591118661561,155.71255778125658,moving
526,401,2,0.477674,0.418999,0.0213994,0.0340868,1.0,0.03333333333333333,-0.00010999999999999899,0.0008110000000000062,-0.0032999999999999696,0.024330000000000185,0.024552777846915994,0.3821101347279393,0.0008184259282305331,97.72417740921298,moving
527,401,2,0.477319,0.41952,0.0215902,0.0347654,1.0,0.03333333333333333,-0.0003549999999999942,0.0005209999999999937,-0.010649999999999826,0.01562999999999981,0.018913471389461808,-0.16917919372362558,0.0006304490463153936,124.26981145691968,moving
528,401,2,0.477285,0.420422,0.0216191,0.035145,1.0,0.03333333333333333,-3.399999999997849e-05,0.0009020000000000139,-0.0010199999999993548,0.027060000000000417,0.027079217123100536,0.24497237200916186,0.0009026405707700179,92.15868588086067,moving
529,401,2,0.47679,0.421412,0.0213344,0.0349883,1.0,0.03333333333333333,-0.0004950000000000232,0.0009899999999999909,-0.014850000000000696,0.029699999999999727,0.03320560946587194,0.1837917702831422,0.0011068536488623981,116.56505117707928,fast
530,401,2,0.476226,0.423319,0.021516,0.0356669,1.0,0.03333333333333333,-0.0005640000000000089,0.001906999999999992,-0.016920000000000268,0.05720999999999976,0.05965962202360975,0.7936203767321341,0.0019886540674536584,106.47571400594632,fast
531,401,2,0.475824,0.424349,0.0214201,0.0359893,1.0,0.03333333333333333,-0.00040199999999995795,0.0010299999999999754,-0.012059999999998738,0.03089999999999926,0.03317007084707423,-0.7946865352960655,0.0011056690282358079,111.32026712234176,fast
532,401,2,0.475636,0.424731,0.0214076,0.0363589,1.0,0.03333333333333333,-0.00018800000000002148,0.00038200000000004897,-0.0056400000000006445,0.011460000000001469,0.012772673956538659,-0.6119219067160673,0.00042575579855128867,116.20394810417088,moving
537,401,2,0.473645,0.432308,0.020235,0.0341745,5.0,0.16666666666666666,-0.0019910000000000205,0.007577,-0.011946000000000123,0.045462,0.04700532267733095,0.20539589232475375,0.007834220446221826,104.72271690869661,fast
538,401,2,0.472989,0.433076,0.0202511,0.0340514,1.0,0.03333333333333333,-0.0006559999999999899,0.0007679999999999909,-0.019679999999999698,0.023039999999999727,0.030300891076005927,-0.5011329480397507,0.0010100297025335309,130.50284838533213,fast
539,401,2,0.472372,0.435121,0.0194358,0.0325498,1.0,0.03333333333333333,-0.0006169999999999787,0.0020449999999999635,-0.01850999999999936,0.061349999999998905,0.0640815308805887,1.013419194137483,0.0021360510293529566,106.7891662391267,fast
540,401,2,0.472014,0.437297,0.0186355,0.0307504,1.0,0.03333333333333333,-0.00035800000000002496,0.0021760000000000113,-0.010740000000000749,0.06528000000000034,0.06615758459919815,0.06228161155828374,0.0022052528199732716,99.34272481005718,fast
541,401,2,0.47147,0.438738,0.0184947,0.0299704,1.0,0.03333333333333333,-0.0005439999999999889,0.0014410000000000256,-0.016319999999999668,0.04323000000000077,0.04620795710697515,-0.5984888247666901,0.0015402652368991718,110.68230471170375,fast
542,401,2,0.470718,0.439711,0.0187899,0.0299516,1.0,0.03333333333333333,-0.0007519999999999749,0.0009730000000000016,-0.022559999999999247,0.02919000000000005,0.0368918649569247,-0.2794827645015135,0.0012297288318974902,127.6992678822512,fast
543,401,2,0.470415,0.441148,0.0189506,0.0298038,1.0,0.03333333333333333,-0.0003029999999999977,0.001436999999999966,-0.009089999999999931,0.04310999999999898,0.04405791869800378,0.21498161223237236,0.0014685972899334593,101.90674192524955,fast
544,401,2,0.469873,0.443245,0.0196905,0.0307833,1.0,0.03333333333333333,-0.0005420000000000424,0.0020970000000000155,-0.016260000000001273,0.06291000000000047,0.064977347591296,0.6275828667987666,0.0021659115863765332,104.49177702116242,fast
545,401,2,0.469175,0.444853,0.0201972,0.031605,1.0,0.03333333333333333,-0.0006979999999999764,0.0016079999999999983,-0.020939999999999293,0.04823999999999995,0.05258879348302227,-0.371656623248212,0.001752959782767409,113.46468135938176,fast
546,401,2,0.468329,0.446755,0.0200938,0.0315605,1.0,0.03333333333333333,-0.0008460000000000134,0.0019020000000000148,-0.025380000000000402,0.057060000000000444,0.06244988390701836,0.29583271271988276,0.002081662796900612,113.97925683465365,fast
547,401,2,0.467607,0.44793,0.019654,0.0308381,1.0,0.03333333333333333,-0.0007220000000000004,0.0011749999999999816,-0.021660000000000013,0.03524999999999945,0.04137291505320796,-0.632309065614312,0.0013790971684402653,121.5693976053808,fast
548,401,2,0.467131,0.449194,0.0204495,0.0321236,1.0,0.03333333333333333,-0.00047599999999997644,0.0012639999999999874,-0.014279999999999293,0.03791999999999962,0.04051968410538205,-0.025596928434777344,0.0013506561368460685,110.63548472433047,fast
549,401,2,0.466672,0.450125,0.0201694,0.0314875,1.0,0.03333333333333333,-0.0004590000000000427,0.0009310000000000151,-0.013770000000001281,0.027930000000000454,0.031139971098253456,-0.28139139021385784,0.0010379990366084486,116.24413892166115,fast
550,401,2,0.465598,0.450678,0.0204902,0.0317602,1.0,0.03333333333333333,-0.0010739999999999639,0.0005530000000000257,-0.032219999999998916,0.01659000000000077,0.03624026076065066,0.15300868987191601,0.0012080086920216886,152.7561709004981,fast
551,401,2,0.465446,0.454039,0.0227316,0.0350498,1.0,0.03333333333333333,-0.00015199999999998548,0.003361000000000003,-0.004559999999999564,0.10083000000000009,0.10093305949984878,1.9407839621759435,0.003364435316661626,92.58941635756435,fast
552,401,2,0.465077,0.455161,0.0232152,0.0357808,1.0,0.03333333333333333,-0.0003690000000000082,0.0011219999999999564,-0.011070000000000246,0.03365999999999869,0.035433606929014684,-1.9649835771250226,0.0011811202309671561,108.20484652782585,fast
553,401,2,0.464569,0.457229,0.0230112,0.0353327,1.0,0.03333333333333333,-0.0005080000000000084,0.0020680000000000143,-0.015240000000000253,0.06204000000000043,0.06388442063602097,0.8535244112101885,0.0021294806878673655,103.80131903699282,fast
554,401,2,0.463752,0.458364,0.0229787,0.0353278,1.0,0.03333333333333333,-0.0008170000000000122,0.0011349999999999971,-0.024510000000000365,0.034049999999999914,0.04195405343944745,-0.6579110158972056,0.0013984684479815815,125.74723748084148,fast
555,401,2,0.46341,0.46037,0.0231113,0.0354137,1.0,0.03333333333333333,-0.00034200000000000896,0.0020060000000000078,-0.010260000000000269,0.06018000000000023,0.0610483415008142,0.5728286418410026,0.002034944716693807,99.67524786035597,fast
556,401,2,0.462457,0.461381,0.0229102,0.0352503,1.0,0.03333333333333333,-0.0009529999999999816,0.0010109999999999841,-0.02858999999999945,0.030329999999999524,0.04168089490401975,-0.5810233979038335,0.001389363163467325,133.30845740287572,fast
557,401,2,0.46157,0.462532,0.0225397,0.0345278,1.0,0.03333333333333333,-0.0008870000000000267,0.0011510000000000131,-0.0266100000000008,0.034530000000000394,0.04359372661289775,0.05738495126634005,0.0014531242204299253,127.61907711498532,fast
558,401,2,0.460287,0.463966,0.023674,0.03658,1.0,0.03333333333333333,-0.0012829999999999786,0.0014339999999999908,-0.03848999999999936,0.043019999999999725,0.057725215460835894,0.42394466543814424,0.0019241738486945297,131.8190019371405,fast
559,401,2,0.458669,0.465456,0.0238675,0.0373433,1.0,0.03333333333333333,-0.0016180000000000083,0.0014899999999999913,-0.04854000000000025,0.04469999999999974,0.06598652589733757,0.24783931309505028,0.0021995508632445854,137.35833899956913,fast
560,401,2,0.457912,0.467138,0.0239173,0.0376113,1.0,0.03333333333333333,-0.0007570000000000077,0.0016820000000000168,-0.02271000000000023,0.050460000000000504,0.05533494104090165,-0.31954754569307764,0.0018444980346967216,114.23057802650317,fast
561,401,2,0.457204,0.468426,0.0238236,0.0375853,1.0,0.03333333333333333,-0.0007079999999999864,0.0012880000000000114,-0.021239999999999593,0.03864000000000034,0.044092938210103544,-0.33726008492394316,0.0014697646070034513,118.79713074585135,fast
562,401,2,0.456867,0.470078,0.0227041,0.0353761,1.0,0.03333333333333333,-0.0003369999999999762,0.0016519999999999868,-0.010109999999999286,0.049559999999999604,0.05058068504874115,0.1946324051591282,0.0016860228349580382,101.52986401264599,fast
563,401,2,0.456657,0.471252,0.0230967,0.0356822,1.0,0.03333333333333333,-0.00021000000000004349,0.0011740000000000084,-0.0063000000000013046,0.03522000000000025,0.035779021786516665,-0.44404989786673454,0.0011926340595505556,100.14156210344333,fast
564,401,2,0.456167,0.472273,0.0238637,0.0368468,1.0,0.03333333333333333,-0.0004899999999999904,0.0010209999999999941,-0.014699999999999713,0.030629999999999824,0.033974798012644324,-0.054126713216170255,0.0011324932670881442,115.63735699262622,fast
565,401,2,0.455578,0.474478,0.0253048,0.0389404,1.0,0.03333333333333333,-0.0005890000000000062,0.0022050000000000125,-0.017670000000000186,0.06615000000000038,0.06846934642597413,1.0348364523998943,0.002282311547532471,104.95567380768097,fast
566,401,2,0.454343,0.475565,0.0267394,0.0411238,1.0,0.03333333333333333,-0.0012349999999999861,0.0010870000000000046,-0.03704999999999958,0.03261000000000014,0.04935701165994532,-0.5733700429808644,0.0016452337219981772,138.64699401364157,fast
567,401,2,0.452788,0.478684,0.0255034,0.0386606,1.0,0.03333333333333333,-0.001554999999999973,0.003118999999999983,-0.04664999999999919,0.09356999999999949,0.1045541362166023,1.6559137366997094,0.0034851378738867435,116.49888130843118,fast
568,401,2,0.452336,0.481373,0.0248805,0.0370178,1.0,0.03333333333333333,-0.00045200000000000795,0.002688999999999997,-0.013560000000000239,0.08066999999999991,0.08180172675439065,-0.6825722838663494,0.002726724225146355,99.54177488402388,fast
569,401,2,0.452594,0.484651,0.0259027,0.0378186,1.0,0.03333333333333333,0.00025799999999998047,0.003278000000000003,0.007739999999999414,0.0983400000000001,0.0986441240013819,0.5052719174097373,0.00328813746671273,85.49972544642208,fast
570,401,2,0.452068,0.486847,0.0280331,0.0408951,1.0,0.03333333333333333,-0.0005259999999999709,0.0021959999999999757,-0.015779999999999128,0.06587999999999927,0.06774350743798166,-0.9270184969020071,0.0022581169145993885,103.47007374228508,fast
571,401,2,0.450245,0.48774,0.0284665,0.0419476,1.0,0.03333333333333333,-0.001823000000000019,0.0008930000000000327,-0.05469000000000057,0.02679000000000098,0.06089909851549623,-0.20533226767456295,0.002029969950516541,153.901989335895,fast
572,401,2,0.448641,0.488849,0.0286164,0.0428321,1.0,0.03333333333333333,-0.0016039999999999943,0.0011089999999999711,-0.04811999999999983,0.033269999999999134,0.05850151536498799,-0.07192749451524719,0.0019500505121662665,145.34015343445128,fast
573,401,2,0.447304,0.491755,0.0286355,0.0428154,1.0,0.03333333333333333,-0.0013370000000000326,0.0029060000000000197,-0.04011000000000098,0.08718000000000059,0.0959643918336389,1.1238862940595276,0.003198813061121297,114.70633562650892,fast
574,401,2,0.445504,0.495319,0.027271,0.0407973,1.0,0.03333333333333333,-0.0017999999999999683,0.0035640000000000116,-0.05399999999999905,0.10692000000000035,0.11978266318628908,0.7145481405795052,0.003992755439542969,116.79608129397297,fast
575,401,2,0.44416,0.498577,0.0271861,0.0410024,1.0,0.03333333333333333,-0.0013440000000000119,0.003257999999999983,-0.040320000000000356,0.0977399999999995,0.10572989170523125,-0.4215831444317347,0.0035243297235077087,112.41727463899741,fast
576,401,2,0.443435,0.500258,0.0275182,0.041966,1.0,0.03333333333333333,-0.0007249999999999757,0.001680999999999988,-0.02174999999999927,0.05042999999999964,0.05492037326894212,-1.524285553088674,0.0018306791089647372,113.33009687750035,fast
577,401,2,0.442586,0.503185,0.028324,0.0434354,1.0,0.03333333333333333,-0.0008490000000000442,0.002927000000000013,-0.025470000000001325,0.08781000000000039,0.09142930055512913,1.0952678185856102,0.0030476433518376376,106.17522855183915,fast
578,401,2,0.442333,0.507571,0.028886,0.044035,1.0,0.03333333333333333,-0.0002530000000000032,0.004386000000000001,-0.007590000000000097,0.13158000000000003,0.13179872723209435,1.2110828003089567,0.004393290907736478,93.30136490505055,fast
579,401,2,0.441256,0.510476,0.0289969,0.0439591,1.0,0.03333333333333333,-0.0010769999999999946,0.0029050000000000464,-0.03230999999999984,0.08715000000000139,0.09294653624530734,-1.1655657296036102,0.003098217874843578,110.34176333655506,fast
580,401,2,0.439728,0.512262,0.0291585,0.0442734,1.0,0.03333333333333333,-0.0015279999999999738,0.0017859999999999543,-0.045839999999999215,0.05357999999999863,0.07051327534585088,-0.6729978269836939,0.0023504425115283625,130.54841438358824,fast
581,401,2,0.438335,0.514383,0.0307089,0.0469054,1.0,0.03333333333333333,-0.001393000000000033,0.0021210000000000395,-0.04179000000000099,0.06363000000000119,0.0761260861991488,0.16838432559893785,0.0025375362066382937,123.29553511169377,fast
582,401,2,0.436662,0.516751,0.0322365,0.0495201,1.0,0.03333333333333333,-0.00167299999999998,0.0023679999999999257,-0.0501899999999994,0.07103999999999777,0.08698113416137791,0.32565143886687326,0.002899371138712597,125.24133483661865,fast
583,401,2,0.434689,0.519857,0.0323148,0.049687,1.0,0.03333333333333333,-0.0019730000000000025,0.003106000000000053,-0.059190000000000076,0.0931800000000016,0.11039007428206715,0.7022682036206772,0.003679669142735572,122.4246171629988,fast
584,401,2,0.433802,0.524095,0.0323291,0.0495621,1.0,0.03333333333333333,-0.0008869999999999711,0.004237999999999964,-0.026609999999999134,0.12713999999999892,0.12989484862764836,0.5851432303674362,0.004329828287588279,101.82118712788935,fast
585,401,2,0.432302,0.527344,0.032701,0.0501322,1.0,0.03333333333333333,-0.0015000000000000013,0.0032490000000000574,-0.04500000000000004,0.09747000000000172,0.10735641992913297,-0.6761528609554616,0.003578547330971099,114.7818500693001,fast
586,401,2,0.430674,0.531085,0.0326186,0.0501103,1.0,0.03333333333333333,-0.0016280000000000183,0.0037409999999999943,-0.04884000000000055,0.11222999999999983,0.12239656245172907,0.45120427567788296,0.004079885415057636,113.51760398045622,fast
587,401,2,0.429759,0.534528,0.0336112,0.0516689,1.0,0.03333333333333333,-0.0009149999999999991,0.003442999999999974,-0.027449999999999974,0.10328999999999922,0.10687528526277644,-0.46563831566857894,0.003562509508759214,104.88272536023999,fast
588,401,2,0.427851,0.538321,0.0335097,0.0519296,1.0,0.03333333333333333,-0.0019080000000000208,0.0037930000000000463,-0.057240000000000624,0.11379000000000139,0.1273757500468609,0.6150139435225342,0.004245858334895364,116.70385466884,fast
589,401,2,0.425767,0.542373,0.0340885,0.0535311,1.0,0.03333333333333333,-0.0020839999999999748,0.0040519999999999445,-0.06251999999999924,0.12155999999999834,0.13669522303284595,0.27958418957955117,0.004556507434428199,117.21738953958629,fast
590,401,2,0.424223,0.546356,0.0351724,0.0557053,1.0,0.03333333333333333,-0.0015439999999999898,0.003982999999999959,-0.046319999999999695,0.11948999999999876,0.1281538235871239,-0.25624198337166143,0.004271794119570797,111.18869703705269,fast
591,401,2,0.422636,0.549642,0.0352916,0.0561967,1.0,0.03333333333333333,-0.001587000000000005,0.003286000000000011,-0.04761000000000015,0.09858000000000033,0.10947478476800071,-0.5603711645736958,0.0036491594922666904,115.77859152761039,fast
592,401,2,0.420942,0.554023,0.0360217,0.0574601,1.0,0.03333333333333333,-0.0016940000000000288,0.004381000000000079,-0.050820000000000864,0.13143000000000238,0.1409131551701285,0.943151112063834,0.004697105172337616,111.13997650478638,fast
593,401,2,0.418521,0.557759,0.0372215,0.0593279,1.0,0.03333333333333333,-0.0024210000000000065,0.0037359999999999616,-0.0726300000000002,0.11207999999999885,0.1335553941254331,-0.22073283134086213,0.00445184647084777,122.94401511846439,fast
594,401,2,0.416465,0.563048,0.0381195,0.06126,1.0,0.03333333333333333,-0.0020560000000000023,0.005288999999999988,-0.06168000000000007,0.15866999999999964,0.1702368682160239,1.1004442227177242,0.0056745622738674645,111.24266350221217,fast
595,401,2,0.414609,0.567884,0.0379246,0.0608626,1.0,0.03333333333333333,-0.0018559999999999688,0.0048360000000000625,-0.055679999999999064,0.14508000000000187,0.1553977760458638,-0.4451727651048032,0.00517992586819546,110.99621563235723,fast
596,401,2,0.413142,0.573406,0.0386992,0.0620182,1.0,0.03333333333333333,-0.001466999999999996,0.005521999999999916,-0.04400999999999988,0.16565999999999748,0.17140628839105979,0.48025537035587956,0.005713542946368659,104.87780212129849,fast
597,401,2,0.411894,0.579146,0.0396078,0.0637836,1.0,0.03333333333333333,-0.0012480000000000269,0.005740000000000078,-0.037440000000000806,0.17220000000000235,0.17622313582501267,0.1445054230185866,0.0058741045275004225,102.26643135206427,fast
598,401,2,0.409544,0.583951,0.0411145,0.0665941,1.0,0.03333333333333333,-0.0023499999999999632,0.004804999999999948,-0.0704999999999989,0.14414999999999845,0.16046642172117942,-0.4727014231149976,0.005348880724039313,116.06204931315392,fast
599,401,2,0.407637,0.588873,0.0420521,0.0681877,1.0,0.03333333333333333,-0.001906999999999992,0.004921999999999982,-0.05720999999999976,0.14765999999999946,0.15835548522233076,-0.06332809496545994,0.005278516174077692,111.17856616804067,fast
600,401,2,0.405323,0.594591,0.0440161,0.0720266,1.0,0.03333333333333333,-0.0023140000000000382,0.005718000000000001,-0.06942000000000115,0.17154000000000003,0.18505433796590712,0.8009655823072909,0.006168477932196903,112.03253697173926,fast
601,401,2,0.403096,0.601224,0.0447701,0.073882,1.0,0.03333333333333333,-0.002226999999999979,0.006633,-0.06680999999999937,0.19899,0.20990616046224064,0.7455546748900058,0.0069968720154080215,108.55924571807918,fast
520,403,2,0.738601,0.961473,0.246182,0.0728725,,,,,0.0,0.0,0.0,0.0,0.0,0.0,stationary
522,404,2,0.717919,0.91927,0.15343,0.158746,,,,,0.0,0.0,0.0,0.0,0.0,0.0,stationary
523,404,7,0.708624,0.910465,0.170976,0.177494,1.0,0.03333333333333333,-0.009294999999999942,-0.008805000000000063,-0.27884999999999827,-0.2641500000000019,0.3840996550375957,0.0,0.012803321834586524,223.44927754567803,fast
524,404,7,0.687293,0.89015,0.198976,0.208936,1.0,0.03333333333333333,-0.02133099999999999,-0.020314999999999972,-0.6399299999999997,-0.6094499999999992,0.8837079310496192,14.988248280360706,0.029456931034987307,223.6024836158851,fast
525,404,7,0.679633,0.882841,0.206557,0.220092,1.0,0.03333333333333333,-0.00766,-0.00730900000000001,-0.2298,-0.2192700000000003,0.31762772690683055,-16.982406124283656,0.010587590896894353,223.65674834799458,fast
526,404,7,0.670629,0.860512,0.195886,0.212305,1.0,0.03333333333333333,-0.009004000000000012,-0.022328999999999932,-0.27012000000000036,-0.669869999999998,0.722281545728532,12.139614564651042,0.0240760515242844,248.03861721347522,fast
522,405,7,0.718416,0.9233,0.154885,0.153401,,,,,0.0,0.0,0.0,0.0,0.0,0.0,stationary
528,410,2,0.655636,0.812103,0.105219,0.180172,,,,,0.0,0.0,0.0,0.0,0.0,0.0,stationary
529,410,2,0.647821,0.792573,0.0988448,0.169172,1.0,0.03333333333333333,-0.007815000000000016,-0.019530000000000047,-0.2344500000000005,-0.5859000000000014,0.631067042793396,0.0,0.0210355680931132,248.1910036784816,fast
530,410,7,0.639503,0.769896,0.0918184,0.157114,1.0,0.03333333333333333,-0.008317999999999937,-0.022676999999999947,-0.2495399999999981,-0.6803099999999984,0.7246322568724062,2.806956422370306,0.02415440856241354,249.85679264296536,fast
531,410,7,0.632927,0.75239,0.0889438,0.152274,1.0,0.03333333333333333,-0.006576000000000026,-0.01750600000000002,-0.1972800000000008,-0.5251800000000006,0.5610110790349875,-4.908635335122561,0.01870036930116625,249.4116807241703,fast
532,410,2,0.626537,0.733532,0.0838894,0.143494,1.0,0.03333333333333333,-0.006390000000000007,-0.01885800000000004,-0.1917000000000002,-0.5657400000000012,0.59733628518616,1.0897561845351755,0.019911209506205334,251.28114073781052,fast
533,410,2,0.621167,0.718828,0.0797819,0.13652,1.0,0.03333333333333333,-0.005369999999999986,-0.01470399999999994,-0.16109999999999958,-0.4411199999999982,0.46961693368105695,-3.8315805451530918,0.015653897789368567,249.93746546280877,fast
534,410,2,0.616659,0.705696,0.0786691,0.134944,1.0,0.03333333333333333,-0.0045080000000000675,-0.013132000000000033,-0.13524000000000203,-0.393960000000001,0.4165265168029538,-1.5927125063430954,0.013884217226765125,251.05349531049072,fast
535,410,2,0.61182,0.693776,0.0749126,0.128608,1.0,0.03333333333333333,-0.004838999999999927,-0.011920000000000042,-0.1451699999999978,-0.35760000000000125,0.3859431161453722,-0.9175020197274475,0.012864770538179074,247.9049933587235,fast
536,410,2,0.607976,0.68166,0.0707871,0.121419,1.0,0.03333333333333333,-0.0038440000000000696,-0.012115999999999905,-0.11532000000000209,-0.36347999999999714,0.3813350400894185,-0.13824228167861108,0.012711168002980616,252.39751486880243,fast
537,410,7,0.603994,0.670583,0.0692192,0.11903,1.0,0.03333333333333333,-0.00398199999999993,-0.011077000000000004,-0.1194599999999979,-0.3323100000000001,0.353129760428089,-0.8461583898398839,0.011770992014269633,250.22732014537928,fast
538,410,2,0.600971,0.661142,0.0673024,0.116057,1.0,0.03333333333333333,-0.003022999999999998,-0.009441000000000033,-0.09068999999999994,-0.283230000000001,0.2973952067535732,-1.672036610235474,0.00991317355845244,252.24497938006658,fast
539,410,2,0.597419,0.650477,0.0644514,0.111085,1.0,0.03333333333333333,-0.0035519999999999996,-0.010665000000000036,-0.10655999999999999,-0.31995000000000107,0.3372284627667135,1.1949976803942075,0.011240948758890451,251.57955766158022,fast
540,410,2,0.593749,0.641468,0.0619712,0.106972,1.0,0.03333333333333333,-0.003670000000000062,-0.009008999999999934,-0.11010000000000186,-0.270269999999998,0.2918353695150732,-1.361792797549208,0.00972784565050244,247.83547236684154,fast
541,410,2,0.591125,0.632286,0.0603161,0.104532,1.0,0.03333333333333333,-0.0026239999999999597,-0.009182000000000023,-0.07871999999999879,-0.2754600000000007,0.2864874342794116,-0.16043805706984882,0.009549581142647054,254.05130754377407,fast
542,410,2,0.587228,0.62406,0.0578508,0.100816,1.0,0.03333333333333333,-0.0038970000000000393,-0.008226000000000067,-0.11691000000000118,-0.246780000000002,0.27307199874758536,-0.40246306595478676,0.009102399958252846,244.65112943455372,fast
543,410,2,0.584951,0.616776,0.0552705,0.096756,1.0,0.03333333333333333,-0.0022769999999999735,-0.007283999999999957,-0.0683099999999992,-0.21851999999999872,0.22894813058856656,-1.3237160447705643,0.00763160435295222,252.64060090327914,fast
544,410,2,0.583044,0.60914,0.0532372,0.0936189,1.0,0.03333333333333333,-0.001906999999999992,-0.007635999999999976,-0.05720999999999976,-0.22907999999999928,0.23611571421656724,0.21502750884002053,0.007870523807218907,255.97788140424447,fast
545,410,2,0.580713,0.601407,0.0522432,0.092111,1.0,0.03333333333333333,-0.002330999999999972,-0.00773299999999999,-0.06992999999999916,-0.2319899999999997,0.2423005674776676,0.1855455978330106,0.00807668558258892,253.22533354606094,fast
546,410,2,0.579336,0.594704,0.0514482,0.0907042,1.0,0.03333333333333333,-0.0013770000000000726,-0.0067030000000000145,-0.04131000000000218,-0.20109000000000044,0.20528931828032446,-1.1103374759202942,0.006842977276010815,258.39120998555006,fast
547,410,2,0.576264,0.589235,0.0506659,0.0897143,1.0,0.03333333333333333,-0.0030719999999999636,-0.005469000000000057,-0.09215999999999891,-0.16407000000000171,0.18818190800393209,-0.5132223082917712,0.0062727302667977365,240.67657854274182,fast
549,410,2,0.571606,0.576294,0.0471942,0.084134,2.0,0.06666666666666667,-0.004658000000000051,-0.01294099999999998,-0.06987000000000076,-0.1941149999999997,0.20630668948194578,0.2718717221702054,0.013753779298796384,250.20410251740367,fast
528,411,2,0.39699,0.510554,0.0483778,0.0492953,,,,,0.0,0.0,0.0,0.0,0.0,0.0,stationary
531,411,2,0.390833,0.519322,0.0480597,0.0490976,3.0,0.1,-0.0061570000000000236,0.008767999999999998,-0.061570000000000236,0.08767999999999998,0.10713844921408947,0.0,0.010713844921408946,125.07701376076909,fast
532,411,2,0.388448,0.520365,0.0514871,0.0527705,1.0,0.03333333333333333,-0.0023849999999999705,0.0010430000000000161,-0.07154999999999911,0.031290000000000484,0.07809267955448772,-0.8713730897880524,0.002603089318482924,156.37944456655168,fast
535,411,2,0.381241,0.527087,0.0553475,0.0574522,3.0,0.1,-0.007207000000000019,0.006722000000000006,-0.07207000000000019,0.06722000000000006,0.09855259154380486,0.2045991198931714,0.009855259154380486,136.99420138172377,fast
540,411,2,0.372103,0.54999,0.0516168,0.0532244,5.0,0.16666666666666666,-0.00913799999999998,0.022903000000000007,-0.05482799999999988,0.13741800000000004,0.14795207436193653,0.29639689690879,0.024658679060322753,111.75135858882913,fast
541,411,2,0.371679,0.553372,0.0554052,0.0572349,1.0,0.03333333333333333,-0.00042400000000003546,0.003381999999999996,-0.012720000000001064,0.10145999999999988,0.10225424196579819,-1.3709349718841501,0.003408474732193273,97.14586634052682,fast
542,411,2,0.369553,0.556384,0.0586394,0.0608758,1.0,0.03333333333333333,-0.0021259999999999613,0.0030120000000000147,-0.06377999999999884,0.09036000000000044,0.11060207050503137,0.2504348561769956,0.0036867356835010457,125.21609925685414,fast
546,411,2,0.358164,0.574485,0.0585562,0.0608483,4.0,0.13333333333333333,-0.011389000000000038,0.018101000000000034,-0.08541750000000028,0.13575750000000025,0.16039404014021255,0.3734397722638588,0.021385872018695008,122.17776445261671,fast
548,411,2,0.353199,0.581023,0.0646415,0.0679539,2.0,0.06666666666666667,-0.004964999999999997,0.006537999999999933,-0.07447499999999996,0.09806999999999899,0.12314321144504797,-0.5587624304274686,0.008209547429669865,127.21327457993999,fast
537,416,2,0.60538,0.674254,0.0699186,0.119132,,,,,0.0,0.0,0.0,0.0,0.0,0.0,stationary
541,418,2,0.435661,0.442051,0.0227889,0.0334926,,,,,0.0,0.0,0.0,0.0,0.0,0.0,stationary
542,418,2,0.43418,0.442387,0.0227846,0.0335648,1.0,0.03333333333333333,-0.00148100000000001,0.00033599999999994745,-0.0444300000000003,0.010079999999998424,0.04555909678648157,0.0,0.0015186365595493854,167.21747362002043,fast
543,418,2,0.432584,0.443322,0.0234066,0.0346711,1.0,0.03333333333333333,-0.0015959999999999863,0.0009350000000000191,-0.04787999999999959,0.028050000000000574,0.0554914128491967,0.29796948188145406,0.00184971376163989,149.6365388952305,fast
544,418,2,0.431585,0.444468,0.0235403,0.0350676,1.0,0.03333333333333333,-0.0009990000000000276,0.0011459999999999804,-0.02997000000000083,0.03437999999999941,0.045609048444360346,-0.2964709321450907,0.0015203016148120116,131.07956594220832,fast
545,418,2,0.430571,0.446387,0.0230573,0.0343726,1.0,0.03333333333333333,-0.0010140000000000149,0.001919000000000004,-0.030420000000000447,0.05757000000000012,0.06511283514023976,0.5851136008763823,0.002170427838007992,117.85198227360877,fast
546,418,2,0.4301,0.448051,0.0229181,0.0339886,1.0,0.03333333333333333,-0.0004709999999999992,0.0016639999999999988,-0.014129999999999976,0.049919999999999964,0.05188124227502649,-0.39694778595639807,0.001729374742500883,105.80431841280449,fast
547,418,2,0.429451,0.449899,0.0217362,0.0316746,1.0,0.03333333333333333,-0.0006489999999999552,0.0018480000000000163,-0.019469999999998655,0.05544000000000049,0.058759463067662575,0.20634662377908258,0.0019586487689220856,109.35078913786981,fast
548,418,2,0.427981,0.451162,0.0225017,0.0324931,1.0,0.03333333333333333,-0.0014700000000000268,0.0012630000000000141,-0.044100000000000805,0.03789000000000042,0.058141741459988135,-0.018531648230233205,0.001938058048666271,139.33136649134127,fast
549,418,2,0.426496,0.451303,0.0234716,0.0338454,1.0,0.03333333333333333,-0.001485000000000014,0.00014100000000000223,-0.04455000000000042,0.004230000000000067,0.04475036759625599,-0.4017412159119644,0.0014916789198751996,174.57605535900802,fast
550,418,2,0.425024,0.451518,0.0243637,0.0350452,1.0,0.03333333333333333,-0.0014719999999999733,0.00021499999999996522,-0.0441599999999992,0.006449999999998957,0.04462855700109422,-0.003654317854853012,0.0014876185667031406,171.69015104245364,fast
551,418,2,0.424294,0.452623,0.0242446,0.0344693,1.0,0.03333333333333333,-0.0007300000000000084,0.0011050000000000226,-0.021900000000000253,0.03315000000000068,0.039730750055845365,-0.14693420835746568,0.0013243583351948453,123.45008660676382,fast
552,418,2,0.42369,0.453529,0.0249485,0.0351901,1.0,0.03333333333333333,-0.0006039999999999934,0.0009060000000000179,-0.018119999999999803,0.027180000000000537,0.03266629455570408,-0.2119336650042386,0.001088876485190136,123.69006752597898,fast
554,418,2,0.421524,0.458907,0.022496,0.0313475,2.0,0.06666666666666667,-0.0021660000000000013,0.005377999999999994,-0.03249000000000002,0.08066999999999991,0.08696694199522016,0.8145097115927412,0.005797796133014677,111.93720731303893,fast
555,418,2,0.420537,0.460734,0.0226283,0.0312585,1.0,0.03333333333333333,-0.0009870000000000156,0.0018269999999999675,-0.02961000000000047,0.054809999999999026,0.06229677519743635,-0.7401050039335143,0.0020765591732478782,118.37924308610877,fast
556,418,2,0.419367,0.461571,0.0227779,0.0312509,1.0,0.03333333333333333,-0.0011700000000000044,0.0008370000000000322,-0.03510000000000013,0.025110000000000965,0.043156947297046604,-0.5741948370116924,0.0014385649099015532,144.4206525575437,fast
557,418,2,0.418523,0.461914,0.0238069,0.0325607,1.0,0.03333333333333333,-0.0008440000000000114,0.0003429999999999822,-0.025320000000000342,0.010289999999999466,0.0273310537667322,-0.4747768059094321,0.00091103512555774,157.88326837163982,moving
558,418,2,0.417682,0.46299,0.024662,0.0337211,1.0,0.03333333333333333,-0.0008409999999999807,0.0010760000000000214,-0.02522999999999942,0.03228000000000064,0.0409701269219417,0.409172194656285,0.0013656708973980567,128.01113032452787,fast
559,418,2,0.416205,0.46423,0.0258608,0.0355651,1.0,0.03333333333333333,-0.001477000000000006,0.0012399999999999634,-0.04431000000000018,0.0371999999999989,0.057855130282455806,0.5065501008154232,0.0019285043427485268,139.98521008772462,fast
560,418,2,0.415054,0.465479,0.0268709,0.037109,1.0,0.03333333333333333,-0.0011510000000000131,0.0012490000000000001,-0.034530000000000394,0.03747,0.05095411465230289,-0.2070304689045876,0.0016984704884100963,132.66172134418548,fast
561,418,2,0.413919,0.466097,0.0279742,0.0389481,1.0,0.03333333333333333,-0.0011349999999999971,0.0006180000000000074,-0.034049999999999914,0.018540000000000223,0.03877027340630967,-0.3655152373797966,0.001292342446876989,151.4319999911885,fast
562,418,2,0.412724,0.466754,0.0281345,0.0393283,1.0,0.03333333333333333,-0.0011950000000000016,0.0006570000000000187,-0.03585000000000005,0.01971000000000056,0.04091095941187429,0.06422058016693863,0.0013636986470624763,151.1984098068416,fast
563,418,2,0.411949,0.46758,0.0283517,0.0397653,1.0,0.03333333333333333,-0.0007749999999999702,0.0008259999999999934,-0.023249999999999105,0.024779999999999802,0.033979565918356706,-0.20794180480552746,0.0011326521972785568,133.17545473799714,fast
564,418,2,0.411062,0.468526,0.028702,0.0405097,1.0,0.03333333333333333,-0.0008870000000000267,0.0009460000000000024,-0.0266100000000008,0.028380000000000072,0.038903939389219266,0.1477312041258768,0.0012967979796406424,133.15641883139506,fast
565,418,2,0.409595,0.46945,0.0295138,0.0419084,1.0,0.03333333333333333,-0.001466999999999996,0.0009239999999999804,-0.04400999999999988,0.027719999999999412,0.0520122918164539,0.393250572817039,0.0017337430605484632,147.79494412065776,fast
566,418,2,0.408621,0.470745,0.0299154,0.0425748,1.0,0.03333333333333333,-0.0009739999999999749,0.0012950000000000461,-0.029219999999999247,0.03885000000000138,0.048612044803732164,-0.10200741038165206,0.001620401493457739,126.94768747395779,fast
567,418,2,0.406862,0.472525,0.0295625,0.0422134,1.0,0.03333333333333333,-0.0017590000000000106,0.0017799999999999483,-0.05277000000000032,0.05339999999999845,0.07507484865119521,0.7938841154238914,0.0025024949550398403,134.66001773156063,fast
568,418,2,0.405428,0.473743,0.0300233,0.0430259,1.0,0.03333333333333333,-0.0014339999999999908,0.0012180000000000524,-0.043019999999999725,0.03654000000000157,0.05644370646936726,-0.5589342654548386,0.0018814568823122418,139.65634634889466,fast
569,418,2,0.403599,0.475625,0.0299713,0.0433487,1.0,0.03333333333333333,-0.001829000000000025,0.0018819999999999948,-0.05487000000000075,0.056459999999999844,0.07873022608884128,0.6685955885842207,0.002624340869628043,134.18176505681686,fast
570,418,2,0.403575,0.47598,0.0337242,0.0493601,1.0,0.03333333333333333,-2.399999999996849e-05,0.0003549999999999942,-0.0007199999999990547,0.010649999999999826,0.01067431028216788,-2.041677474200202,0.00035581034273892933,93.86763228691706,moving
571,418,2,0.403586,0.477004,0.0356979,0.0528378,1.0,0.03333333333333333,1.0999999999983245e-05,0.0010239999999999694,0.00032999999999949736,0.03071999999999908,0.030721772409806423,0.6014238638291562,0.0010240590803268807,89.3845416663055,fast
572,418,2,0.40435,0.477541,0.0380942,0.0567233,1.0,0.03333333333333333,0.0007639999999999869,0.0005370000000000097,0.022919999999999607,0.01611000000000029,0.028015326162655885,-0.08119338741451612,0.0009338442054218629,35.10260056387358,moving
573,418,2,0.403761,0.478831,0.0394142,0.0589231,1.0,0.03333333333333333,-0.0005890000000000062,0.0012900000000000134,-0.017670000000000186,0.0387000000000004,0.04254314163293583,0.43583446410839827,0.0014181047210978608,114.54092449266807,fast
574,418,2,0.401904,0.481086,0.0400481,0.0603152,1.0,0.03333333333333333,-0.0018569999999999975,0.002255000000000007,-0.055709999999999926,0.06765000000000021,0.08763633150697273,1.352795696221107,0.002921211050232424,129.4715692357575,fast
575,418,2,0.401163,0.482158,0.0407272,0.0615812,1.0,0.03333333333333333,-0.0007409999999999917,0.0010719999999999619,-0.02222999999999975,0.032159999999998856,0.03909524907197696,-1.456232473049873,0.0013031749690658987,124.65344343461362,fast
576,418,2,0.397975,0.484258,0.0393146,0.0597159,1.0,0.03333333333333333,-0.0031879999999999686,0.0021000000000000463,-0.09563999999999906,0.06300000000000139,0.11452514832996287,2.2628969777395773,0.0038175049443320954,146.626296538955,fast
577,418,2,0.395422,0.485901,0.0393311,0.060142,1.0,0.03333333333333333,-0.0025530000000000275,0.0016430000000000056,-0.07659000000000082,0.04929000000000017,0.0910798122527717,-0.703360082315735,0.003035993741759057,147.23642576195329,fast
578,418,2,0.393727,0.486458,0.0418819,0.0649773,1.0,0.03333333333333333,-0.001695000000000002,0.0005569999999999742,-0.05085000000000006,0.016709999999999225,0.05352519593611947,-1.126638489499567,0.0017841731978706491,161.80877510730045,fast
556,430,5,0.614671,0.487357,0.054549,0.117407,,,,,0.0,0.0,0.0,0.0,0.0,0.0,stationary
557,430,7,0.613926,0.486007,0.0539451,0.116169,1.0,0.03333333333333333,-0.0007449999999999957,-0.0013499999999999623,-0.02234999999999987,-0.04049999999999887,0.04625767503885061,0.0,0.0015419225012950203,241.10780869918136,fast
558,430,2,0.613015,0.484884,0.0531951,0.114738,1.0,0.03333333333333333,-0.0009109999999999951,-0.0011230000000000406,-0.027329999999999854,-0.03369000000000122,0.04338139001922454,-0.08628855058878213,0.0014460463339741512,230.95034636241562,fast
565,430,7,0.607518,0.471506,0.0473946,0.102398,7.0,0.23333333333333334,-0.005496999999999974,-0.013378000000000001,-0.023558571428571318,-0.05733428571428572,0.06198569678661719,0.07973274328882564,0.014463329250210677,247.66231344091938,fast
566,430,7,0.606501,0.469731,0.0460344,0.0995458,1.0,0.03333333333333333,-0.0010170000000000456,-0.001774999999999971,-0.03051000000000137,-0.05324999999999913,0.061371187050602106,-0.018435292080452442,0.0020457062350200702,240.18911377192336,fast
567,430,7,0.605778,0.46851,0.0454188,0.0978878,1.0,0.03333333333333333,-0.0007229999999999182,-0.0012210000000000276,-0.021689999999997545,-0.03663000000000083,0.04257009513731387,-0.5640327573986471,0.001419003171243796,239.36863004811946,fast
573,440,2,0.399733,0.482754,0.0277223,0.0471028,,,,,0.0,0.0,0.0,0.0,0.0,0.0,stationary
574,440,2,0.397282,0.484642,0.0279525,0.0475034,1.0,0.03333333333333333,-0.002450999999999981,0.0018880000000000008,-0.07352999999999943,0.056640000000000024,0.09281568024854378,0.0,0.0030938560082847924,142.39301733183459,fast
575,440,2,0.395692,0.486365,0.0278737,0.0473382,1.0,0.03333333333333333,-0.0015900000000000358,0.0017229999999999746,-0.047700000000001075,0.05168999999999924,0.07033595168901906,-0.6743918567857417,0.002344531722967302,132.7011020363741,fast
576,440,2,0.393669,0.490294,0.0263557,0.0444674,1.0,0.03333333333333333,-0.002022999999999997,0.003929000000000016,-0.06068999999999991,0.11787000000000047,0.13257681924077114,1.8672260265525624,0.004419227308025704,117.24345345738493,fast
577,440,2,0.391667,0.493208,0.0254723,0.0425055,1.0,0.03333333333333333,-0.0020020000000000038,0.002913999999999972,-0.06006000000000011,0.08741999999999917,0.10606347156302148,-0.7954004303324896,0.003535449052100716,124.49016056150941,fast
578,440,2,0.390136,0.49475,0.026948,0.044625,1.0,0.03333333333333333,-0.0015310000000000046,0.0015420000000000433,-0.04593000000000014,0.0462600000000013,0.06518859179335088,-1.2262463930901182,0.0021729530597783624,134.79490696947755,fast
579,440,2,0.388036,0.496586,0.0277167,0.0457113,1.0,0.03333333333333333,-0.0020999999999999908,0.0018360000000000043,-0.06299999999999972,0.05508000000000013,0.08368277242061223,0.5548254188178406,0.0027894257473537413,138.83726211732744,fast
580,440,2,0.3862,0.499326,0.0282599,0.0464032,1.0,0.03333333333333333,-0.0018360000000000043,0.0027399999999999647,-0.05508000000000013,0.08219999999999894,0.09894769527381544,0.4579476855960965,0.0032982565091271817,123.82497156750213,fast
581,440,2,0.384569,0.501303,0.029953,0.0491044,1.0,0.03333333333333333,-0.0016309999999999936,0.001977000000000062,-0.04892999999999981,0.05931000000000186,0.07688836713053673,-0.6617798442983613,0.002562945571017891,129.52220016141706,fast
582,440,2,0.383141,0.503633,0.0312317,0.0511822,1.0,0.03333333333333333,-0.0014279999999999848,0.0023299999999999432,-0.042839999999999545,0.0698999999999983,0.0819833861218218,0.15285056973855182,0.0027327795373940597,121.5031134457297,fast
583,440,2,0.381598,0.505689,0.0327782,0.0537486,1.0,0.03333333333333333,-0.0015430000000000166,0.0020560000000000578,-0.0462900000000005,0.06168000000000173,0.07711800373453828,-0.14596147161850537,0.0025706001244846094,126.88772874447056,fast
584,440,2,0.37998,0.507533,0.0326599,0.053381,1.0,0.03333333333333333,-0.0016180000000000083,0.0018439999999999568,-0.04854000000000025,0.055319999999998704,0.07359642654368403,-0.10564731572562741,0.0024532142181228015,131.26502044725828,fast
585,440,2,0.378735,0.510026,0.0316093,0.051049,1.0,0.03333333333333333,-0.0012449999999999961,0.0024929999999999675,-0.03734999999999988,0.07478999999999902,0.08359764709607469,0.3000366165717196,0.002786588236535823,116.53746534410476,fast
586,440,2,0.376855,0.511538,0.0321097,0.0513998,1.0,0.03333333333333333,-0.0018799999999999928,0.0015120000000000688,-0.056399999999999784,0.045360000000002065,0.0723774108406771,-0.3366070876619276,0.002412580361355903,141.19183428484064,fast
587,440,2,0.374869,0.512928,0.0332572,0.0529318,1.0,0.03333333333333333,-0.0019859999999999878,0.0013900000000000023,-0.05957999999999963,0.04170000000000007,0.07272321775059161,0.010374207297435267,0.0024241072583530534,145.0118524462148,fast
588,440,2,0.372899,0.515049,0.0348659,0.0554778,1.0,0.03333333333333333,-0.0019700000000000273,0.0021209999999999285,-0.05910000000000082,0.06362999999999785,0.08684231054042622,0.4235727836950384,0.002894743684680874,132.88615570905472,fast
589,440,2,0.370474,0.51801,0.0368598,0.0587482,1.0,0.03333333333333333,-0.002424999999999955,0.0029609999999999914,-0.07274999999999865,0.08882999999999974,0.11481868924526076,0.839291361145036,0.003827289641508692,129.31679288636008,fast
590,440,2,0.368074,0.521649,0.0376145,0.0602489,1.0,0.03333333333333333,-0.0024000000000000132,0.003639000000000059,-0.0720000000000004,0.10917000000000177,0.13077495517108942,0.47868797777485983,0.004359165172369646,123.40572356003707,fast
591,440,2,0.366097,0.524048,0.0369065,0.0590232,1.0,0.03333333333333333,-0.0019770000000000065,0.002398999999999929,-0.059310000000000196,0.07196999999999787,0.09325962148754259,-1.1254600105064048,0.003108654049584753,129.49170880584205,fast
592,440,2,0.363804,0.526513,0.0379176,0.0601154,1.0,0.03333333333333333,-0.0022929999999999895,0.0024650000000000505,-0.06878999999999968,0.07395000000000151,0.10099834949146536,0.23216184011768295,0.0033666116497155117,132.9296795572128,fast
593,440,2,0.361523,0.529062,0.0381953,0.0601798,1.0,0.03333333333333333,-0.002281000000000033,0.0025490000000000235,-0.06843000000000099,0.0764700000000007,0.10261737572165955,0.04857078690582578,0.003420579190721985,131.8241118886275,fast
594,440,2,0.358646,0.533296,0.0384151,0.0604027,1.0,0.03333333333333333,-0.002876999999999963,0.00423399999999996,-0.08630999999999889,0.1270199999999988,0.15356919124615948,1.5285544657349979,0.005118973041538649,124.19608016411576,fast
595,440,2,0.356258,0.536546,0.03982,0.0630088,1.0,0.03333333333333333,-0.0023880000000000012,0.003249999999999975,-0.07164000000000004,0.09749999999999925,0.1209898326306796,-0.9773807584643963,0.004032994421022653,126.3073009516321,fast
596,440,2,0.353489,0.540304,0.0409993,0.0649426,1.0,0.03333333333333333,-0.0027690000000000214,0.003758000000000039,-0.08307000000000064,0.11274000000000117,0.1400390391997902,0.5714761970733178,0.00466796797332634,126.3838317394115,fast
597,440,2,0.35121,0.542569,0.0421296,0.0670654,1.0,0.03333333333333333,-0.0022789999999999755,0.0022649999999999615,-0.06836999999999926,0.06794999999999884,0.09639325391333017,-1.3093735585938004,0.0032131084637776726,135.1765269311395,fast
598,440,2,0.34853,0.546709,0.0423344,0.0668571,1.0,0.03333333333333333,-0.0026800000000000157,0.0041400000000000325,-0.08040000000000047,0.12420000000000098,0.14795201924948614,1.546762960084679,0.004931733974982871,122.91671814404674,fast
599,440,2,0.345814,0.549839,0.0427087,0.067296,1.0,0.03333333333333333,-0.002715999999999996,0.003129999999999966,-0.08147999999999989,0.09389999999999898,0.12432296811128582,-0.7088715341460098,0.0041440989370428605,130.94921008942208,fast
600,440,2,0.343226,0.552716,0.0436268,0.0688505,1.0,0.03333333333333333,-0.0025880000000000347,0.0028770000000000184,-0.07764000000000104,0.08631000000000055,0.11609214314500468,-0.24692474898843408,0.0038697381048334893,131.97290560944697,fast
601,440,2,0.339647,0.556462,0.0449584,0.0708168,1.0,0.03333333333333333,-0.003578999999999999,0.003746000000000027,-0.10736999999999997,0.11238000000000081,0.1554270931980656,1.1800485015918278,0.005180903106602188,133.6939606986292,fast
586,450,2,0.478875,0.419479,0.020543,0.0299506,,,,,0.0,0.0,0.0,0.0,0.0,0.0,stationary
587,450,2,0.478658,0.41985,0.0208321,0.0303967,1.0,0.03333333333333333,-0.00021700000000002273,0.0003710000000000102,-0.006510000000000682,0.011130000000000306,0.01289406840372796,0.0,0.0004298022801242653,120.32360686255191,moving
588,450,2,0.478301,0.420705,0.0211854,0.0309417,1.0,0.03333333333333333,-0.0003569999999999962,0.0008549999999999947,-0.010709999999999886,0.02564999999999984,0.027796161605516494,0.447062796053656,0.0009265387201838831,112.66267623236183,moving
589,450,2,0.4782,0.420564,0.0213648,0.0312701,1.0,0.03333333333333333,-0.00010099999999996223,-0.00014100000000000223,-0.003029999999998867,-0.004230000000000067,0.005203248985008665,-0.6777873786152349,0.00017344163283362216,234.38551826005363,slow
590,450,2,0.478321,0.424138,0.0198507,0.0289944,1.0,0.03333333333333333,0.00012099999999998223,0.0035740000000000216,0.003629999999999467,0.10722000000000065,0.10728143035959269,3.062345441237521,0.003576047678653089,88.06095625462899,fast
591,450,2,0.477903,0.425605,0.0195479,0.028456,1.0,0.03333333333333333,-0.00041799999999997395,0.001466999999999996,-0.012539999999999218,0.04400999999999988,0.04576168375398757,-1.8455923981681535,0.0015253894584662524,105.90412024519821,fast
592,450,2,0.477703,0.423421,0.0217562,0.0318069,1.0,0.03333333333333333,-0.00020000000000003348,-0.0021840000000000193,-0.0060000000000010045,-0.06552000000000058,0.06579415171578769,0.6009740388540035,0.002193138390526256,264.7677271218673,fast
593,450,2,0.477603,0.425363,0.0204765,0.0298954,1.0,0.03333333333333333,-9.999999999998899e-05,0.0019419999999999993,-0.0029999999999996696,0.05825999999999998,0.05833718882496821,-0.22370888672458436,0.0019445729608322737,92.94774556391991,fast
594,450,2,0.477095,0.427041,0.0216358,0.0316609,1.0,0.03333333333333333,-0.0005080000000000084,0.0016780000000000128,-0.015240000000000253,0.050340000000000384,0.05259632306540112,-0.17222597278701263,0.0017532107688467042,106.84323463549231,fast
599,450,2,0.474681,0.438355,0.0188574,0.0270709,5.0,0.16666666666666666,-0.0024139999999999717,0.01131399999999999,-0.01448399999999983,0.06788399999999994,0.06941198536275985,0.10089397378415234,0.011568664227126641,102.04425428391801,fast
600,450,2,0.474367,0.440664,0.0182911,0.0256262,1.0,0.03333333333333333,-0.00031400000000003647,0.0023090000000000055,-0.009420000000001094,0.06927000000000016,0.06990757684257154,0.014867744394350818,0.002330252561419051,97.74412582202467,fast
601,450,2,0.4733,0.441512,0.0182494,0.0249081,1.0,0.03333333333333333,-0.0010669999999999846,0.0008480000000000154,-0.03200999999999954,0.025440000000000462,0.04088806305023501,-0.8705854137700958,0.001362935435007834,141.5240208190785,fast
